author,episode_number,episode_title,quote,quote_order,season
Monica,1.0,Monica Gets A Roommate,There's nothing to tell! He's just some guy I work with!,0.0,1.0
Joey,1.0,Monica Gets A Roommate,"C'mon, you're going out with the guy! There's gotta be something wrong with him!",1.0,1.0
Chandler,1.0,Monica Gets A Roommate,"All right Joey, be nice. So does he have a hump? A hump and a hairpiece?",2.0,1.0
Phoebe,1.0,Monica Gets A Roommate,"Wait, does he eat chalk?",3.0,1.0
Phoebe,1.0,Monica Gets A Roommate,"Just, 'cause, I don't want her to go through what I went through with Carl- oh!",4.0,1.0
Monica,1.0,Monica Gets A Roommate,"Okay, everybody relax. This is not even a date. It's just two people going out to dinner and- not having sex.",5.0,1.0
Chandler,1.0,Monica Gets A Roommate,Sounds like a date to me.,6.0,1.0
Chandler,1.0,Monica Gets A Roommate,"Alright, so I'm back in high school, I'm standing in the middle of the cafeteria, and I realize I am totally naked.",7.0,1.0
All,1.0,Monica Gets A Roommate,"Oh, yeah. Had that dream.",8.0,1.0
Chandler,1.0,Monica Gets A Roommate,"Then I look down, and I realize there's a phone... there.",9.0,1.0
Joey,1.0,Monica Gets A Roommate,Instead of...?,10.0,1.0
Chandler,1.0,Monica Gets A Roommate,That's right.,11.0,1.0
Joey,1.0,Monica Gets A Roommate,Never had that dream.,12.0,1.0
Phoebe,1.0,Monica Gets A Roommate,No.,13.0,1.0
Chandler,1.0,Monica Gets A Roommate,"All of a sudden, the phone starts to ring. Now I don't know what to do, everybody starts looking at me.",14.0,1.0
Monica,1.0,Monica Gets A Roommate,And they weren't looking at you before?!,15.0,1.0
Chandler,1.0,Monica Gets A Roommate,"Finally, I figure I'd better answer it, and it turns out it's my mother, which is very-very weird, because- she never calls me!",16.0,1.0
Ross,1.0,Monica Gets A Roommate,(mortified) Hi.,17.0,1.0
Joey,1.0,Monica Gets A Roommate,"This guy says hello, I wanna kill myself.",18.0,1.0
Monica,1.0,Monica Gets A Roommate,"Are you okay, sweetie?",19.0,1.0
Ross,1.0,Monica Gets A Roommate,"I just feel like someone reached down my throat, grabbed my small intestine, pulled it out of my mouth and tied it around my neck...",20.0,1.0
Chandler,1.0,Monica Gets A Roommate,Cookie?,21.0,1.0
Monica,1.0,Monica Gets A Roommate,(explaining to the others) Carol moved her stuff out today.,22.0,1.0
Joey,1.0,Monica Gets A Roommate,Ohh.,23.0,1.0
Monica,1.0,Monica Gets A Roommate,(to Ross) Let me get you some coffee.,24.0,1.0
Ross,1.0,Monica Gets A Roommate,Thanks.,25.0,1.0
Phoebe,1.0,Monica Gets A Roommate,Ooh! Oh! (She starts to pluck at the air just in front of Ross.),26.0,1.0
Ross,1.0,Monica Gets A Roommate,"No, no don't! Stop cleansing my aura! No, just leave my aura alone, okay?",27.0,1.0
Phoebe,1.0,Monica Gets A Roommate,Fine! Be murky!,28.0,1.0
Ross,1.0,Monica Gets A Roommate,"I'll be fine, alright? Really, everyone. I hope she'll be very happy.",29.0,1.0
Monica,1.0,Monica Gets A Roommate,No you don't.,30.0,1.0
Ross,1.0,Monica Gets A Roommate,"No I don't, to hell with her, she left me!",31.0,1.0
Joey,1.0,Monica Gets A Roommate,And you never knew she was a lesbian...,32.0,1.0
Ross,1.0,Monica Gets A Roommate,"No!! Okay?! Why does everyone keep fixating on that? She didn't know, how should I know?",33.0,1.0
Chandler,1.0,Monica Gets A Roommate,Sometimes I wish I was a lesbian... (They all stare at him.) Did I say that out loud?,34.0,1.0
Ross,1.0,Monica Gets A Roommate,"I told mom and dad last night, they seemed to take it pretty well.",35.0,1.0
Monica,1.0,Monica Gets A Roommate,"Oh really, so that hysterical phone call I got from a woman at sobbing 3:00 A.M., ""I'll never have grandchildren, I'll never have grandchildren."" was what? A wrong number?",36.0,1.0
Ross,1.0,Monica Gets A Roommate,Sorry.,37.0,1.0
Joey,1.0,Monica Gets A Roommate,"Alright Ross, look. You're feeling a lot of pain right now. You're angry. You're hurting. Can I tell you what the answer is?",38.0,1.0
Joey,1.0,Monica Gets A Roommate,"Strip joint! C'mon, you're single! Have some hormones!",39.0,1.0
Ross,1.0,Monica Gets A Roommate,"I don't want to be single, okay? I just... I just- I just wanna be married again!",40.0,1.0
Chandler,1.0,Monica Gets A Roommate,And I just want a million dollars! (He extends his hand hopefully.),41.0,1.0
Monica,1.0,Monica Gets A Roommate,Rachel?!,42.0,1.0
Rachel,1.0,Monica Gets A Roommate,"Oh God Monica hi! Thank God! I just went to your building and you weren't there and then this guy with a big hammer said you might be here and you are, you are!",43.0,1.0
Waitress,1.0,Monica Gets A Roommate,Can I get you some coffee?,44.0,1.0
Monica,1.0,Monica Gets A Roommate,"(pointing at Rachel) De-caff. (to All) Okay, everybody, this is Rachel, another Lincoln High survivor. (to Rachel) This is everybody, this is Chandler, and Phoebe, and Joey, and- you remember my brother Ross?",45.0,1.0
Rachel,1.0,Monica Gets A Roommate,"Hi, sure!",46.0,1.0
Ross,1.0,Monica Gets A Roommate,Hi.,47.0,1.0
Monica,1.0,Monica Gets A Roommate,"So you wanna tell us now, or are we waiting for four wet bridesmaids?",48.0,1.0
Rachel,1.0,Monica Gets A Roommate,"Oh God... well, it started about a half hour before the wedding. I was in the room where we were keeping all the presents, and I was looking at this gravy boat. This really gorgeous Lamauge gravy boat. When all of a sudden- (to the waitress that brought her coffee)Sweet 'n' Lo?- I realized that I was more turned on by this gravy boat than by Barry! And then I got really freaked out, and that's when it hit me: how much Barry looks like Mr. Potato Head. Y'know, I mean, I always knew looked familiar, but... Anyway, I just had to get out of there, and I started wondering 'Why am I doing this, and who am I doing this for?'. (to Monica) So anyway I just didn't know where to go, and I know that you and I have kinda drifted apart, but you're the only person I knew who lived here in the city.",49.0,1.0
Monica,1.0,Monica Gets A Roommate,Who wasn't invited to the wedding.,50.0,1.0
Rachel,1.0,Monica Gets A Roommate,"Ooh, I was kinda hoping that wouldn't be an issue...Scene: Monica's Apartment, everyone is there and watching a Spanish Soap on TV and are trying to figure out what is going on.]",51.0,1.0
Monica,1.0,Monica Gets A Roommate,"Now I'm guessing that he bought her the big pipe organ, and she's really not happy about it.",52.0,1.0
Chandler,1.0,Monica Gets A Roommate,(imitating the characters) Tuna or egg salad? Decide!,53.0,1.0
Ross,1.0,Monica Gets A Roommate,(in a deep voice) I'll have whatever Christine is having.,54.0,1.0
Rachel,1.0,Monica Gets A Roommate,"(on phone) Daddy, I just... I can't marry him! I'm sorry. I just don't love him. Well, it matters to me!",55.0,1.0
Phoebe,1.0,Monica Gets A Roommate,"If I let go of my hair, my head will fall off.",56.0,1.0
Chandler,1.0,Monica Gets A Roommate,"(re TV) Ooh, she should not be wearing those pants.",57.0,1.0
Joey,1.0,Monica Gets A Roommate,I say push her down the stairs.,58.0,1.0
"Phoebe, Ross, Chandler, and Joey",1.0,Monica Gets A Roommate,Push her down the stairs! Push her down the stairs! Push her down the stairs!,59.0,1.0
Rachel,1.0,Monica Gets A Roommate,"C'mon Daddy, listen to me! It's like, it's like, all of my life, everyone has always told me, 'You're a shoe! You're a shoe, you're a shoe, you're a shoe!'. And today I just stopped and I said, 'What if I don't wanna be a shoe? What if I wanna be a- a purse, y'know? Or a- or a hat! No, I'm not saying I want you to buy me a hat, I'm saying I am a ha- It's a metaphor, Daddy!",60.0,1.0
Ross,1.0,Monica Gets A Roommate,You can see where he'd have trouble.,61.0,1.0
Rachel,1.0,Monica Gets A Roommate,"Look Daddy, it's my life. Well maybe I'll just stay here with Monica.",62.0,1.0
Monica,1.0,Monica Gets A Roommate,"Well, I guess we've established who's staying here with Monica...",63.0,1.0
Rachel,1.0,Monica Gets A Roommate,"Well, maybe that's my decision. Well, maybe I don't need your money. Wait!! Wait, I said maybe!!",64.0,1.0
Monica,1.0,Monica Gets A Roommate,"Just breathe, breathe.. that's it. Just try to think of nice calm things...",65.0,1.0
Phoebe,1.0,Monica Gets A Roommate,"(sings) Raindrops on roses and rabbits and kittens, (Rachel and Monica turn to look at her.) bluebells and sleighbells and- something with mittens... La la la la...something and noodles with string. These are a few...",66.0,1.0
Rachel,1.0,Monica Gets A Roommate,I'm all better now.,67.0,1.0
Phoebe,1.0,Monica Gets A Roommate,(grins and walks to the kitchen and says to Chandler and Joey.) I helped!,68.0,1.0
Monica,1.0,Monica Gets A Roommate,"Okay, look, this is probably for the best, y'know? Independence. Taking control of your life. The whole, 'hat' thing.",69.0,1.0
Joey,1.0,Monica Gets A Roommate,"(comforting her) And hey, you need anything, you can always come to Joey. Me and Chandler live across the hall. And he's away a lot.",70.0,1.0
Monica,1.0,Monica Gets A Roommate,"Joey, stop hitting on her! It's her wedding day!",71.0,1.0
Joey,1.0,Monica Gets A Roommate,"What, like there's a rule or something?",72.0,1.0
Chandler,1.0,Monica Gets A Roommate,"Please don't do that again, it's a horrible sound.",73.0,1.0
Paul,1.0,Monica Gets A Roommate,"(over the intercom) It's, uh, it's Paul.",74.0,1.0
Monica,1.0,Monica Gets A Roommate,"Oh God, is it 6:30? Buzz him in!",75.0,1.0
Joey,1.0,Monica Gets A Roommate,Who's Paul?,76.0,1.0
Ross,1.0,Monica Gets A Roommate,"Paul the Wine Guy, Paul?",77.0,1.0
Monica,1.0,Monica Gets A Roommate,Maybe. Joey: Wait. Your 'not a real date' tonight is with Paul the Wine Guy?,78.0,1.0
Ross,1.0,Monica Gets A Roommate,He finally asked you out?,79.0,1.0
Monica,1.0,Monica Gets A Roommate,Yes!,80.0,1.0
Chandler,1.0,Monica Gets A Roommate,"Ooh, this is a Dear Diary moment.",81.0,1.0
Monica,1.0,Monica Gets A Roommate,"Rach, wait, I can cancel...",82.0,1.0
Rachel,1.0,Monica Gets A Roommate,"Please, no, go, that'd be fine!",83.0,1.0
Monica,1.0,Monica Gets A Roommate,"(to Ross) Are, are you okay? I mean, do you want me to stay?",84.0,1.0
Ross,1.0,Monica Gets A Roommate,(choked voice) That'd be good...,85.0,1.0
Monica,1.0,Monica Gets A Roommate,(horrified) Really?,86.0,1.0
Ross,1.0,Monica Gets A Roommate,"(normal voice) No, go on! It's Paul the Wine Guy!",87.0,1.0
Phoebe,1.0,Monica Gets A Roommate,"What does that mean? Does he sell it, drink it, or just complain a lot? (Chandler doesn't know.)",88.0,1.0
Monica,1.0,Monica Gets A Roommate,"Hi, come in! Paul, this is.. (They are all lined up next to the door.)... everybody, everybody, this is Paul.",89.0,1.0
All,1.0,Monica Gets A Roommate,Hey! Paul! Hi! The Wine Guy! Hey!,90.0,1.0
Chandler,1.0,Monica Gets A Roommate,"I'm sorry, I didn't catch your name. Paul, was it?",91.0,1.0
Monica,1.0,Monica Gets A Roommate,"Okay, umm-umm, I'll just--I'll be right back, I just gotta go ah, go ah...",92.0,1.0
Ross,1.0,Monica Gets A Roommate,A wandering?,93.0,1.0
Monica,1.0,Monica Gets A Roommate,"Change! Okay, sit down. (Shows Paul in) Two seconds.",94.0,1.0
Phoebe,1.0,Monica Gets A Roommate,"Ooh, I just pulled out four eyelashes. That can't be good.",95.0,1.0
Joey,1.0,Monica Gets A Roommate,"Hey, Paul!",96.0,1.0
Paul,1.0,Monica Gets A Roommate,Yeah?,97.0,1.0
Joey,1.0,Monica Gets A Roommate,"Here's a little tip, she really likes it when you rub her neck in the same spot over and over and over again until it starts to get a little red.",98.0,1.0
Monica,1.0,Monica Gets A Roommate,"(yelling from the bedroom) Shut up, Joey!",99.0,1.0
Ross,1.0,Monica Gets A Roommate,"So Rachel, what're you, uh... what're you up to tonight?",100.0,1.0
Rachel,1.0,Monica Gets A Roommate,"Well, I was kinda supposed to be headed for Aruba on my honeymoon, so nothing!",101.0,1.0
Ross,1.0,Monica Gets A Roommate,"Right, you're not even getting your honeymoon, God.. No, no, although, Aruba, this time of year... talk about your- (thinks) -big lizards... Anyway, if you don't feel like being alone tonight, Joey and Chandler are coming over to help me put together my new furniture.",102.0,1.0
Chandler,1.0,Monica Gets A Roommate,"(deadpan) Yes, and we're very excited about it.",103.0,1.0
Rachel,1.0,Monica Gets A Roommate,"Well actually thanks, but I think I'm just gonna hang out here tonight. It's been kinda a long day.",104.0,1.0
Ross,1.0,Monica Gets A Roommate,"Okay, sure.",105.0,1.0
Joey,1.0,Monica Gets A Roommate,"Hey Pheebs, you wanna help?",106.0,1.0
Phoebe,1.0,Monica Gets A Roommate,"Oh, I wish I could, but I don't want to.",107.0,1.0
Phoebe,1.0,Monica Gets A Roommate,"(singing) Love is sweet as summer showers, love is a wondrous work of art, but your love oh your love, your love...is like a giant pigeon...crapping on my heart. La-la-la-la-la- (some guy gives her some change and to that guy) Thank you. (sings) La-la-la-la...ohhh!",109.0,1.0
Ross,1.0,Monica Gets A Roommate,"(squatting and reading the instructions) I'm supposed to attach a brackety thing to the side things, using a bunch of these little worm guys. I have no brackety thing, I see no whim guys whatsoever and- I cannot feel my legs.",110.0,1.0
Joey,1.0,Monica Gets A Roommate,I'm thinking we've got a bookcase here.,111.0,1.0
Chandler,1.0,Monica Gets A Roommate,It's a beautiful thing.,112.0,1.0
Joey,1.0,Monica Gets A Roommate,(picking up a leftover part) What's this?,113.0,1.0
Chandler,1.0,Monica Gets A Roommate,I would have to say that is an 'L'-shaped bracket.,114.0,1.0
Joey,1.0,Monica Gets A Roommate,Which goes where?,115.0,1.0
Chandler,1.0,Monica Gets A Roommate,I have no idea.,116.0,1.0
Joey,1.0,Monica Gets A Roommate,Done with the bookcase!,117.0,1.0
Chandler,1.0,Monica Gets A Roommate,All finished!,118.0,1.0
Ross,1.0,Monica Gets A Roommate,"(clutching a beer can and sniffing) This was Carol's favorite beer. She always drank it out of the can, I should have known.",119.0,1.0
Joey,1.0,Monica Gets A Roommate,"Hey-hey-hey-hey, if you're gonna start with that stuff we're outta here.",120.0,1.0
Chandler,1.0,Monica Gets A Roommate,"Yes, please don't spoil all this fun.",121.0,1.0
Joey,1.0,Monica Gets A Roommate,"Ross, let me ask you a question. She got the furniture, the stereo, the good TV- what did you get?",122.0,1.0
Ross,1.0,Monica Gets A Roommate,You guys.,123.0,1.0
Chandler,1.0,Monica Gets A Roommate,"Oh, God.",124.0,1.0
Joey,1.0,Monica Gets A Roommate,You got screwed.,125.0,1.0
Chandler,1.0,Monica Gets A Roommate,Oh my God!,126.0,1.0
Monica,1.0,Monica Gets A Roommate,Oh my God!,127.0,1.0
Paul,1.0,Monica Gets A Roommate,"I know, I know, I'm such an idiot. I guess I should have caught on when she started going to the dentist four and five times a week. I mean, how clean can teeth get?",128.0,1.0
Monica,1.0,Monica Gets A Roommate,"My brother's going through that right now, he's such a mess. How did you get through it?",129.0,1.0
Paul,1.0,Monica Gets A Roommate,"Well, you might try accidentally breaking something valuable of hers, say her-",130.0,1.0
Monica,1.0,Monica Gets A Roommate,-leg?,131.0,1.0
Paul,1.0,Monica Gets A Roommate,"(laughing) That's one way! Me, I- I went for the watch.",132.0,1.0
Monica,1.0,Monica Gets A Roommate,"You actually broke her watch? Wow! The worst thing I ever did was, I-I shredded by boyfriend's favorite bath towel.",133.0,1.0
Paul,1.0,Monica Gets A Roommate,"Ooh, steer clear of you.",134.0,1.0
Monica,1.0,Monica Gets A Roommate,"That's right.Scene: Monica's Apartment, Rachel is talking on the phone and pacing.]",135.0,1.0
Rachel,1.0,Monica Gets A Roommate,"Barry, I'm sorry... I am so sorry... I know you probably think that this is all about what I said the other day about you making love with your socks on, but it isn't... it isn't, it's about me, and I ju- (She stops talking and dials the phone.) Hi, machine cut me off again... anyway...look, look, I know that some girl is going to be incredibly lucky to become Mrs. Barry Finkel, but it isn't me, it's not me. And not that I have any idea who me is right now, but you just have to give me a chance too... (The maching cuts her off again and she redials.)",136.0,1.0
Ross,1.0,Monica Gets A Roommate,I'm divorced! I'm only 26 and I'm divorced!,137.0,1.0
Joey,1.0,Monica Gets A Roommate,Shut up!,138.0,1.0
Chandler,1.0,Monica Gets A Roommate,You must stop! (Chandler hits what he is working on with a hammer and it collapses.),139.0,1.0
Ross,1.0,Monica Gets A Roommate,That only took me an hour.,140.0,1.0
Chandler,1.0,Monica Gets A Roommate,"Look, Ross, you gotta understand, between us we haven't had a relationship that has lasted longer than a Mento. You, however have had the love of a woman for four years. Four years of closeness and sharing at the end of which she ripped your heart out, and that is why we don't do it! I don't think that was my point!",141.0,1.0
Ross,1.0,Monica Gets A Roommate,"You know what the scariest part is? What if there's only one woman for everybody, y'know? I mean what if you get one woman- and that's it? Unfortunately in my case, there was only one woman- for her...",142.0,1.0
Joey,1.0,Monica Gets A Roommate,"What are you talking about? 'One woman'? That's like saying there's only one flavor of ice cream for you. Lemme tell you something, Ross. There's lots of flavors out there. There's Rocky Road, and Cookie Dough, and Bing! Cherry Vanilla. You could get 'em with Jimmies, or nuts, or whipped cream! This is the best thing that ever happened to you! You got married, you were, like, what, eight? Welcome back to the world! Grab a spoon!",143.0,1.0
Ross,1.0,Monica Gets A Roommate,I honestly don't know if I'm hungry or horny.,144.0,1.0
Chandler,1.0,Monica Gets A Roommate,"Stay out of my freezer!Scene: A Restaurant, Monica and Paul are still eating.]",145.0,1.0
Paul,1.0,Monica Gets A Roommate,"Ever since she walked out on me, I, uh...",146.0,1.0
Monica,1.0,Monica Gets A Roommate,"What?..... What, you wanna spell it out with noodles?",147.0,1.0
Paul,1.0,Monica Gets A Roommate,"No, it's, it's more of a fifth date kinda revelation.",148.0,1.0
Monica,1.0,Monica Gets A Roommate,"Oh, so there is gonna be a fifth date?",149.0,1.0
Paul,1.0,Monica Gets A Roommate,Isn't there?,150.0,1.0
Monica,1.0,Monica Gets A Roommate,"Yeah... yeah, I think there is. -What were you gonna say?",151.0,1.0
Paul,1.0,Monica Gets A Roommate,"Well, ever-ev-... ever since she left me, um, I haven't been able to, uh, perform. (Monica takes a sip of her drink.) ...Sexually.",152.0,1.0
Monica,1.0,Monica Gets A Roommate,"(spitting out her drink in shock) Oh God, oh God, I am sorry... I am so sorry...",153.0,1.0
Paul,1.0,Monica Gets A Roommate,It's okay...,154.0,1.0
Monica,1.0,Monica Gets A Roommate,I know being spit on is probably not what you need right now. Um... how long?,155.0,1.0
Paul,1.0,Monica Gets A Roommate,Two years.,156.0,1.0
Monica,1.0,Monica Gets A Roommate,Wow! I'm-I'm-I'm glad you smashed her watch!,157.0,1.0
Paul,1.0,Monica Gets A Roommate,"So you still think you, um... might want that fifth date?",158.0,1.0
Monica,1.0,Monica Gets A Roommate,"(pause)...Yeah. Yeah, I do.",159.0,1.0
Priest on TV,1.0,Monica Gets A Roommate,"We are gathered here today to join Joanne Louise Cunningham and Charles, Chachi-Chachi-Chachi, Arcola in the bound of holy matrimony.",160.0,1.0
Rachel,1.0,Monica Gets A Roommate,Oh...see... but Joanne loved Chachi! That's the difference!,161.0,1.0
Ross,1.0,Monica Gets A Roommate,"(scornful) Grab a spoon. Do you know how long it's been since I've grabbed a spoon? Do the words 'Billy, don't be a hero' mean anything to you?",162.0,1.0
Joey,1.0,Monica Gets A Roommate,"Great story! But, I uh, I gotta go, I got a date with Andrea--Angela--Andrea... Oh man, (looks to Chandler)",163.0,1.0
Chandler,1.0,Monica Gets A Roommate,"Angela's the screamer, Andrea has cats.",164.0,1.0
Joey,1.0,Monica Gets A Roommate,Right. Thanks. It's June. I'm outta here. (Exits.),165.0,1.0
Ross,1.0,Monica Gets A Roommate,"Y'know, here's the thing. Even if I could get it together enough to- to ask a woman out,... who am I gonna ask? (He gazes out of the window.)",166.0,1.0
Rachel,1.0,Monica Gets A Roommate,"Isn't this amazing? I mean, I have never made coffee before in my entire life.",168.0,1.0
Chandler,1.0,Monica Gets A Roommate,That is amazing.,169.0,1.0
Joey,1.0,Monica Gets A Roommate,Congratulations.,170.0,1.0
Rachel,1.0,Monica Gets A Roommate,"Y'know, I figure if I can make coffee, there isn't anything I can't do.",171.0,1.0
Chandler,1.0,Monica Gets A Roommate,"If can invade Poland, there isn't anything I can't do.",172.0,1.0
Joey,1.0,Monica Gets A Roommate,"Listen, while you're on a roll, if you feel like you gotta make like a Western omelet or something... (Joey and Chandler taste the coffee, grimace, and pour it into a plant pot.) Although actually I'm really not that hungry...",173.0,1.0
Monica,1.0,Monica Gets A Roommate,"(entering, to herself) Oh good, Lenny and Squigy are here.",174.0,1.0
All,1.0,Monica Gets A Roommate,Morning. Good morning.,175.0,1.0
Paul,1.0,Monica Gets A Roommate,(entering from Monica's room) Morning.,176.0,1.0
Joey,1.0,Monica Gets A Roommate,"Morning, Paul.",177.0,1.0
Rachel,1.0,Monica Gets A Roommate,"Hello, Paul.",178.0,1.0
Chandler,1.0,Monica Gets A Roommate,"Hi, Paul, is it?",179.0,1.0
Paul,1.0,Monica Gets A Roommate,Thank you! Thank you so much!,180.0,1.0
Monica,1.0,Monica Gets A Roommate,Stop!,181.0,1.0
Paul,1.0,Monica Gets A Roommate,"No, I'm telling you last night was like umm, all my birthdays, both graduations, plus the barn raising scene in Witness.",182.0,1.0
Monica,1.0,Monica Gets A Roommate,We'll talk later.,183.0,1.0
Paul,1.0,Monica Gets A Roommate,Yeah. (They kiss) Thank you. (Exits),184.0,1.0
Joey,1.0,Monica Gets A Roommate,That wasn't a real date?! What the hell do you do on a real date?,185.0,1.0
Monica,1.0,Monica Gets A Roommate,"Shut up, and put my table back.",186.0,1.0
All,1.0,Monica Gets A Roommate,Okayyy! (They do so.),187.0,1.0
Chandler,1.0,Monica Gets A Roommate,"All right, kids, I gotta get to work. If I don't input those numbers,... it doesn't make much of a difference...",188.0,1.0
Rachel,1.0,Monica Gets A Roommate,"So, like, you guys all have jobs?",189.0,1.0
Monica,1.0,Monica Gets A Roommate,"Yeah, we all have jobs. See, that's how we buy stuff.",190.0,1.0
Joey,1.0,Monica Gets A Roommate,"Yeah, I'm an actor.",191.0,1.0
Rachel,1.0,Monica Gets A Roommate,Wow! Would I have seen you in anything?,192.0,1.0
Joey,1.0,Monica Gets A Roommate,I doubt it. Mostly regional work.,193.0,1.0
Monica,1.0,Monica Gets A Roommate,"Oh wait, wait, unless you happened to catch the Reruns' production of Pinocchio, at the little theater in the park.",194.0,1.0
Joey,1.0,Monica Gets A Roommate,"Look, it was a job all right?",195.0,1.0
Chandler,1.0,Monica Gets A Roommate,"'Look, Gippetto, I'm a real live boy.'",196.0,1.0
Joey,1.0,Monica Gets A Roommate,I will not take this abuse. (Walks to the door and opens it to leave.),197.0,1.0
Chandler,1.0,Monica Gets A Roommate,"You're right, I'm sorry. (Burst into song and dances out of the door.) ""Once I was a wooden boy, a little wooden boy...""",198.0,1.0
Joey,1.0,Monica Gets A Roommate,"You should both know, that he's a dead man. Oh, Chandler? (Starts after Chandler.)",199.0,1.0
Monica,1.0,Monica Gets A Roommate,So how you doing today? Did you sleep okay? Talk to Barry? I can't stop smiling.,200.0,1.0
Rachel,1.0,Monica Gets A Roommate,I can see that. You look like you slept with a hanger in your mouth.,201.0,1.0
Monica,1.0,Monica Gets A Roommate,"I know, he's just so, so... Do you remember you and Tony DeMarco?",202.0,1.0
Rachel,1.0,Monica Gets A Roommate,"Oh, yeah.",203.0,1.0
Monica,1.0,Monica Gets A Roommate,"Well, it's like that. With feelings.",204.0,1.0
Rachel,1.0,Monica Gets A Roommate,Oh wow. Are you in trouble.,205.0,1.0
Monica,1.0,Monica Gets A Roommate,Big time!,206.0,1.0
Rachel,1.0,Monica Gets A Roommate,Want a wedding dress? Hardly used.,207.0,1.0
Monica,1.0,Monica Gets A Roommate,"I think we are getting a little ahead of selves here. Okay. Okay. I am just going to get up, go to work and not think about him all day. Or else I'm just gonna get up and go to work.",208.0,1.0
Rachel,1.0,Monica Gets A Roommate,"Oh, look, wish me luck!",209.0,1.0
Monica,1.0,Monica Gets A Roommate,What for?,210.0,1.0
Rachel,1.0,Monica Gets A Roommate,I'm gonna go get one of those (Thinks) job things.,211.0,1.0
Frannie,1.0,Monica Gets A Roommate,"Hey, Monica!",212.0,1.0
Monica,1.0,Monica Gets A Roommate,"Hey Frannie, welcome back! How was Florida?",213.0,1.0
Frannie,1.0,Monica Gets A Roommate,"You had sex, didn't you?",214.0,1.0
Monica,1.0,Monica Gets A Roommate,How do you do that?,215.0,1.0
Frannie,1.0,Monica Gets A Roommate,"Oh, I hate you, I'm pushing my Aunt Roz through Parrot Jungle and you're having sex! So? Who?",216.0,1.0
Monica,1.0,Monica Gets A Roommate,You know Paul?,217.0,1.0
Frannie,1.0,Monica Gets A Roommate,"Paul the Wine Guy? Oh yeah, I know Paul.",218.0,1.0
Monica,1.0,Monica Gets A Roommate,You mean you know Paul like I know Paul?,219.0,1.0
Frannie,1.0,Monica Gets A Roommate,"Are you kidding? I take credit for Paul. Y'know before me, there was no snap in his turtle for two years.",220.0,1.0
Joey,1.0,Monica Gets A Roommate,(sitting on the arm of the couch)Of course it was a line!,221.0,1.0
Monica,1.0,Monica Gets A Roommate,"Why?! Why? Why, why would anybody do something like that?",222.0,1.0
Ross,1.0,Monica Gets A Roommate,I assume we're looking for an answer more sophisticated than 'to get you into bed'.,223.0,1.0
Monica,1.0,Monica Gets A Roommate,I hate men! I hate men!,224.0,1.0
Phoebe,1.0,Monica Gets A Roommate,"Oh no, don't hate, you don't want to put that out into the universe.",225.0,1.0
Monica,1.0,Monica Gets A Roommate,Is it me? Is it like I have some sort of beacon that only dogs and men with severe emotional problems can hear?,226.0,1.0
Phoebe,1.0,Monica Gets A Roommate,"All right, c'mere, gimme your feet. (She starts massaging them.)",227.0,1.0
Monica,1.0,Monica Gets A Roommate,"I just thought he was nice, y'know?",228.0,1.0
Joey,1.0,Monica Gets A Roommate,(bursts out laughing again) I can't believe you didn't know it was a line!,229.0,1.0
Rachel,1.0,Monica Gets A Roommate,Guess what?,230.0,1.0
Ross,1.0,Monica Gets A Roommate,You got a job?,231.0,1.0
Rachel,1.0,Monica Gets A Roommate,Are you kidding? I'm trained for nothing! I was laughed out of twelve interviews today.,232.0,1.0
Chandler,1.0,Monica Gets A Roommate,And yet you're surprisingly upbeat.,233.0,1.0
Rachel,1.0,Monica Gets A Roommate,"You would be too if you found John and David boots on sale, fifty percent off!",234.0,1.0
Chandler,1.0,Monica Gets A Roommate,"Oh, how well you know me...",235.0,1.0
Rachel,1.0,Monica Gets A Roommate,"They're my new 'I don't need a job, I don't need my parents, I've got great boots' boots!",236.0,1.0
Monica,1.0,Monica Gets A Roommate,How'd you pay for them?,237.0,1.0
Rachel,1.0,Monica Gets A Roommate,"Uh, credit card.",238.0,1.0
Monica,1.0,Monica Gets A Roommate,And who pays for that?,239.0,1.0
Rachel,1.0,Monica Gets A Roommate,Um... my... father.,240.0,1.0
Rachel,1.0,Monica Gets A Roommate,"Oh God, come on you guys, is this really necessary? I mean, I can stop charging anytime I want.",241.0,1.0
Monica,1.0,Monica Gets A Roommate,"C'mon, you can't live off your parents your whole life.",242.0,1.0
Rachel,1.0,Monica Gets A Roommate,I know that. That's why I was getting married.,243.0,1.0
Phoebe,1.0,Monica Gets A Roommate,"Give her a break, it's hard being on your own for the first time.",244.0,1.0
Rachel,1.0,Monica Gets A Roommate,Thank you.,245.0,1.0
Phoebe,1.0,Monica Gets A Roommate,"You're welcome. I remember when I first came to this city. I was fourteen. My mom had just killed herself and my step-dad was back in prison, and I got here, and I didn't know anybody. And I ended up living with this albino guy who was, like, cleaning windshields outside port authority, and then he killed himself, and then I found aromatherapy. So believe me, I know exactly how you feel.",246.0,1.0
Ross,1.0,Monica Gets A Roommate,The word you're looking for is 'Anyway'...,247.0,1.0
Monica,1.0,Monica Gets A Roommate,"All right, you ready?",248.0,1.0
Rachel,1.0,Monica Gets A Roommate,"No. No, no, I'm not ready! How can I be ready? ""Hey, Rach! You ready to jump out the airplane without your parachute?"" Come on, I can't do this!",249.0,1.0
Monica,1.0,Monica Gets A Roommate,"You can, I know you can!",250.0,1.0
Rachel,1.0,Monica Gets A Roommate,I don't think so.,251.0,1.0
Ross,1.0,Monica Gets A Roommate,"Come on, you made coffee! You can do anything! (Chandler slowly tries to hide the now dead plant from that morning when he and Joey poured their coffee into it.)",252.0,1.0
Ross,1.0,Monica Gets A Roommate,"C'mon, cut. Cut, cut, cut,...",253.0,1.0
All,1.0,Monica Gets A Roommate,"Cut, cut, cut, cut, cut, cut, cut... (She cuts one of them and they cheer.)",254.0,1.0
Rachel,1.0,Monica Gets A Roommate,Y'know what? I think we can just leave it at that. It's kinda like a symbolic gesture...,255.0,1.0
Monica,1.0,Monica Gets A Roommate,Rachel! That was a library card!,256.0,1.0
All,1.0,Monica Gets A Roommate,"Cut, cut, cut, cut, cut, cut, cut..",257.0,1.0
Chandler,1.0,Monica Gets A Roommate,"(as Rachel is cutting up her cards) Y'know, if you listen closely, you can hear a thousand retailers scream.",258.0,1.0
Monica,1.0,Monica Gets A Roommate,Welcome to the real world! It sucks. You're gonna love it!,259.0,1.0
Monica,1.0,Monica Gets A Roommate,"Well, that's it (To Ross) You gonna crash on the couch?",260.0,1.0
Ross,1.0,Monica Gets A Roommate,"No. No, I gotta go home sometime.",261.0,1.0
Monica,1.0,Monica Gets A Roommate,You be okay?,262.0,1.0
Ross,1.0,Monica Gets A Roommate,Yeah.,263.0,1.0
Rachel,1.0,Monica Gets A Roommate,"Hey Mon, look what I just found on the floor. (Monica smiles.) What?",264.0,1.0
Monica,1.0,Monica Gets A Roommate,"That's Paul's watch. You just put it back where you found it. Oh boy. Alright. Goodnight, everybody.",265.0,1.0
Ross and Rachel,1.0,Monica Gets A Roommate,Goodnight.,266.0,1.0
Ross,1.0,Monica Gets A Roommate,"Mmm. (They both reach for the last cookie) Oh, no-",267.0,1.0
Rachel,1.0,Monica Gets A Roommate,Sorry-,268.0,1.0
Ross,1.0,Monica Gets A Roommate,"No no no, go-",269.0,1.0
Rachel,1.0,Monica Gets A Roommate,"No, you have it, really, I don't want it-",270.0,1.0
Ross,1.0,Monica Gets A Roommate,Split it?,271.0,1.0
Rachel,1.0,Monica Gets A Roommate,Okay.,272.0,1.0
Ross,1.0,Monica Gets A Roommate,"Okay. (They split it.) You know you probably didn't know this, but back in high school, I had a, um, major crush on you.",273.0,1.0
Rachel,1.0,Monica Gets A Roommate,I knew.,274.0,1.0
Ross,1.0,Monica Gets A Roommate,You did! Oh.... I always figured you just thought I was Monica's geeky older brother.,275.0,1.0
Rachel,1.0,Monica Gets A Roommate,I did.,276.0,1.0
Ross,1.0,Monica Gets A Roommate,"Oh. Listen, do you think- and try not to let my intense vulnerability become any kind of a factor here- but do you think it would be okay if I asked you out? Sometime? Maybe?",277.0,1.0
Rachel,1.0,Monica Gets A Roommate,"Yeah, maybe...",278.0,1.0
Ross,1.0,Monica Gets A Roommate,"Okay... okay, maybe I will...",279.0,1.0
Rachel,1.0,Monica Gets A Roommate,Goodnight.,280.0,1.0
Ross,1.0,Monica Gets A Roommate,Goodnight.,281.0,1.0
Monica,1.0,Monica Gets A Roommate,"See ya.... Waitwait, what's with you?",282.0,1.0
Ross,1.0,Monica Gets A Roommate,I just grabbed a spoon. (Ross exits and Monica has no idea what that means.),283.0,1.0
Joey,1.0,Monica Gets A Roommate,I can't believe what I'm hearing here.,285.0,1.0
Phoebe,1.0,Monica Gets A Roommate,(sings) I can't believe what I'm hearing here...,286.0,1.0
Monica,1.0,Monica Gets A Roommate,What? I-I said you had a-,287.0,1.0
Phoebe,1.0,Monica Gets A Roommate,(sings) What I said you had...,288.0,1.0
Monica,1.0,Monica Gets A Roommate,(to Phoebe) Would you stop?,289.0,1.0
Phoebe,1.0,Monica Gets A Roommate,"Oh, was I doing it again?",290.0,1.0
All,1.0,Monica Gets A Roommate,Yes!,291.0,1.0
Monica,1.0,Monica Gets A Roommate,"I said that you had a nice butt, it's just not a great butt.",292.0,1.0
Joey,1.0,Monica Gets A Roommate,"Oh, you wouldn't know a great butt if it came up and bit ya.",293.0,1.0
Ross,1.0,Monica Gets A Roommate,There's an image.,294.0,1.0
Rachel,1.0,Monica Gets A Roommate,(walks up with a pot of coffee) Would anybody like more coffee?,295.0,1.0
Chandler,1.0,Monica Gets A Roommate,"Did you make it, or are you just serving it?",296.0,1.0
Rachel,1.0,Monica Gets A Roommate,I'm just serving it.,297.0,1.0
All,1.0,Monica Gets A Roommate,"Yeah. Yeah, I'll have a cup of coffee.",298.0,1.0
Chandler,1.0,Monica Gets A Roommate,"Kids, new dream... I'm in Las Vegas. (Rachel sits down to hear Chandler's dream.)",299.0,1.0
Customer,1.0,Monica Gets A Roommate,"(To Rachel) Ahh, miss? More coffee?",300.0,1.0
Rachel,1.0,Monica Gets A Roommate,"Ugh. (To another customer that's leaving.) Excuse me, could you give this to that guy over there? (Hands him the coffee pot.) Go ahead. (He does so.) Thank you. (To the gang.) Sorry. Okay, Las Vegas.",301.0,1.0
Chandler,1.0,Monica Gets A Roommate,"Okay, so, I'm in Las Vegas... I'm Liza Minelli-",302.0,1.0
ROSS,11.0,The Lesbian Wedding,"Ok. Here's his diaper bag, and his uh, Mr. Winky, and uh...oh, him. Hi!",0.0,2.0
CAROL,11.0,The Lesbian Wedding,So how did everything go?,1.0,2.0
ROSS,11.0,The Lesbian Wedding,"Oh, great. Great. There was a projectile, uh, throwing up incident, but he started it.",2.0,2.0
CAROL,11.0,The Lesbian Wedding,"Well, we've gotta go.",3.0,2.0
ROSS,11.0,The Lesbian Wedding,Ok.,4.0,2.0
SUSAN,11.0,The Lesbian Wedding,[clears her throat],5.0,2.0
CAROL,11.0,The Lesbian Wedding,"Oh, right. Um, I've got some news. It's about us.",6.0,2.0
ROSS,11.0,The Lesbian Wedding,"Oh, you and me?",7.0,2.0
CAROL,11.0,The Lesbian Wedding,"Uh, no, Susan and me.",8.0,2.0
SUSAN,11.0,The Lesbian Wedding,The other us.,9.0,2.0
ROSS,11.0,The Lesbian Wedding,Ok.,10.0,2.0
CAROL,11.0,The Lesbian Wedding,"We're uh, we're getting married.",11.0,2.0
ROSS,11.0,The Lesbian Wedding,"As in, ""I now pronounce you wife and wife"" married?",12.0,2.0
CAROL,11.0,The Lesbian Wedding,"Anyway, we'd like you to come, but we totally understand if you don't want to.",13.0,2.0
ROSS,11.0,The Lesbian Wedding,Why wouldn't I want to come? I had fun at the first wedding.,14.0,2.0
CAROL,11.0,The Lesbian Wedding,Look I just thought that...,15.0,2.0
ROSS,11.0,The Lesbian Wedding,"No no no, I mean, hey, why shouldn't I be happy for you? What would it say about me if I couldn't revel in your joy? I'm revelling baby, believe me!",16.0,2.0
SUSAN,11.0,The Lesbian Wedding,Is your finger caught in that chair?,17.0,2.0
ROSS,11.0,The Lesbian Wedding,Mmm hmmm.,18.0,2.0
CAROL,11.0,The Lesbian Wedding,Want us to go?,19.0,2.0
ROSS,11.0,The Lesbian Wedding,Uh-huh.,20.0,2.0
ROSS,11.0,The Lesbian Wedding,This is so cool. You're actually gonna be on television.,21.0,2.0
JOEY,11.0,The Lesbian Wedding,"It really hit me last night. I'm gonna be on Days of our Lives. And then I started thinkin' about all of u, and how these are the days of our lives..",22.0,2.0
MONICA,11.0,The Lesbian Wedding,"Yes! Carol and Susan's caterer had a mountain bike accident this weekend, and she's in a full body cast.",23.0,2.0
"ROSS, CHANDLER & JOEY",11.0,The Lesbian Wedding,Yes!,24.0,2.0
MONICA,11.0,The Lesbian Wedding,"They want me to do it, which is really cool, seeing as I've never catered before, and I really need the money, and this isn't a problem for you, is it?",25.0,2.0
ROSS,11.0,The Lesbian Wedding,Would it matter?,26.0,2.0
MONICA,11.0,The Lesbian Wedding,"Oh, you are so great! [kisses him] Thank you!",27.0,2.0
JOEY,11.0,The Lesbian Wedding,Are you really not going?,28.0,2.0
ROSS,11.0,The Lesbian Wedding,"I am really not going. I don't get it. They already live together, why do they need to get married?",29.0,2.0
MONICA,11.0,The Lesbian Wedding,"They love each other, and they wanna celebrate that love with the people that are close with them.",30.0,2.0
ROSS,11.0,The Lesbian Wedding,If you wanna call that a reason.,31.0,2.0
CHANDLER,11.0,The Lesbian Wedding,"[singing to the tune of Mister Rogers' Neighborhood] Who's the bitterest man in the living room, the bitterest man in the living room? Hi, neighbor.",32.0,2.0
MONICA,11.0,The Lesbian Wedding,"Ross, I thought you were over this.",33.0,2.0
ROSS,11.0,The Lesbian Wedding,"Look, that has nothing to do with this, ok? She's my ex-wife. If she were marrying a guy, none of you'd expect me to be there.",34.0,2.0
JOEY,11.0,The Lesbian Wedding,"Hey, if she were marrying a guy, she'd be like the worst lesbian ever.",35.0,2.0
RACHEL,11.0,The Lesbian Wedding,[entering hurriedly] Did I miss it? Did I miss it?,36.0,2.0
JOEY,11.0,The Lesbian Wedding,"No, I'm on right after this guy shoots himself.",37.0,2.0
CHANDLER,11.0,The Lesbian Wedding,"Whoa, she's pretty.",38.0,2.0
JOEY,11.0,The Lesbian Wedding,"Yeah, and she's really nice too. She taught me all about how to work the cameras, and smell-the-fart acting.",39.0,2.0
RACHEL,11.0,The Lesbian Wedding,"I'm sorry, what?",40.0,2.0
MONICA,11.0,The Lesbian Wedding,What?,41.0,2.0
JOEY,11.0,The Lesbian Wedding,"It's like, you got so many lines to learn so fast, that sometimes you need a minute to remember your next one. So while you're thinkin' of it, you take this big pause where you look all intense, you know, like this.",42.0,2.0
CHANDLER,11.0,The Lesbian Wedding,"Oh, ok.",43.0,2.0
JOEY,11.0,The Lesbian Wedding,"There's my scene, there's my scene. [Joey on tv] ""Mrs. Wallace, I'm Dr. Drake Ramoray, your sister's neurosurgeon.",44.0,2.0
MRS. WALLACE,11.0,The Lesbian Wedding,Is she gonna be all right?,45.0,2.0
JOEY,11.0,The Lesbian Wedding,I'm afraid the situation is much worse than we expected. Your sister is suffering from a..subcranial hematoma. Perhaps we can discuss this over coffee.,46.0,2.0
CHANDLER,11.0,The Lesbian Wedding,Nice!,47.0,2.0
RACHEL,11.0,The Lesbian Wedding,That's great!,48.0,2.0
ROSS,11.0,The Lesbian Wedding,Excellent!,49.0,2.0
CHANDLER,11.0,The Lesbian Wedding,For a minute there I thought you were actually tryin' to smell something.,50.0,2.0
ROSS,11.0,The Lesbian Wedding,That is so good! Do it again!,51.0,2.0
JOEY,11.0,The Lesbian Wedding,"All right, all right. ""Damnit Braverman, it's right there on the chart!""",52.0,2.0
CHANDLER,11.0,The Lesbian Wedding,"That's great. All right, I gotta get to work, I got a big dinosaur bone to inspect.",53.0,2.0
ROSS,11.0,The Lesbian Wedding,"No no, that's me.",54.0,2.0
CHANDLER,11.0,The Lesbian Wedding,"Oh, yeah.",55.0,2.0
ROSS,11.0,The Lesbian Wedding,"Oh, hello.",56.0,2.0
PHOEBE,11.0,The Lesbian Wedding,"Oh, thanks. I couldn't uh...",57.0,2.0
ROSS,11.0,The Lesbian Wedding,Is everything ok?,58.0,2.0
PHOEBE,11.0,The Lesbian Wedding,"Um, no, huh-uh. One of my clients died on the massage table today.",59.0,2.0
ROSS,11.0,The Lesbian Wedding,Oh my god.,60.0,2.0
CHANDLER,11.0,The Lesbian Wedding,That's a little more relaxed than you want them to get.,61.0,2.0
PHOEBE,11.0,The Lesbian Wedding,"Yeah, um, she was 82 years old. Her name was um, Mrs. Adelman.",62.0,2.0
MONICA,11.0,The Lesbian Wedding,"Oh, honey.",63.0,2.0
PHOEBE,11.0,The Lesbian Wedding,"Yeah, it's just so strange. I mean, she probably woke up today and thought, ""ok, I'll have some breakfast, and then I'll take a little walk, and then I'll have my massage."" Little did she know God was thinking, ""Ok, but that's it."" Oh, but the weirdest thing was, ok, I was cleansing her aura when she died, and when the spirit left her body, I don't think it went very far.",64.0,2.0
RACHEL,11.0,The Lesbian Wedding,What do you mean?,65.0,2.0
PHOEBE,11.0,The Lesbian Wedding,I think it went into me.,66.0,2.0
MONICA,11.0,The Lesbian Wedding,"God, this is so hard. I can't decide between lamb or duck.",67.0,2.0
CHANDLER,11.0,The Lesbian Wedding,"Well, of course, lambs are scarier. Otherwise the movie would've been called Silence of the Ducks.",68.0,2.0
RACHEL,11.0,The Lesbian Wedding,"Ok, who ordered what?",69.0,2.0
ROSS,11.0,The Lesbian Wedding,"Oh, I believe I had the half-drunk cappuccino with the lipstick on the rim.",70.0,2.0
CHANDLER,11.0,The Lesbian Wedding,"Yes, and this with the cigarette butt in it, is that decaf?",71.0,2.0
RACHEL,11.0,The Lesbian Wedding,Oh god.,72.0,2.0
JOEY,11.0,The Lesbian Wedding,I can't believe you're so uptight about your mom comin'.,73.0,2.0
RACHEL,11.0,The Lesbian Wedding,"I know, but it's just it's the first time, and I just don't want her to think that because I didn't marry Barry, that my life is total crap, you know?",74.0,2.0
PHOEBE,11.0,The Lesbian Wedding,[Mrs. Adelman's voice] Talk about crap. Try listening to Stella Niedman tell the story of her and Rod Steiger for the hundredth time.,75.0,2.0
JOEY,11.0,The Lesbian Wedding,"Uh, Pheebs, how long do you think this lady'll be with us?",76.0,2.0
PHOEBE,11.0,The Lesbian Wedding,"I don't know. I mean, she obviously has some kind of unfinished business. [Mrs. Adelman's voice] Sit up!",77.0,2.0
MRS. GREEN,11.0,The Lesbian Wedding,[entering] There she is.,78.0,2.0
RACHEL,11.0,The Lesbian Wedding,Mom!,79.0,2.0
MRS GREEN,11.0,The Lesbian Wedding,"Sweetie! So this is where you work? Oh, it's wonderful! Is it a living room? Is it a restaurant? Who can tell? But I guess that's the fun.",80.0,2.0
RACHEL,11.0,The Lesbian Wedding,Pretty much.,81.0,2.0
MRS GREEN,11.0,The Lesbian Wedding,"Monica! You look gorgeous! Last time I saw you, it was eat or be eaten.",82.0,2.0
RACHEL,11.0,The Lesbian Wedding,"This is Joey, and Phoebe, and this is Chandler, and you remember Ross.",83.0,2.0
MRS GREEN,11.0,The Lesbian Wedding,"Oh hello, Ross.",84.0,2.0
ROSS,11.0,The Lesbian Wedding,"Hi, Mrs. Green. [He gets up to shake her hand, but she ignores him.]",85.0,2.0
MRS GREEN,11.0,The Lesbian Wedding,"So, what do you think of my daughter in the apron with the big job?",86.0,2.0
RACHEL,11.0,The Lesbian Wedding,Oh Mom!,87.0,2.0
MRS GREEN,11.0,The Lesbian Wedding,"If you didn't pour the coffee, no one would have anything to drink.",88.0,2.0
CHANDLER,11.0,The Lesbian Wedding,"Believe me, sometimes that happens.",89.0,2.0
MRS GREEN,11.0,The Lesbian Wedding,"This is just so exciting. You know, I never worked. I went straight from my father's house to the sorority house to my husband's house. I am just so proud of you.",90.0,2.0
RACHEL,11.0,The Lesbian Wedding,Really?,91.0,2.0
MRS GREEN,11.0,The Lesbian Wedding,Yes.,92.0,2.0
PHOEBE,11.0,The Lesbian Wedding,"I know who it is you remind me of. Evelyn Dermer. 'Course, that's before she got the lousy face lift. Now she looks like Soupy Sales.",93.0,2.0
JOEY,11.0,The Lesbian Wedding,"Pheebs, who's Evelyn Dermer?",94.0,2.0
PHOEBE,11.0,The Lesbian Wedding,I don't know. Who's Soupy Sales?,95.0,2.0
MRS GREEN,11.0,The Lesbian Wedding,"Oh my god, there's an unattractive nude man playing the cello.",96.0,2.0
RACHEL,11.0,The Lesbian Wedding,"Yeah, well just be glad he's not playing a smaller instrument.",97.0,2.0
MRS GREEN,11.0,The Lesbian Wedding,"[laughing] You have some life here, sweetie.",98.0,2.0
RACHEL,11.0,The Lesbian Wedding,"I know. And Mom, I realize you and Daddy were upset when I didn't marry Barry and get the big house in the suburbs with all the security and everything, but this is just so much better for me, you know?",99.0,2.0
MRS GREEN,11.0,The Lesbian Wedding,"I do. You didn't love Barry. And I've never seen you this happy. I look at you and I think, oh, this is what I want.",100.0,2.0
RACHEL,11.0,The Lesbian Wedding,For...me.,101.0,2.0
MRS GREEN,11.0,The Lesbian Wedding,"Well, not just for you.",102.0,2.0
RACHEL,11.0,The Lesbian Wedding,"Well, what do you mean?",103.0,2.0
MRS GREEN,11.0,The Lesbian Wedding,"I'm uh, considering leaving your father.",104.0,2.0
MONICA,11.0,The Lesbian Wedding,"[entering] All right. Tell me if this is too cute. Lesbian wedding, chicken breasts.",105.0,2.0
RACHEL,11.0,The Lesbian Wedding,Oh god. I think I'm gonna be sick.,106.0,2.0
MONICA,11.0,The Lesbian Wedding,Why? It's not like I'm putting little nipples on them.,107.0,2.0
ROSS,11.0,The Lesbian Wedding,And you had no idea they weren't getting along?,108.0,2.0
RACHEL,11.0,The Lesbian Wedding,None.,109.0,2.0
JOEY,11.0,The Lesbian Wedding,They didn't fight a lot?,110.0,2.0
RACHEL,11.0,The Lesbian Wedding,"No! They didn't even talk to each other. God, how was I supposed to know they were having problems?",111.0,2.0
PHOEBE,11.0,The Lesbian Wedding,"[Mrs. Adelman's voice] In my day, divorce was not an option.",112.0,2.0
JOEY,11.0,The Lesbian Wedding,"Hey, look who's up.",113.0,2.0
RACHEL,11.0,The Lesbian Wedding,"I just can't believe this is happening. I mean, when I was little, everybody's parents were getting divorced. I just figured as a grownup I wouldn't have to worry about this.",114.0,2.0
MONICA,11.0,The Lesbian Wedding,"Is there any chance that you can look at this as flattering? I mean, she's doing it because she wants to be more like you.",115.0,2.0
RACHEL,11.0,The Lesbian Wedding,"Well, then, you know, couldn't she have just copied my haircut?",116.0,2.0
CHANDLER,11.0,The Lesbian Wedding,"You know, it's funny when my parents got divorced, they sent me to this shrink, and she told me that all kids have a tendency to blame themselves. But in your case it's actually kinda true.",117.0,2.0
PHOEBE,11.0,The Lesbian Wedding,That's him.,118.0,2.0
CHANDLER,11.0,The Lesbian Wedding,Damn. My mail order grandfather hasn't come yet.,119.0,2.0
MR A,11.0,The Lesbian Wedding,Phoebe?,120.0,2.0
PHOEBE,11.0,The Lesbian Wedding,"Yes, hi, Mr. Adelman. Thanks for meeting me.",121.0,2.0
MR A,11.0,The Lesbian Wedding,"Oh, that's all right, although you did cut into my busy day of sitting.",122.0,2.0
PHOEBE,11.0,The Lesbian Wedding,"Um, do you wanna sit?",123.0,2.0
MR A,11.0,The Lesbian Wedding,"Oh, no, please, I spent most of mid-morning trying to stand up. Now uh, what can I do for you, my dear?",124.0,2.0
PHOEBE,11.0,The Lesbian Wedding,"I don't know how to say this, but I think when your wife's spirit left her body, it um, kind of stuck around in me.",125.0,2.0
MR A,11.0,The Lesbian Wedding,"You're saying, my wife is in you?",126.0,2.0
PHOEBE,11.0,The Lesbian Wedding,"Yeah. Ok, you don't have to believe me but um, can you think of any unfinished business she might have had, like any reason she'd be hanging around?",127.0,2.0
MR A,11.0,The Lesbian Wedding,"Well, I don't know what to tell you dear. The only thing I can think of is that she always used to say that before she died, she wanted to see everything.",128.0,2.0
PHOEBE,11.0,The Lesbian Wedding,Everything?,129.0,2.0
MR A,11.0,The Lesbian Wedding,Everything.,130.0,2.0
PHOEBE,11.0,The Lesbian Wedding,"Whoa, that's a lot of stuff.",131.0,2.0
MR A,11.0,The Lesbian Wedding,"Oh, wait, I remember, she also said she wanted to sleep with me one last time.",132.0,2.0
PHOEBE,11.0,The Lesbian Wedding,"I'm sorry, there's laughing in my head.",133.0,2.0
MR A,11.0,The Lesbian Wedding,"[to Joey] Worth a shot, huh?",134.0,2.0
MRS GREEN,11.0,The Lesbian Wedding,Look at this.,135.0,2.0
RACHEL,11.0,The Lesbian Wedding,These are from Halloween three years ago.,136.0,2.0
MRS GREEN,11.0,The Lesbian Wedding,"Oh, look, here's Barry. Did he have to come straight from the office?",137.0,2.0
RACHEL,11.0,The Lesbian Wedding,"No, that was his costume. See, he's actually an orthodontist, but he came as a regular dentist.",138.0,2.0
MONICA,11.0,The Lesbian Wedding,"Um, you guys, you know when I said before, ""thank you, but I don't really need your help""?",139.0,2.0
RACHEL,11.0,The Lesbian Wedding,"Actually, what I think you said was, ""don't touch that, and get the hell out of my kitchen.""",140.0,2.0
MONICA,11.0,The Lesbian Wedding,"Really? Weird. Anyway, see, I planned everything really well. I planned and I planned and I planned. It just turns out, I don't think I planned enough time to actually do it.",141.0,2.0
RACHEL,11.0,The Lesbian Wedding,"Hey, Mon, you want some help?",142.0,2.0
MONICA,11.0,The Lesbian Wedding,If you want.,143.0,2.0
PHOEBE,11.0,The Lesbian Wedding,"[enters] Hey. What a day. I took her everywhere. The Museum of Modern Art, Rockefeller Center, Statue of Liberty.",144.0,2.0
RACHEL,11.0,The Lesbian Wedding,She's still with you?,145.0,2.0
PHOEBE,11.0,The Lesbian Wedding,"Yeah. I guess she hasn't seen everything yet. I'll be right back, she has to go to the bathroom again. [Takes Mrs. Green's chin in her hand and says, in Mrs. Adelman's voice] Oh, such a pretty face.",146.0,2.0
MRS GREEN,11.0,The Lesbian Wedding,"This is so much fun, just the girls. You know what we should do? Does anybody have any marijuana?",147.0,2.0
RACHEL,11.0,The Lesbian Wedding,God!,148.0,2.0
MONICA,11.0,The Lesbian Wedding,"All right, look, nobody's smoking pot around all this food.",149.0,2.0
MRS GREEN,11.0,The Lesbian Wedding,"That's fine. I never did it. I just thought I might. So, what's new in sex?",150.0,2.0
RACHEL,11.0,The Lesbian Wedding,Oh! What's new in sex?,151.0,2.0
MRS GREEN,11.0,The Lesbian Wedding,The only man I've ever been with is your father.,152.0,2.0
MONICA,11.0,The Lesbian Wedding,"I'm dicing, I'm dicing, I don't hear anything.",153.0,2.0
MRS GREEN,11.0,The Lesbian Wedding,"I mean, this is no offense to your dad, sweetie, but I was thinking there might be more.",154.0,2.0
RACHEL,11.0,The Lesbian Wedding,"Oh, I'm sorry. You know what? I cannot have this conversation with you. I mean, god, you just come in here, and drop this bomb on me, before you even tell Daddy. What? What do you want? Do you want my blessing?",155.0,2.0
MRS GREEN,11.0,The Lesbian Wedding,No.,156.0,2.0
RACHEL,11.0,The Lesbian Wedding,You want me to talk you out of it?,157.0,2.0
MRS GREEN,11.0,The Lesbian Wedding,No.,158.0,2.0
RACHEL,11.0,The Lesbian Wedding,Then what? What do you want?,159.0,2.0
MRS GREEN,11.0,The Lesbian Wedding,I guess I just figured of all people you would understand this.,160.0,2.0
RACHEL,11.0,The Lesbian Wedding,Why on earth would I understand this?,161.0,2.0
MRS GREEN,11.0,The Lesbian Wedding,You didn't marry your Barry. I did.,162.0,2.0
RACHEL,11.0,The Lesbian Wedding,Oh.,163.0,2.0
MONICA,11.0,The Lesbian Wedding,"All right people, we're in trouble here. We've only got 12 hours and 36 minutes left. Move, move, move!",164.0,2.0
CHANDLER,11.0,The Lesbian Wedding,"Monica, I feel like you should have German subtitles.",165.0,2.0
MONICA,11.0,The Lesbian Wedding,"Joey, speed it up!",166.0,2.0
JOEY,11.0,The Lesbian Wedding,"I'm sorry, it's the pigs. they're reluctant to get in the blankets!",167.0,2.0
PHOEBE,11.0,The Lesbian Wedding,"Monica, how did this happen? I thought you had this all planned out.",168.0,2.0
MONICA,11.0,The Lesbian Wedding,Do you want me to cry? Is that what you want? Do you wanna see me cry?,169.0,2.0
PHOEBE,11.0,The Lesbian Wedding,Sir! No sir!,170.0,2.0
MONICA,11.0,The Lesbian Wedding,"[to Ross] All right, you!",171.0,2.0
ROSS,11.0,The Lesbian Wedding,"No. Look, I told you I am not a part of this thing.",172.0,2.0
MONICA,11.0,The Lesbian Wedding,"All right, look, Ross. I realize that you have issues with Carol and Susan, and I feel for you, I do. But if you don't help me cook, I'm gonna take a bunch of those little hot dogs, and I'm gonna create a new appetizer called ""pigs in Ross"". All right, ball the melon.",173.0,2.0
CHANDLER,11.0,The Lesbian Wedding,"Hey! How come I'm stuck dicing, when he gets to ball the melon.",174.0,2.0
MONICA,11.0,The Lesbian Wedding,Hi.,175.0,2.0
CAROL,11.0,The Lesbian Wedding,How's it going?,176.0,2.0
MONICA,11.0,The Lesbian Wedding,It's goin' great. Right on schedule. Got my little happy helpers.[everyone groans],177.0,2.0
CAROL,11.0,The Lesbian Wedding,"Fine, whatever.",178.0,2.0
ROSS,11.0,The Lesbian Wedding,What's the matter?,179.0,2.0
CAROL,11.0,The Lesbian Wedding,"Nothing. Ok, everything. I think we're calling off the wedding.",180.0,2.0
ROSS,11.0,The Lesbian Wedding,What?,181.0,2.0
MONICA,11.0,The Lesbian Wedding,"You're still gonna pay me, right? Or something a little less selfish.",182.0,2.0
ROSS,11.0,The Lesbian Wedding,"Carol, what's the matter? What happened?",183.0,2.0
CAROL,11.0,The Lesbian Wedding,My parents called this afternoon to say they weren't coming.,184.0,2.0
ROSS,11.0,The Lesbian Wedding,Oh my god.,185.0,2.0
CAROL,11.0,The Lesbian Wedding,"I mean, I knew they were having trouble with this whole thing, but they're my parents. They're supposed to give me away and everything.",186.0,2.0
ROSS,11.0,The Lesbian Wedding,It's ok. I'm sorry.,187.0,2.0
CAROL,11.0,The Lesbian Wedding,"And then Susan and I got in this big fight because I said maybe we should call off the wedding, and she said we weren't doing it for them, we were doing it for us, and if I couldn't see that, then maybe we should call off the wedding. I don't know what to do.",188.0,2.0
ROSS,11.0,The Lesbian Wedding,"I uh can't believe I'm gonna say this, but I think Susan's right.",189.0,2.0
CAROL,11.0,The Lesbian Wedding,You do?,190.0,2.0
ROSS,11.0,The Lesbian Wedding,"Look, do you love her? And you don't have to be too emphatic about this.",191.0,2.0
CAROL,11.0,The Lesbian Wedding,Of course I do.,192.0,2.0
ROSS,11.0,The Lesbian Wedding,"Well then that's it. And if George and Adelaide can't accept that, then the hell with them. Look, if my parents didn't want me to marry you, no way that would have stopped me. Look, this is your wedding. Do it.",193.0,2.0
CAROL,11.0,The Lesbian Wedding,You're right. Of course you're right.,194.0,2.0
MONICA,11.0,The Lesbian Wedding,So we're back on?,195.0,2.0
CAROL,11.0,The Lesbian Wedding,We're back on.,196.0,2.0
MONICA,11.0,The Lesbian Wedding,"You heard the woman. Peel, chop, devil! I can't believe I lost 2 minutes.",197.0,2.0
JOEY,11.0,The Lesbian Wedding,"It just seems so futile, you know ? All these women, and nothing. I feel like Superman without my powers, you know? I have the cape, and yet I cannot fly.",198.0,2.0
CHANDLER,11.0,The Lesbian Wedding,"Well now you understand how I feel every single day, ok? The world is my lesbian wedding.",199.0,2.0
PHOEBE,11.0,The Lesbian Wedding,"[Mrs. Adelman's voice] Butterscotch? No one? All right, you'll be sorry later.",200.0,2.0
CAROL,11.0,The Lesbian Wedding,Thank you.,201.0,2.0
ROSS,11.0,The Lesbian Wedding,Any time. [He doesn't want to let her go],202.0,2.0
CAROL,11.0,The Lesbian Wedding,Ross. [He lets her go],203.0,2.0
MINISTER,11.0,The Lesbian Wedding,"You know, nothing makes God happier than when two people, any two people, come together in love. Friends, family, we're gathered here today to join Carol and Susan in holy matrimony.",204.0,2.0
PHOEBE,11.0,The Lesbian Wedding,"[Mrs. Adelman's voice] Oh my god. Now I've seen everything! [Phoebe's voice] Whoa, she's gone. She's gone. She's gone! Go ahead, get married. Go, go.",205.0,2.0
MONICA,11.0,The Lesbian Wedding,Would you look at them?,206.0,2.0
ROSS,11.0,The Lesbian Wedding,"Yeah, can't help but.",207.0,2.0
JOEY,11.0,The Lesbian Wedding,[to a wedding guest] How's that pig-in-the-blanket workin' out for you? [the guy nods] I wrapped those bad boys.,208.0,2.0
PHOEBE,11.0,The Lesbian Wedding,I miss Rose.,209.0,2.0
CHANDLER,11.0,The Lesbian Wedding,"Oh, yeah?",210.0,2.0
PHOEBE,11.0,The Lesbian Wedding,"I know it's kind of weird, but I mean, she was a big part of my life there, you know, and now I just feel kind of alone.",211.0,2.0
WOMAN,11.0,The Lesbian Wedding,"You know, I uh, I couldn't help but overhear what you just said, and I think it's time for you to forget about Rose, move on with your life...how 'bout we go get you a drink?",212.0,2.0
PHOEBE,11.0,The Lesbian Wedding,"Ok, that's so nice.",213.0,2.0
CHANDLER,11.0,The Lesbian Wedding,"[to an attractive woman] I shouldn't even bother coming up with a line, right? [The woman walks away]",214.0,2.0
RACHEL,11.0,The Lesbian Wedding,"Hey, Mom? Having fun?",215.0,2.0
MRS GREEN,11.0,The Lesbian Wedding,"Oh, am I! I just danced with a wonderfully large woman. And three other girls made eyes at me over the buffet. Oh, I'm not saying it's something I wanna pursue, but it's nice to know I have options.",216.0,2.0
RACHEL,11.0,The Lesbian Wedding,"There's more alcohol, right?",217.0,2.0
SUSAN,11.0,The Lesbian Wedding,How you doin'?,218.0,2.0
ROSS,11.0,The Lesbian Wedding,Ok.,219.0,2.0
SUSAN,11.0,The Lesbian Wedding,You did a good thing today.,220.0,2.0
ROSS,11.0,The Lesbian Wedding,Yeah.,221.0,2.0
SUSAN,11.0,The Lesbian Wedding,You wanna dance?,222.0,2.0
ROSS,11.0,The Lesbian Wedding,"No, that's fine.",223.0,2.0
SUSAN,11.0,The Lesbian Wedding,Come on. I'll let you lead.,224.0,2.0
ROSS,11.0,The Lesbian Wedding,Ok.,225.0,2.0
CHANDLER,11.0,The Lesbian Wedding,[to the woman who just rejected him] All right look. Penis schmenis. We're all people. [She walks away again.,226.0,2.0
MONICA,11.0,The Lesbian Wedding,"Ok, which one of us do you think is gonna be the first one to get married?",227.0,2.0
ROSS,11.0,The Lesbian Wedding,"Well, Mon, I was married.",228.0,2.0
PHOEBE,11.0,The Lesbian Wedding,"Yeah, me, too, technically.",229.0,2.0
RACHEL,11.0,The Lesbian Wedding,I had a wedding.,230.0,2.0
MONICA,11.0,The Lesbian Wedding,"All right, just trying to start an interesting discussion.",231.0,2.0
JOEY,11.0,The Lesbian Wedding,I got one. Which one of us do you think will be the last to get married? [They all look at Chandler],232.0,2.0
CHANDLER,11.0,The Lesbian Wedding,Isn't Ben in this?,233.0,2.0
ALL,11.0,The Lesbian Wedding,"Oh, yeah!",234.0,2.0
RACHEL,24.0,Barry And Mindy's Wedding,"Hey Joey, how'd the audition go?",0.0,2.0
JOEY,24.0,Barry And Mindy's Wedding,Incredible! I met the director this time and you'll never believe who it was.,1.0,2.0
ALL,24.0,Barry And Mindy's Wedding,Who?,2.0,2.0
JOEY,24.0,Barry And Mindy's Wedding,All right. I'll give you one hint. Warren Beatty.,3.0,2.0
ALL,24.0,Barry And Mindy's Wedding,Wow!,4.0,2.0
JOEY,24.0,Barry And Mindy's Wedding,"Yeah, there's just one thing that might be kind've a problem. See, I, uh, had to kiss this guy.",5.0,2.0
CHANDLER,24.0,Barry And Mindy's Wedding,'Cause he was just so darn cute.,6.0,2.0
JOEY,24.0,Barry And Mindy's Wedding,"No, as part of the audition. See, I'm up for this part of this guy, who the main guy kisses.",7.0,2.0
ROSS,24.0,Barry And Mindy's Wedding,"Well, hey. You're an actor, I say you just suck it up and do it. (Rachel looks at him in disbelief) Or you just do it.",8.0,2.0
JOEY,24.0,Barry And Mindy's Wedding,"I did do it, I'm a professional.",9.0,2.0
MONICA,24.0,Barry And Mindy's Wedding,Then what's the problem?,10.0,2.0
JOEY,24.0,Barry And Mindy's Wedding,"See after the scene, Mr. Beatty comes up to me and says 'good actor, bad kisser'. Can you believe that, me not a good kisser, that's like, like Mother Theresa, not a good mother.",11.0,2.0
PHOEBE,24.0,Barry And Mindy's Wedding,"Well, come on, who cares what that guy thinks. What does Warren Beatty know about kissing (Chandler and Monica, give her a look that says 'think about it') Ooh.",12.0,2.0
CHANDLER,24.0,Barry And Mindy's Wedding,"Hey, what did your agent say?",13.0,2.0
JOEY,24.0,Barry And Mindy's Wedding,"Yep, this kiss thing is defiantly a problem, Mr. Beatty wants to see it again on Monday. Man, I gotta figure out what I'm doing wrong. Oh, okay, one of you girls come over here and kiss me.",14.0,2.0
MONICA,24.0,Barry And Mindy's Wedding,"What, forget it!",15.0,2.0
RACHEL,24.0,Barry And Mindy's Wedding,"Yeah, right.",16.0,2.0
JOEY,24.0,Barry And Mindy's Wedding,"Come on, I need your help here.",17.0,2.0
PHOEBE,24.0,Barry And Mindy's Wedding,"All right. I'll do it, I kissed him before I can do it again.",18.0,2.0
JOEY,24.0,Barry And Mindy's Wedding,"You see this, this is a friend.",19.0,2.0
PHOEBE,24.0,Barry And Mindy's Wedding,"Uh-huh, let's go. (they move in to kiss) Oh, wait I have gum. Okay. (they kiss rather passionately) Good, very good, firm but tender. I'd recommend you to a friend.",20.0,2.0
JOEY,24.0,Barry And Mindy's Wedding,Then I don't know what it is. What's the problem?,21.0,2.0
MONICA,24.0,Barry And Mindy's Wedding,"Joey, you know, maybe your just not used to kissing men, maybe you just tensed up a little, maybe that's what you need to work on.",22.0,2.0
JOEY,24.0,Barry And Mindy's Wedding,"Yeah, that makes sense. (looks at Ross)",23.0,2.0
ROSS,24.0,Barry And Mindy's Wedding,Over my dead body! (Joey looks at Chandler),24.0,2.0
CHANDLER,24.0,Barry And Mindy's Wedding,And I'll be using his dead body as a shield.,25.0,2.0
ROSS,24.0,Barry And Mindy's Wedding,"(entering from Rachel's bedroom) Come on out, honey! I'm telling you look good! (turns around, and under his breath, to the rest of the guys) Tell her she looks good, tell her she looks good.",26.0,2.0
PHOEBE,24.0,Barry And Mindy's Wedding,"(laughing) Oh my God, you look so good!",27.0,2.0
RACHEL,24.0,Barry And Mindy's Wedding,"I can not believe I have to walk down the aisle in front of 200 people looking like something you drink when your nauseous. ROSS: So don't, I don't see why we have to go to this thing anyway, it's your ex-fiancee's wedding.",28.0,2.0
RACHEL,24.0,Barry And Mindy's Wedding,Because I promised Mindy I would.,29.0,2.0
MONICA,24.0,Barry And Mindy's Wedding,"Yeah, well you promised Barry, you'd marry him. (Rachel glares at her, and she retreats to safety between Richard's legs)",30.0,2.0
RACHEL,24.0,Barry And Mindy's Wedding,"Look you guys, I have to go, I'm the Maid-of-Honor. And besides you know what I just need to be in a room again with these people and feel good about myself.",31.0,2.0
PHOEBE,24.0,Barry And Mindy's Wedding,Ooh-oh! Someone's wearing the same clothes they had on last night. Someone get a little action?,32.0,2.0
CHANDLER,24.0,Barry And Mindy's Wedding,I may have.,33.0,2.0
MONICA,24.0,Barry And Mindy's Wedding,"Woo-hoo, stuud!",34.0,2.0
ROSS,24.0,Barry And Mindy's Wedding,What's she look like?,35.0,2.0
CHANDLER,24.0,Barry And Mindy's Wedding,"Well, we haven't exactly met, we just stayed up all night talking on the internet.",36.0,2.0
MONICA,24.0,Barry And Mindy's Wedding,"Woo-hoo, geeek!",37.0,2.0
CHANDLER,24.0,Barry And Mindy's Wedding,"I like this girl, okay, I seriously like this girl, you now how sometimes I tend get a little defended and quipy...",38.0,2.0
ROSS,24.0,Barry And Mindy's Wedding,Get out!,39.0,2.0
RACHEL,24.0,Barry And Mindy's Wedding,Nooo!,40.0,2.0
MONICA,24.0,Barry And Mindy's Wedding,Please!,41.0,2.0
CHANDLER,24.0,Barry And Mindy's Wedding,"Well she totally called me on it, okay. She said, 'cut it out, get real', and I did.",42.0,2.0
RACHEL,24.0,Barry And Mindy's Wedding,Wow! What's that like?,43.0,2.0
CHANDLER,24.0,Barry And Mindy's Wedding,"It's like this, me, no jokes.",44.0,2.0
PHOEBE,24.0,Barry And Mindy's Wedding,"All right, stop it, you're freaking me out.",45.0,2.0
RICHARD,24.0,Barry And Mindy's Wedding,"Oh, yeah, I don't like you this way. All right, I'll see you guys later.",46.0,2.0
ALL,24.0,Barry And Mindy's Wedding,"Bye, Richard.",47.0,2.0
MONICA,24.0,Barry And Mindy's Wedding,"Bye sweetie, (kisses him) I love you.",48.0,2.0
RICHARD,24.0,Barry And Mindy's Wedding,"I love you, too.",49.0,2.0
PHOEBE,24.0,Barry And Mindy's Wedding,"I think my boyfriend ever so dreamy, I wonder what our wedding's gonna be like.",50.0,2.0
MONICA,24.0,Barry And Mindy's Wedding,What are you talking about? What wedding?,51.0,2.0
PHOEBE,24.0,Barry And Mindy's Wedding,"Come on, like you never talk that.",52.0,2.0
MONICA,24.0,Barry And Mindy's Wedding,"Nooo! Never! I mean, we're living in the moment. God, it is so nice for once to not have to get all hung up on 'Where is this going?'",53.0,2.0
RACHEL,24.0,Barry And Mindy's Wedding,Afraid to ask him?,54.0,2.0
MONICA,24.0,Barry And Mindy's Wedding,Could not be more terrified.,55.0,2.0
CHANDLER,24.0,Barry And Mindy's Wedding,"Well, I think you should seriously consider the marriage thing, give Rachel another chance to dress up like Princess Bubble Yum.",56.0,2.0
MONICA,24.0,Barry And Mindy's Wedding,"(holding up a blanket) Where's Benny? (drops the blanket) There he is! (does it again) Where's Benny, there he is.",57.0,2.0
RICHARD,24.0,Barry And Mindy's Wedding,"Awww! You know that's probably why babies learn to talk, so they can tell grown ups to cut it out.",58.0,2.0
MONICA,24.0,Barry And Mindy's Wedding,"Hey, you know I got a question for ya. Just a little thing, no pressure.",59.0,2.0
RICHARD,24.0,Barry And Mindy's Wedding,Okay.,60.0,2.0
MONICA,24.0,Barry And Mindy's Wedding,"Did you ever, uh, like, think about the future?",61.0,2.0
RICHARD,24.0,Barry And Mindy's Wedding,Sure I do.,62.0,2.0
MONICA,24.0,Barry And Mindy's Wedding,"Yeah, am I in it?",63.0,2.0
RICHARD,24.0,Barry And Mindy's Wedding,"Honey, you are in it.",64.0,2.0
MONICA,24.0,Barry And Mindy's Wedding,"Oh God, you are about to get sooo lucky.",65.0,2.0
RICHARD,24.0,Barry And Mindy's Wedding,"Oh, yeah!",66.0,2.0
MONICA,24.0,Barry And Mindy's Wedding,Keep talkin'.,67.0,2.0
RICHARD,24.0,Barry And Mindy's Wedding,"Well, uh, sometimes I think about selling my practice, we could move to France, make French toast.",68.0,2.0
MONICA,24.0,Barry And Mindy's Wedding,"Okay, so, uh, we're in France, we're making the toast. Do you see a little bassinet in the corner?",69.0,2.0
RICHARD,24.0,Barry And Mindy's Wedding,Like a hound?,70.0,2.0
MONICA,24.0,Barry And Mindy's Wedding,"Not a basset, a bassinet.",71.0,2.0
RICHARD,24.0,Barry And Mindy's Wedding,You really need the bassinet?,72.0,2.0
MONICA,24.0,Barry And Mindy's Wedding,"Well, I just think the baby would keep falling off the dog. Do you, uh, do you , do you not see kids in our future.",73.0,2.0
RICHARD,24.0,Barry And Mindy's Wedding,"Oh, hey. I love children, I have children. I just don't want to be 70 when our kids go off to college, and our lives can finally start.",74.0,2.0
MONICA,24.0,Barry And Mindy's Wedding,Uh-huh.,75.0,2.0
RICHARD,24.0,Barry And Mindy's Wedding,"Look I want you, now.",76.0,2.0
MONICA,24.0,Barry And Mindy's Wedding,"That's Great. You know we don't need to talk about this now. Really, I mean this is, is so way, way, way, in the future, I'm talkin' hovercrafts and apes taking over the planet.",77.0,2.0
JOEY,24.0,Barry And Mindy's Wedding,"Come on, Chandler, I want this part soo much. (Chandler ignores him) Just one kiss, I won't tell anyone.",78.0,2.0
CHANDLER,24.0,Barry And Mindy's Wedding,"Joey, no means no!",79.0,2.0
RACHEL,24.0,Barry And Mindy's Wedding,Hey!,80.0,2.0
CHANDLER,24.0,Barry And Mindy's Wedding,"I'm sorry we, we don't have your sheep.",81.0,2.0
JOEY,24.0,Barry And Mindy's Wedding,"Aww, Rach, I think you look cute (kisses her on the cheek, then looks at Ross) And you, uh, you, you I could eat with a spoon (goes to kiss him).",82.0,2.0
ROSS,24.0,Barry And Mindy's Wedding,Get away from me I said no!,83.0,2.0
MONICA,24.0,Barry And Mindy's Wedding,(entering) Richard buzzed. He's waiting downstairs.,84.0,2.0
JOEY,24.0,Barry And Mindy's Wedding,"Oh, Richard's here. I should run down say bye to him (runs out)",85.0,2.0
ALL,24.0,Barry And Mindy's Wedding,Bye.,86.0,2.0
PHOEBE,24.0,Barry And Mindy's Wedding,"Bye, good luck.",87.0,2.0
PHOEBE,24.0,Barry And Mindy's Wedding,"So how's your date with your cyberchick going. Ooh, hey, what is all that (points at the computer screen).",88.0,2.0
CHANDLER,24.0,Barry And Mindy's Wedding,"Oh, it's a website, it's the, uh, the Guggenheim (sp?, I'm not an art guy) museum. See, she likes art, and I like funny words.",89.0,2.0
PHOEBE,24.0,Barry And Mindy's Wedding,What does she mean by HH?,90.0,2.0
CHANDLER,24.0,Barry And Mindy's Wedding,(shyly) It means we're holding hands.,91.0,2.0
PHOEBE,24.0,Barry And Mindy's Wedding,Are you the cutest?,92.0,2.0
CHANDLER,24.0,Barry And Mindy's Wedding,I'm afraid I might just be.,93.0,2.0
PHOEBE,24.0,Barry And Mindy's Wedding,"You know, what I think is so great that you are totally into this person and yet for all you know she could be like 90 years old, or have two heads, or. It could be a guy.",94.0,2.0
CHANDLER,24.0,Barry And Mindy's Wedding,"Okay, it's not a guy, all right, I know her.",95.0,2.0
PHOEBE,24.0,Barry And Mindy's Wedding,It could be like a big giant guy.,96.0,2.0
JOEY,24.0,Barry And Mindy's Wedding,"(entering) Man, I got this close to him (holds up his fingers) and Monica kneed me in the back. What's going on?",97.0,2.0
PHOEBE,24.0,Barry And Mindy's Wedding,We were just wondering if Chandler's girlfriend is a girl.,98.0,2.0
JOEY,24.0,Barry And Mindy's Wedding,"Oh, well. Just ask her how long she's gonna live. Women live longer than men.",99.0,2.0
CHANDLER,24.0,Barry And Mindy's Wedding,How do you not fall down more?,100.0,2.0
PHOEBE,24.0,Barry And Mindy's Wedding,"Okay, ask her 'What is her current method of birth control?'",101.0,2.0
CHANDLER,24.0,Barry And Mindy's Wedding,"All right. (reading her answer) ""My husband is sleeping with his secretary."" She's married!",102.0,2.0
PHOEBE,24.0,Barry And Mindy's Wedding,Well at least we know she's a woman.,103.0,2.0
CHANDLER,24.0,Barry And Mindy's Wedding,I can't believe she's married.,104.0,2.0
JOEY,24.0,Barry And Mindy's Wedding,"Aw, man I'm sorry (starts rubbing Chandler's shoulder). This must be very tough for ya, huh (and starts comfroting him looking for a kiss).",105.0,2.0
MONICA,24.0,Barry And Mindy's Wedding,"So, I read this article in the paper the other day that says you're not supposed to throw rice at weddings, because when pigeons eat rice it kills them.",106.0,2.0
RICHARD,24.0,Barry And Mindy's Wedding,"Oh, that's why you never see pigeons at sushi bars.(they both start laughing at Richard's poor joke) See, we're having fun.",107.0,2.0
MONICA,24.0,Barry And Mindy's Wedding,"Oh, absolutely. Yeah, you know I'm not even thinking about that thing that we're not supposed to think about.",108.0,2.0
RICHARD,24.0,Barry And Mindy's Wedding,Neither am I.,109.0,2.0
ROSS,24.0,Barry And Mindy's Wedding,"Hey, there.",110.0,2.0
RACHEL,24.0,Barry And Mindy's Wedding,Hi.,111.0,2.0
ROSS,24.0,Barry And Mindy's Wedding,Are you all right?,112.0,2.0
RACHEL,24.0,Barry And Mindy's Wedding,"Yeah, when I was in the bathroom I saw the window that I crawled out of at my wedding, and God, I just started thinking that I shouldn't be here, you know I shouldn't, people are going to be looking at me and judging me and, and thinking about the last time.",113.0,2.0
ROSS,24.0,Barry And Mindy's Wedding,"Sweetie, it's be gonna okay, all right. It's a wedding, generally people focus on the bride.",114.0,2.0
RACHEL,24.0,Barry And Mindy's Wedding,"God I know, you're right.",115.0,2.0
WEDDING PLANNER,24.0,Barry And Mindy's Wedding,"All rightie, everybody look at me. Good. All right, its time. Bridesmaids and ushers let's see two lines, thank you.",116.0,2.0
RACHEL,24.0,Barry And Mindy's Wedding,"Okay, I'll see you after the thing.",117.0,2.0
ROSS,24.0,Barry And Mindy's Wedding,"Okay, good luck (kisses her and leaves)",118.0,2.0
RACHEL,24.0,Barry And Mindy's Wedding,"Thank you, Okay, Okay.",119.0,2.0
RACHEL,24.0,Barry And Mindy's Wedding,Why the hell didn't you tell me!,120.0,2.0
ROSS,24.0,Barry And Mindy's Wedding,"I'm sorry. What was I supposed to do stand up and shout 'Hey, Rachel, your butt is showing!'",121.0,2.0
RACHEL,24.0,Barry And Mindy's Wedding,"Oh my God this is sooo humiliating. I think the only thing that tops that was, was, was when I was in the eight grade and I had to sing the Copa Cabana in front of the entire school. I think I got about two lines into it before I ran and freaked out. Oh my God, my entire life is flashing before my eyes.",122.0,2.0
ROSS,24.0,Barry And Mindy's Wedding,"Rach, hey look, I remember that, it wasn't so bad.",123.0,2.0
RACHEL,24.0,Barry And Mindy's Wedding,"Oh Ross, would you stop, you got me, I'm dating you.",124.0,2.0
RACHEL,24.0,Barry And Mindy's Wedding,"Oh hi, Mr. Wineburg, hi Mrs. Wineburg.",125.0,2.0
RACHEL,24.0,Barry And Mindy's Wedding,"Okay, now that is the third time someone has said something like that to me today.",126.0,2.0
MINDY,24.0,Barry And Mindy's Wedding,(entering) Rach! Rach!,127.0,2.0
RACHEL,24.0,Barry And Mindy's Wedding,"Oh, hi!",128.0,2.0
MINDY,24.0,Barry And Mindy's Wedding,"Oh my God, I'm married!",129.0,2.0
RACHEL,24.0,Barry And Mindy's Wedding,I know.,130.0,2.0
MINDY,24.0,Barry And Mindy's Wedding,I'm Mrs. Dr. Barry Hunter hyphen Farber.,131.0,2.0
RACHEL,24.0,Barry And Mindy's Wedding,"Oh honey, I'm so proud of you, Min.",132.0,2.0
BARRY,24.0,Barry And Mindy's Wedding,"(entering) Min. Oh Rach, you're still here, at our wedding, they were packing up the chopped liver about now.",133.0,2.0
RACHEL,24.0,Barry And Mindy's Wedding,"Yeah, I love that story. Um, I got a question for you guys. Why do people keep is saying that is good to see me up and about?",134.0,2.0
MINDY,24.0,Barry And Mindy's Wedding,"Well uh, after you ran out on your wedding, Barry's parents told people that you were sort of....insane.",135.0,2.0
RACHEL,24.0,Barry And Mindy's Wedding,Insane!,136.0,2.0
MINDY,24.0,Barry And Mindy's Wedding,...from the syphilis.,137.0,2.0
RACHEL,24.0,Barry And Mindy's Wedding,What?!,138.0,2.0
BARRY,24.0,Barry And Mindy's Wedding,"Yeah, what are they gonna say you didn't love me anymore. Come on.Scene: Chandler and Joey's, Phoebe, Chandler, and Joey are there, Joey is on the phone.]",139.0,2.0
JOEY,24.0,Barry And Mindy's Wedding,"Angela? Joey Tribiani. Listen, what are ya doing tonight. I know your seeing that guy I was thinking maybe you could bring him.....Hello? Hello? (picks up a statue of an Indian and walks into his room)",140.0,2.0
PHOEBE,24.0,Barry And Mindy's Wedding,"Aren't you gonna answer her, that's like the tenth bing-bong message she sent. She wants to know what's wrong?",141.0,2.0
CHANDLER,24.0,Barry And Mindy's Wedding,What's wrong? What's wrong? You're married that's what's wrong.,142.0,2.0
PHOEBE,24.0,Barry And Mindy's Wedding,"Oh, my.",143.0,2.0
CHANDLER,24.0,Barry And Mindy's Wedding,What?,144.0,2.0
PHOEBE,24.0,Barry And Mindy's Wedding,She wants to meet you in person.,145.0,2.0
CHANDLER,24.0,Barry And Mindy's Wedding,"Hey, look, Phoebe I wanted to meet her in person too, okay, but she's married, she has a husband.",146.0,2.0
PHOEBE,24.0,Barry And Mindy's Wedding,"What if the husband person is the wrong guy, and you are the right guy. I mean you don't get chances like this all the time, if you don't meet her now, you're gonna be kicking yourself when your 80, which is hard to do, and that's how you break a hip.",147.0,2.0
CHANDLER,24.0,Barry And Mindy's Wedding,"Okay, I'll do it!",148.0,2.0
PHOEBE,24.0,Barry And Mindy's Wedding,"Oh, yeah! Okay! Great! Go, man, go put on your shoes, and, and march out there and meet her! (Chandler runs and picks up his shoes) Oh, wait, no, no you have to take a shower, 'cause, eww. (Chandler runs to the bathroom, as the computer bing-bongs) No, you know what you have to answer her, answer her first. (Chandler runs to the computer) No, no, you know what make some coffee 'cause its too much. (Chandler walks slowly into the kitchen)",149.0,2.0
MONICA,24.0,Barry And Mindy's Wedding,"Okay, one more, please. Come on, I'm gonna get it in this time, I will.",150.0,2.0
RICHARD,24.0,Barry And Mindy's Wedding,"Okay, last chance. (Monica throws the candy and hits some woman in the back of the head, Richard turns around and says) Again, I'm sorry.",151.0,2.0
MONICA,24.0,Barry And Mindy's Wedding,"You know what, maybe I don't need to have children. You know maybe I just think I do because that is what society, and by that I mean my mom, has always convinced me that I...(sees two little girls dancing together) I do, I have to have children, I'm sorry, I just do.",152.0,2.0
BEST MAN,24.0,Barry And Mindy's Wedding,"(standing up) Yo! Can I have your attention, please, Best Man, making a toast here. Thank you. (clears throat, and starts reading his toast) I remember when Barry got home from his first date with Rachel...",153.0,2.0
ALL,24.0,Barry And Mindy's Wedding,What?!,154.0,2.0
BEST MAN,24.0,Barry And Mindy's Wedding,"What, (to Barry) you hired the same band I can't use the same speech. (gets a 'da-doom-chesh' from the drummer) Thank you, thank you very much. Anyway, I wish you both a wonderful life together. And Rachel...",155.0,2.0
RACHEL,24.0,Barry And Mindy's Wedding,What.,156.0,2.0
BEST MAN,24.0,Barry And Mindy's Wedding,"No, no, no now in all seriousness, its not a lot of women would've had the guts to come back here tonight, and even fewer, who would do it with their asses hanging out! (da-doom-chesh)",157.0,2.0
ROSS,24.0,Barry And Mindy's Wedding,"(standing up) Uh, I like to, uh, to add something to that...",158.0,2.0
RACHEL,24.0,Barry And Mindy's Wedding,"Why are you adding, why are you adding, why are you adding, why are you adding?",159.0,2.0
ROSS,24.0,Barry And Mindy's Wedding,"Most of you don't know me, I'm Rachel's boyfriend.",160.0,2.0
RACHEL,24.0,Barry And Mindy's Wedding,Oh dear God.,161.0,2.0
ROSS,24.0,Barry And Mindy's Wedding,"Ross, uh and uh, I'd just like to say that it did take a lot of courage for Rachel to come here tonight. And, uh, for the record she did not run out on Barry because she had syphilis. (da-doom-chesh) (to drummer) What are you doing I'm serious. Uh, the reason she walked out on, on Barry is simply that she didn't love him, which incidentally worked out pretty well for me (looks for the da-doom-chesh, and doesn't get one) Cheers.",162.0,2.0
RACHEL,24.0,Barry And Mindy's Wedding,(to Ross) She you in the parking lot.,163.0,2.0
ROSS,24.0,Barry And Mindy's Wedding,"(runs after her) No, Rach!",164.0,2.0
BARRY,24.0,Barry And Mindy's Wedding,And once again she is out of here. Okay who had 9:45? Um?,165.0,2.0
RACHEL,24.0,Barry And Mindy's Wedding,"(after a pause with everyone staring at her, she goes up to the microphone) Ya, know what Barr, I'm not gonna leave. I probably should, but I'm not, see 'cause I promised myself that I would make it through at least *one* of your weddings (da-doom-chesh). See now, tonight, all I really wanted was to make it though this evening with a little bit of grace and dignity. Well (laughing), I guess we can all agree that's not gonna happen. There's nothing really left to say except....(starts singing) ""Her name was Lola. She was a showgirl. With yellow feathers (band joins in), feathers in her hair, and a dress cut down to there. She would...""",166.0,2.0
ROSS,24.0,Barry And Mindy's Wedding,"Marenge,",167.0,2.0
RACHEL,24.0,Barry And Mindy's Wedding,"(singing) ""...marenge, thank you honey, and do the cha-cha. And while she like to be a star, Tony always tended bar. At the, wait, wait, everybody..""",168.0,2.0
ROSS,24.0,Barry And Mindy's Wedding,Everybody!,169.0,2.0
RACHEL,24.0,Barry And Mindy's Wedding,"At the Copa, Copa Cabana (everyone joins in) The hottest spot north of Havana. At the Copa, Coo-pa Ca-ban-a, music and fashion were always the passion, at the Copa....",170.0,2.0
RICHARD,24.0,Barry And Mindy's Wedding,"Okay, I'll do it.",171.0,2.0
MONICA,24.0,Barry And Mindy's Wedding,You'll do what?,172.0,2.0
RICHARD,24.0,Barry And Mindy's Wedding,If kids is what I takes to be with you then kids it is.,173.0,2.0
MONICA,24.0,Barry And Mindy's Wedding,Oh my God!,174.0,2.0
RICHARD,24.0,Barry And Mindy's Wedding,"If I have to I'll, I'll do all again , I'll do the 4 o'clock feeding thing, I'll go to the P.T.A. meetings, I'll coach the soccer team.",175.0,2.0
MONICA,24.0,Barry And Mindy's Wedding,Really?,176.0,2.0
RICHARD,24.0,Barry And Mindy's Wedding,"Yeah, if I have to. Monica, I don't wanna lose you, so if I have to do it all over again, then I will.",177.0,2.0
MONICA,24.0,Barry And Mindy's Wedding,"You're the most wonderful man. And if you hadn't of said 'if I have to' like seventeen times, then I'd be saying 'okay, let's do it.'",178.0,2.0
RICHARD,24.0,Barry And Mindy's Wedding,But you're not.,179.0,2.0
MONICA,24.0,Barry And Mindy's Wedding,"Oh my God, I can't believe what I'm getting ready to say. I wanna have a baby, but I don't wanna have one with someone who doesn't really wanna have one.",180.0,2.0
RICHARD,24.0,Barry And Mindy's Wedding,God. I love you.,181.0,2.0
MONICA,24.0,Barry And Mindy's Wedding,I know you do. Me too. (pause) So what now?,182.0,2.0
RICHARD,24.0,Barry And Mindy's Wedding,I guess we just keep dancing.,183.0,2.0
CHANDLER,24.0,Barry And Mindy's Wedding,"Where is she, Where is she? (grabs Rachel) Oh, hey, I have a question, where is she?",184.0,2.0
RACHEL,24.0,Barry And Mindy's Wedding,"Chandler, relax, Chandler, she'll be here.",185.0,2.0
CHANDLER,24.0,Barry And Mindy's Wedding,"(noticing a beautiful blond walking in) Ooh, oh, oh, that's her.",186.0,2.0
ROSS,24.0,Barry And Mindy's Wedding,"(seeing her also) Yeah, 'cause life's just that kind.",187.0,2.0
PHOEBE,24.0,Barry And Mindy's Wedding,"Chandler, you gotta stop staring at the door. It's like a watched pot, you know if you keep looking at it then the door is to, never gonna boil. I think what you have to do is try not to...",188.0,2.0
CHANDLER,24.0,Barry And Mindy's Wedding,Oh my God! (it's Janice),189.0,2.0
JANICE,24.0,Barry And Mindy's Wedding,OH.....MY.....GAWD!! (Chandler rushes over and kisses her),190.0,2.0
ALL,24.0,Barry And Mindy's Wedding,OH.....MY.....GOD!!,191.0,2.0
ROSS,24.0,Barry And Mindy's Wedding,"All right I've been feeling incredibly guilty about this, because I wanna be a good friend, and dammit I am a good friend. So just, just shut up and close your eyes (kisses Joey).",192.0,2.0
JOEY,24.0,Barry And Mindy's Wedding,"Wow, you are a good friend, 'course the audition was this morning, and I didn't get it. But that was a hell of a kiss. Rachel is a very lucky girl.",193.0,2.0
Story by,20.0,The Wedding Dresses,Adam Chase Teleplay by: Michael Curtis & Gregory S. Malins Transcribed by: Eric Aasen,0.0,4.0
Chandler,20.0,The Wedding Dresses,Are you kidding me?! Joey. Joey! Joey! Joey! Joey! Joey! Joey! Joey! Joey! Joey!!,1.0,4.0
Joey,20.0,The Wedding Dresses,"(joining in, in his sleep) Joey. Joey. Joey. Joey! Joey!!",2.0,4.0
Chandler,20.0,The Wedding Dresses,"Oh. Oh, did-did-did I wake you?",3.0,4.0
Chandler,20.0,The Wedding Dresses,"Gunther, can I get another cup of coffee, please? (Gunther starts to pour him another cup.) So uh, what do you do when youre not working here?",5.0,4.0
Gunther,20.0,The Wedding Dresses,You dont need to fill these silences.,6.0,4.0
Chandler,20.0,The Wedding Dresses,"Oh, okay, thanks. (He goes back to the couch and rejoins Monica, Joey, and Phoebe.)",7.0,4.0
Monica,20.0,The Wedding Dresses,"Chandler, thats like your fourth cup of coffee!",8.0,4.0
Chandler,20.0,The Wedding Dresses,"Well, I am drinking lots of cups of coffee because Im exhausted! Because Joey started snoring!",9.0,4.0
Monica,20.0,The Wedding Dresses,Hes in a different room! Hes really that loud?,10.0,4.0
Joey,20.0,The Wedding Dresses,"(proudly) Oh, you should here me.",11.0,4.0
Chandler,20.0,The Wedding Dresses,"Its not something to be proud of, okay? You have to go to a sleep clinic!",12.0,4.0
Joey,20.0,The Wedding Dresses,"Look, I told ya, Im not going to any clinic! I dont have a problem, youre the one with the problem! You should go to a ""Quit being a baby and leave me alone"" clinic!",13.0,4.0
Chandler,20.0,The Wedding Dresses,They dont have those.,14.0,4.0
Joey,20.0,The Wedding Dresses,"Yeah, they do! Quit being a baby and leave me alone! There, youve just had your first class!",15.0,4.0
Monica,20.0,The Wedding Dresses,"Yknow I used to go out with this guy that was a really light sleeper, and whenever I started to snore, he would just roll me over",16.0,4.0
Joey,20.0,The Wedding Dresses,"Ohhh, yeah!",17.0,4.0
Monica,20.0,The Wedding Dresses,He would just roll me over and I would stop snoring.,18.0,4.0
Chandler,20.0,The Wedding Dresses,"Next time you snore, Im rolling ya over!",19.0,4.0
Joey,20.0,The Wedding Dresses,"I gotta do what I gotta do, you gotta do what you gotta do, you just do it.",20.0,4.0
Ross,20.0,The Wedding Dresses,(entering) Hey guys!,21.0,4.0
Chandler,20.0,The Wedding Dresses,"Hey, all right!",22.0,4.0
Phoebe,20.0,The Wedding Dresses,Hey!,23.0,4.0
Phoebe,20.0,The Wedding Dresses,"Oh, the Olympics.",24.0,4.0
Monica,20.0,The Wedding Dresses,Have you guys picked a date yet?,25.0,4.0
Ross,20.0,The Wedding Dresses,"Oh no, not yet.",26.0,4.0
Phoebe,20.0,The Wedding Dresses,I still cannot believe youre engaged! (Ross looks at her) Just cause its happening so fast; not cause youre such a loser.,27.0,4.0
Ross,20.0,The Wedding Dresses,"Oh. Thanks. Uh, has anyone seen Rach?",28.0,4.0
Monica,20.0,The Wedding Dresses,"Ugh, shes upstairs not doing the dishes! And I tell ya something! Im not doing them this time! I dont care if those dishes sit in the sink until theyre all covered withIll do them when I get home!",29.0,4.0
Ross,20.0,The Wedding Dresses,"Yeahoh! Hey listen umm, Emily found this wedding dress in London",30.0,4.0
Phoebe,20.0,The Wedding Dresses,Already?!,31.0,4.0
Ross,20.0,The Wedding Dresses,"Yeah, but it didnt fit. Well, luckily theres a store here that has one left in her size, but Im the groom, Im not supposed to see the dress",32.0,4.0
Monica,20.0,The Wedding Dresses,Ill pick it up for you!,33.0,4.0
Ross,20.0,The Wedding Dresses,Thank you.,34.0,4.0
Monica,20.0,The Wedding Dresses,Okay.,35.0,4.0
Chandler,20.0,The Wedding Dresses,"Oh, shes got you running errands, yknow, picking up wedding dresses (Laughs and makes like Indiana Jones and his whip) Wah-pah!",36.0,4.0
Ross,20.0,The Wedding Dresses,Whats wah-pah?,37.0,4.0
Chandler,20.0,The Wedding Dresses,"Yknow, whipped! Wah-pah!",38.0,4.0
Joey,20.0,The Wedding Dresses,Thats not whipped! Whipped is wh-tcssh!,39.0,4.0
Chandler,20.0,The Wedding Dresses,Thats what I did. Wah-pah!,40.0,4.0
Joey,20.0,The Wedding Dresses,You cant do anything!,41.0,4.0
Rachel,20.0,The Wedding Dresses,"Hey, Mon, I was just doing the dishes!",42.0,4.0
Ross,20.0,The Wedding Dresses,Hey!,43.0,4.0
Rachel,20.0,The Wedding Dresses,Oh! Its you. (She stops doing the dishes.) Hi.,44.0,4.0
Ross,20.0,The Wedding Dresses,"Hey, do uh, do you have a minute?",45.0,4.0
Rachel,20.0,The Wedding Dresses,"Yeah, yeah, I was just about to take a break anyways, so",46.0,4.0
Ross,20.0,The Wedding Dresses,"So listen uh, I know you and I havent really had a chance to talk since uh, Emily and I decided to get married, and uh, I was just wondering how you were.",47.0,4.0
Rachel,20.0,The Wedding Dresses,Oh.,48.0,4.0
Ross,20.0,The Wedding Dresses,"I know if you were getting married Id feel, kinda.. yknow.",49.0,4.0
Rachel,20.0,The Wedding Dresses,"Yeah. Yeah. Definitely, well it definitely took me by surprise, but Im okay.",50.0,4.0
Ross,20.0,The Wedding Dresses,Yeah?,51.0,4.0
Rachel,20.0,The Wedding Dresses,Yeah.,52.0,4.0
Ross,20.0,The Wedding Dresses,"All right, I just wanted to check.",53.0,4.0
Rachel,20.0,The Wedding Dresses,"Oh, thats sweet.",54.0,4.0
Ross,20.0,The Wedding Dresses,Youre great. And I-I know someday this will happen for you too. You just hang in there.,55.0,4.0
Rachel,20.0,The Wedding Dresses,"(breaking the hug) Uhh, hang in there?",56.0,4.0
Ross,20.0,The Wedding Dresses,"Oh, no, I didnt mean, uh",57.0,4.0
Rachel,20.0,The Wedding Dresses,I mean maybe you didnt hear about a serious relationship called me and Joshua?,58.0,4.0
Ross,20.0,The Wedding Dresses,"Oh, I thought you guys had just been on like four dates, I didnt realise that had become anything, yet.",59.0,4.0
Rachel,20.0,The Wedding Dresses,"Oh, no-no-no, no-no-no, it has become, it hasyeah. Oh no, those were four great dates.",60.0,4.0
Ross,20.0,The Wedding Dresses,Oh. Yeah?,61.0,4.0
Rachel,20.0,The Wedding Dresses,"Yeah. Oh, yeah. And I mean, the connection, I mean yknow, emotionally, mentally, physically",62.0,4.0
Ross,20.0,The Wedding Dresses,"Wow, thats-thats-thats incredible.",63.0,4.0
Rachel,20.0,The Wedding Dresses,I know isnt it? Its like Im right there with Joshua.,64.0,4.0
Ross,20.0,The Wedding Dresses,Uh-huh.,65.0,4.0
Rachel,20.0,The Wedding Dresses,"You are right there with Emily. And its yknow, its kinda like. its a tie! Well, I gotta get, I gotta get back to the dishes.",66.0,4.0
Ross,20.0,The Wedding Dresses,I gotta get to work.,67.0,4.0
Rachel,20.0,The Wedding Dresses,Oh yeah? Fine.,68.0,4.0
Ross,20.0,The Wedding Dresses,"Hey, yknow, yknow what would make me really happy?",69.0,4.0
Rachel,20.0,The Wedding Dresses,"Oh yeah, no, whats that?",70.0,4.0
Ross,20.0,The Wedding Dresses,"If like the four of us could all yknow, hang out together. Uh, in fact Emilys coming into town this weekend, why dont you say we all have dinner? Say, Sunday night?",71.0,4.0
Rachel,20.0,The Wedding Dresses,That would be great!,72.0,4.0
Ross,20.0,The Wedding Dresses,"Yeah, all right, its a date. (He leaves)",73.0,4.0
Rachel,20.0,The Wedding Dresses,(to the closed door) Hang in there. You hang in there. (Gives him the raspberry.),74.0,4.0
Ross,20.0,The Wedding Dresses,(coming back in) Did you say something?,75.0,4.0
Rachel,20.0,The Wedding Dresses,"No, just singing. (Does a little song.)",76.0,4.0
Monica,20.0,The Wedding Dresses,Oh my God! Ohh! Look at this one! Its so beautiful!,77.0,4.0
Phoebe,20.0,The Wedding Dresses,"Yeah, but yknow, about have of these are gonna end up getting divorced.",78.0,4.0
The Saleslady,20.0,The Wedding Dresses,May I help you ladies?,79.0,4.0
Monica,20.0,The Wedding Dresses,"Oh, yes, umm, Im here to pick up a dress that you have on hold.",80.0,4.0
The Saleslady,20.0,The Wedding Dresses,"Yes, whats the name, please?",81.0,4.0
Monica,20.0,The Wedding Dresses,Emily Waltham.,82.0,4.0
The Saleslady,20.0,The Wedding Dresses,Yes! I have it right here. (Phoebe and Monica both gasp at the dress.) Would you like to try it on Ms. Waltham?,83.0,4.0
Monica,20.0,The Wedding Dresses,(laughs) Okay.,84.0,4.0
Phoebe,20.0,The Wedding Dresses,Youre the most beautiful bride Ive ever seen.,85.0,4.0
Monica,20.0,The Wedding Dresses,"I am, arent I?",86.0,4.0
The Saleslady,20.0,The Wedding Dresses,Ms. Waltham?,87.0,4.0
Monica,20.0,The Wedding Dresses,Yes?,88.0,4.0
The Saleslady,20.0,The Wedding Dresses,Were closing.,89.0,4.0
Monica,20.0,The Wedding Dresses,All right. (Goes to take off the dress.),90.0,4.0
The Saleslady,20.0,The Wedding Dresses,And could I get my ring back?,91.0,4.0
Chandler,20.0,The Wedding Dresses,"All right buddy, time to roll over. (Rolls him over, and discovers a surprise) (Looking down) No-no! (Covers his eyes) No, no-n-n-n-no!! You are going to a clinic! Youre going to a clinic, and a pyjama store!",92.0,4.0
Monica,20.0,The Wedding Dresses,Does she use the cups? Yes! I believe she does. Does she use the plates? Yes! I believe she does. (Looks at the wedding dress and stops.),93.0,4.0
Monica,20.0,The Wedding Dresses,"Oh. Thank you. Ohhh, thank you very much. Oh, thank you for coming. (Theres a knock on the door.) Uh, just a second!",94.0,4.0
Phoebe,20.0,The Wedding Dresses,"No-no, let me in!",95.0,4.0
Monica,20.0,The Wedding Dresses,Phoebe?,96.0,4.0
Phoebe,20.0,The Wedding Dresses,Yeah!,97.0,4.0
Monica,20.0,The Wedding Dresses,Can you just hold on for one minute?,98.0,4.0
Phoebe,20.0,The Wedding Dresses,"No, you have to let me in right now!!",99.0,4.0
Monica,20.0,The Wedding Dresses,Are you alone?,100.0,4.0
Phoebe,20.0,The Wedding Dresses,Yes!,101.0,4.0
Monica,20.0,The Wedding Dresses,All right.,102.0,4.0
Joey,20.0,The Wedding Dresses,This sucks! I didnt know I had to stay up all night before I went to this stupid sleep clinic! Im so tired!,103.0,4.0
Chandler,20.0,The Wedding Dresses,Its 6:00.,104.0,4.0
Joey,20.0,The Wedding Dresses,"Yeah, well",105.0,4.0
Rachel,20.0,The Wedding Dresses,(entering) Hi!,106.0,4.0
Chandler,20.0,The Wedding Dresses,"Hey, I hear that you and Joshua are going out to dinner with Ross and Emily, and I think thats, I think thats really cool.",107.0,4.0
Joey,20.0,The Wedding Dresses,"Yeah, Rach, I think youre handling that really well.",108.0,4.0
Rachel,20.0,The Wedding Dresses,"Handling it? What do you mean, handling it? Theres nothing to handle. Now, maybe I would have a problem with this if it wasnt for me and Joshua. Yknow, theyre not gonna get married anyway!",109.0,4.0
Chandler,20.0,The Wedding Dresses,What?,110.0,4.0
Rachel,20.0,The Wedding Dresses,"Come on! They rushed into this thing so fast its ridiculous! I mean, theyre gonna be engaged for like what? A year? And somewhere along the way, one of them is gonna realise what theyve done and theyre call the whole thing off. Im telling ya, youre gonna be dancing at my wedding before youre dancing at theres.",111.0,4.0
Chandler,20.0,The Wedding Dresses,"Yeah, well, I dont dance at weddings.",112.0,4.0
Rachel,20.0,The Wedding Dresses,Why not?,113.0,4.0
Chandler,20.0,The Wedding Dresses,"Because weddings are a great place to meet women, and when I dance, I look like this (Starts to dancing really, really, really badly. Ross enters behind him and he stops.)",114.0,4.0
Ross,20.0,The Wedding Dresses,Hey man.,115.0,4.0
Chandler,20.0,The Wedding Dresses,Hey!,116.0,4.0
Ross,20.0,The Wedding Dresses,"So, what are you guys doing four weeks from today?",117.0,4.0
Chandler,20.0,The Wedding Dresses,Nothing.,118.0,4.0
Rachel,20.0,The Wedding Dresses,Nothing.,119.0,4.0
Joey,20.0,The Wedding Dresses,I am (Looks in his date book.) free!,120.0,4.0
Ross,20.0,The Wedding Dresses,Great! Because Emily and I are getting married in a month!,121.0,4.0
Ross,20.0,The Wedding Dresses,Yep!,122.0,4.0
Rachel,20.0,The Wedding Dresses,In a month?,123.0,4.0
Ross,20.0,The Wedding Dresses,Yeah!,124.0,4.0
Rachel,20.0,The Wedding Dresses,"You mean, you mean 30 days?",125.0,4.0
Ross,20.0,The Wedding Dresses,Yeah.,126.0,4.0
Rachel,20.0,The Wedding Dresses,From now?,127.0,4.0
Ross,20.0,The Wedding Dresses,Yeah.,128.0,4.0
Rachel,20.0,The Wedding Dresses,"Well, thats great.",129.0,4.0
Ross,20.0,The Wedding Dresses,"Yeah! Yeah, Emily always wanted to get married in this beautiful place that her parents got married, but its going to be torn down, so I mean, I-I know its crazy, but everything up til now has been so crazy, and I dont know, this just feels right. Yknow?",130.0,4.0
Joey,20.0,The Wedding Dresses,(still looking in date book) Hey! Thats the day after I stop menstruating! (They all look at him.) This isnt mine.,131.0,4.0
Joshua,20.0,The Wedding Dresses,"(entering) Hey, Rachel.",133.0,4.0
Rachel,20.0,The Wedding Dresses,Hi!,134.0,4.0
Joshua,20.0,The Wedding Dresses,Whats up? Youre voice sounded all squeaky on the phone.,135.0,4.0
Rachel,20.0,The Wedding Dresses,"Ohh, nothing, I just wanted to see you. See you and hug you. (Hugs him) See you.",136.0,4.0
Joshua,20.0,The Wedding Dresses,Great!,137.0,4.0
Rachel,20.0,The Wedding Dresses,Yeah! (She sits down) Sit!,138.0,4.0
Joshua,20.0,The Wedding Dresses,(sitting) You okay?,139.0,4.0
Rachel,20.0,The Wedding Dresses,"Im more than okay, I am really, really happy! Wanna know why?",140.0,4.0
Joshua,20.0,The Wedding Dresses,Do I?,141.0,4.0
Rachel,20.0,The Wedding Dresses,"Cause I am really happy about us. I think we are, I think we are so on the right track! Yknow? I mean, I think we are working, I think we are clicking. Yknow?",142.0,4.0
Joshua,20.0,The Wedding Dresses,"Yeah, sure-sure, yeah, were-were-were-were-were clicking.",143.0,4.0
Rachel,20.0,The Wedding Dresses,"Yeah-yeah, yknow if-if there was just like one little area where Ithat I think we needwe would need to work on; I-I would think it was were just not crazy enough!",144.0,4.0
Joshua,20.0,The Wedding Dresses,"I-I gotta say, I-I-I-Im not too sure I agree with that.",145.0,4.0
Rachel,20.0,The Wedding Dresses,"Well, yeah, right, yknow what? Yeah, youre right, I mean, we no, we have our fun. Yeah! But if (Grunts uncomprehensively)I mean, I mean like craaaazy! Yknow? Okay, all right. This is gonna, this is gonna sound yknow, a little umm, hasty, but uh, just go with it. Umm. Ugh. What if we got married?",146.0,4.0
Joshua,20.0,The Wedding Dresses,What?! (Gunther is listening in.),147.0,4.0
Rachel,20.0,The Wedding Dresses,"Oh, I know, I know, its-its so, its so totally like, ""Whoa! Can we do this?"" Yknow, I mean, but I mean it just feels right! Dont you think? It does! I mean, it just feels right, dont you think?",148.0,4.0
Joshua,20.0,The Wedding Dresses,"Wow! Uhh, Rachel uhh, youre a real special lady, but my divorce isnt final yet and, and, and weve been on four days, so Im thinking ""No, but thanks.""",149.0,4.0
Gunther,20.0,The Wedding Dresses,YOU IDIOT!!!!!,150.0,4.0
Sleep Clinic Worker,20.0,The Wedding Dresses,"Your name, please?",151.0,4.0
Joey,20.0,The Wedding Dresses,Joey Tribbiani.,152.0,4.0
Sleep Clinic Worker,20.0,The Wedding Dresses,"Um-hmm, and did you stay up all night in preparation for your sleep study. (Joey doesnt answer) Uh, sir? (Joey starts snoring)",153.0,4.0
Chandler,20.0,The Wedding Dresses,(answering for him) Yes he did.,154.0,4.0
Sleep Clinic Worker,20.0,The Wedding Dresses,"Alll right, well call you in a few minutes.",155.0,4.0
Chandler,20.0,The Wedding Dresses,"(waking Joey) Hey, check out that girl! She is really hot!",156.0,4.0
Joey,20.0,The Wedding Dresses,"(sleepily) Yeah, she is. Wow! (Falls back asleep, loudly) How you doin?",157.0,4.0
Joey,20.0,The Wedding Dresses,What?!,158.0,4.0
Chandler,20.0,The Wedding Dresses,"Youre coming on to the entire room! (He goes over to pick up a stack of magazines next to her, and to get her attention, he throws them back down.) Im Chandler.",159.0,4.0
Woman,20.0,The Wedding Dresses,Im Marjorie.,160.0,4.0
Chandler,20.0,The Wedding Dresses,Hi.,161.0,4.0
Marjorie,20.0,The Wedding Dresses,Hi.,162.0,4.0
Chandler,20.0,The Wedding Dresses,You mind if I,163.0,4.0
Marjorie,20.0,The Wedding Dresses,"No, please.",164.0,4.0
Chandler,20.0,The Wedding Dresses,"So uh, what are you in for?",165.0,4.0
Marjorie,20.0,The Wedding Dresses,I talk in my sleep.,166.0,4.0
Chandler,20.0,The Wedding Dresses,"What a coincidence, I listen in my sleep.",167.0,4.0
Joey,20.0,The Wedding Dresses,(asleep) So why dont you give me your number?,168.0,4.0
Monica,20.0,The Wedding Dresses,"Okay, ready?",169.0,4.0
Phoebe,20.0,The Wedding Dresses,Yeah.,170.0,4.0
Monica,20.0,The Wedding Dresses,Okay.,171.0,4.0
Phoebe,20.0,The Wedding Dresses,(catching it) I got it! Mine! (They both hug),172.0,4.0
Monica,20.0,The Wedding Dresses,Congratulations!,173.0,4.0
Phoebe,20.0,The Wedding Dresses,Thank you!,174.0,4.0
Monica,20.0,The Wedding Dresses,Okay! My turn! My turn!,175.0,4.0
Phoebe,20.0,The Wedding Dresses,"Okay! (Gets into position) Okay, ready?",176.0,4.0
Monica,20.0,The Wedding Dresses,(cocking her head from side to side in some pre-bouquet-catching ritual) Yeah.,177.0,4.0
Phoebe,20.0,The Wedding Dresses,Okay. (Phoebe turns and throws it on the couch.),178.0,4.0
Monica,20.0,The Wedding Dresses,(upset) That was a terrible throw!!,179.0,4.0
Phoebe,20.0,The Wedding Dresses,Im not gonna right to you! Thats not real!,180.0,4.0
Monica,20.0,The Wedding Dresses,"Look at me! My big concern is whats real?! (Finally realises) Oh my God. Were really sad, arent we?",181.0,4.0
Phoebe,20.0,The Wedding Dresses,"Yeah, I think we are.",182.0,4.0
Monica,20.0,The Wedding Dresses,This isnt even my dress.,183.0,4.0
Phoebe,20.0,The Wedding Dresses,"Well, at least you didnt rent yours from a store called, ""Its Not Too Late.""",184.0,4.0
Monica,20.0,The Wedding Dresses,Im changing out of this.,185.0,4.0
Phoebe,20.0,The Wedding Dresses,Me too.,186.0,4.0
Monica,20.0,The Wedding Dresses,In like a half-hour?,187.0,4.0
Phoebe,20.0,The Wedding Dresses,Me too.,188.0,4.0
Monica,20.0,The Wedding Dresses,"Okay, throw it straight this time.",189.0,4.0
Phoebe,20.0,The Wedding Dresses,Okay.,190.0,4.0
Monica,20.0,The Wedding Dresses,Im getting married next!!,191.0,4.0
Phoebe,20.0,The Wedding Dresses,Yay!,192.0,4.0
Phoebe,20.0,The Wedding Dresses,I hate my regular clothes now! Yknow? I look down and-and I know that this isnt gonna be the most special day of my life.,193.0,4.0
Monica,20.0,The Wedding Dresses,"Yeah. I mean it was kinda fun for a while, but didnt you start feeling silly?",194.0,4.0
Phoebe,20.0,The Wedding Dresses,I guess.,195.0,4.0
Phoebe,20.0,The Wedding Dresses,Oh my God!,196.0,4.0
Monica,20.0,The Wedding Dresses,Oh God.,197.0,4.0
Phoebe,20.0,The Wedding Dresses,"Oh, youre such a cheater!",198.0,4.0
Chandler,20.0,The Wedding Dresses,(entering) Hello! Little ones.,199.0,4.0
Monica,20.0,The Wedding Dresses,Hey!,200.0,4.0
Phoebe,20.0,The Wedding Dresses,Hey!,201.0,4.0
Monica,20.0,The Wedding Dresses,"So, is Joey gonna stop snoring?",202.0,4.0
Chandler,20.0,The Wedding Dresses,"Yep! And! A beautiful woman agreed to go out with me. (Theyre stunned.) Joey wanted to ask her out, but uh, she picked me.",203.0,4.0
Phoebe,20.0,The Wedding Dresses,"Oh, howd that happen?",204.0,4.0
Chandler,20.0,The Wedding Dresses,Because Im cooler.,205.0,4.0
Monica,20.0,The Wedding Dresses,"No, seriously.",206.0,4.0
Chandler,20.0,The Wedding Dresses,"Well shes, shes the kinda girlJoey was unconscious.",207.0,4.0
Joey,20.0,The Wedding Dresses,(muffled by the mouth guard) Hey you guys! Whats happening?,208.0,4.0
Monica,20.0,The Wedding Dresses,Oh my God!,209.0,4.0
Phoebe,20.0,The Wedding Dresses,What is that?,210.0,4.0
Joey,20.0,The Wedding Dresses,"(muffled) Oh, they gave it to me at the sleep clinic, and its gonna help me not to snore.",211.0,4.0
Monica,20.0,The Wedding Dresses,"Well, are you asleep right now, Joe? Cause I dont think you have to wear it unless you are!",212.0,4.0
Joey,20.0,The Wedding Dresses,(takes out the mouth guard) I know I dont have too! It tastes good. (Puts it back in.),213.0,4.0
Chandler,20.0,The Wedding Dresses,"Plus, you look cool.",214.0,4.0
Rachel,20.0,The Wedding Dresses,"(entering from her bedroom) Well, I just called Joshua",215.0,4.0
Phoebe,20.0,The Wedding Dresses,"Oh, how did it go?",216.0,4.0
Rachel,20.0,The Wedding Dresses,"Well, I did my best to convince him that Im not some crazy girl who is dying to get marriedIm just going through a hard time.",217.0,4.0
Phoebe,20.0,The Wedding Dresses,What did he say?,218.0,4.0
Rachel,20.0,The Wedding Dresses,"Well uh, his answering machine was very understanding. Ugh. I feel blue.",219.0,4.0
Monica,20.0,The Wedding Dresses,"Ohh, sweetie! (Goes to comfort her.) Hey, I bet you anything that hes gonna call you again.",220.0,4.0
Rachel,20.0,The Wedding Dresses,"Yeah, maybe, but I dont think I even care. I dont think hes the one Im sad about. Yknow, I know that I said that I am totally okay with Ross getting married, but as it turns out, I dont think Im handling it all that well.",221.0,4.0
Phoebe,20.0,The Wedding Dresses,"Yeah, maybe.",222.0,4.0
Rachel,20.0,The Wedding Dresses,And I-I am just trying to figure out why.,223.0,4.0
Phoebe,20.0,The Wedding Dresses,Any luck?,224.0,4.0
Rachel,20.0,The Wedding Dresses,"Well, yeah, yknow how Ross and I were on again, off again, on again, off again? I guess I just figured that somewhere down the road, we would be on again.",225.0,4.0
Monica,20.0,The Wedding Dresses,Again. Yknow what? I think we all did.,226.0,4.0
Ross,20.0,The Wedding Dresses,(entering) Hey!,227.0,4.0
Monica,20.0,The Wedding Dresses,Hey! (She jumps up and throws Emilys wedding dress into Rachels room.),228.0,4.0
Ross,20.0,The Wedding Dresses,"So, I got us some reservations for Sunday night, okay? How about, Ernies at 9 oclock?",229.0,4.0
Rachel,20.0,The Wedding Dresses,"Yeah, well, you uh, better make it for three.",230.0,4.0
Ross,20.0,The Wedding Dresses,"Oh, see I-I dont know if were gonna be hungry at three.",231.0,4.0
Rachel,20.0,The Wedding Dresses,Three people. Joshuas not gonna be there.,232.0,4.0
Ross,20.0,The Wedding Dresses,What happened?,233.0,4.0
Rachel,20.0,The Wedding Dresses,"Uh, well, I think, I think he broke up with me.",234.0,4.0
Ross,20.0,The Wedding Dresses,Noo. Why?,235.0,4.0
Rachel,20.0,The Wedding Dresses,"Well, apparently he scares easy.",236.0,4.0
Ross,20.0,The Wedding Dresses,"Oh, Rachel, Im-Im sorry.",237.0,4.0
Rachel,20.0,The Wedding Dresses,"Its okay. Sometimes, things dont work out the way youd thought they would.",238.0,4.0
Ross,20.0,The Wedding Dresses,Come here.,239.0,4.0
Rachel,20.0,The Wedding Dresses,"(breaking the hug) Oh, hey, dont you have to go pick up Emily?",240.0,4.0
Ross,20.0,The Wedding Dresses,Yeah.,241.0,4.0
Rachel,20.0,The Wedding Dresses,Yeah.,242.0,4.0
Ross,20.0,The Wedding Dresses,You okay?,243.0,4.0
Rachel,20.0,The Wedding Dresses,Yeah! I got my girls.,244.0,4.0
Rachel,20.0,The Wedding Dresses,Ugh. (She goes over and lays her head on Phoebes lap.),245.0,4.0
Phoebe,20.0,The Wedding Dresses,"(looks at Monica) Hey, yknow what might cheer you up?",246.0,4.0
Rachel,20.0,The Wedding Dresses,What?,247.0,4.0
Rachel,20.0,The Wedding Dresses,"Yknow, I gotta tell ya, this really does put in a better mood.",248.0,4.0
Monica,20.0,The Wedding Dresses,"Oh, I wish there was a job where I could wear this all the time. (Pause) Maybe someday, there will be.",249.0,4.0
Monica,20.0,The Wedding Dresses,Oh God! Hes gonna come by and borrow some candles for his big date!,250.0,4.0
Rachel,20.0,The Wedding Dresses,"Oh, okay! (She goes to answer the door.)",251.0,4.0
Monica,20.0,The Wedding Dresses,"No-no, Rachel, dont get it! He cant see us!",252.0,4.0
Phoebe,20.0,The Wedding Dresses,"No, yeah! The groom cannot see the bride!",253.0,4.0
Rachel,20.0,The Wedding Dresses,Im not gonna marry Chandler!,254.0,4.0
Phoebe,20.0,The Wedding Dresses,Not after this!,255.0,4.0
Rachel,20.0,The Wedding Dresses,"Okay, you guys, just relax. (She goes over to open the door, and as she does, she says.) I doooo. (Sees that its Joshua, not Chandler that knocked on the door.)",256.0,4.0
Joshua,20.0,The Wedding Dresses,I gotta go.,257.0,4.0
Rachel,20.0,The Wedding Dresses,"Oh, wait, Joshua! Joshua! (Pause) (Comes back inside) Yeah, well, that oughta do it.",258.0,4.0
Joey,20.0,The Wedding Dresses,"(muffled by the mouth guard) Dude! I am trying to sleep! (Shrugs to say, ""Whats up with that?"")",260.0,4.0
Part I Written by,23.0,Ross's Wedding,Michael Borkow Part II Teleplay by: Shana Goldberg-Meehan & Scott Silveri Part II Story by: Jill Condon & Amy Toomin Part I Transcribed by: Eric Aasen Part II Transcribed by: Aaron D. Miller,0.0,4.0
Monica,23.0,Ross's Wedding,"Guys, hurry up! The flight leaves in four hours! It could take time to get a taxi! There could be traffic! The plane could leave early! When we get to London, there could be a line at customs! Come on!! (She runs back to her apartment.)",1.0,4.0
Chandler,23.0,Ross's Wedding,Six-hour trip to London. Thats a lot of Monica.,2.0,4.0
Monica,23.0,Ross's Wedding,"Passport, check! (As she puts away each item, she says check.) Camera, check! Travellers cheques, check!",3.0,4.0
Rachel,23.0,Ross's Wedding,"Who are you saying ""check"" too?",4.0,4.0
Monica,23.0,Ross's Wedding,"Myself. Yknow for remembering to pack a thing. Yeah, you do a good thing, you get a check! (pause) My mom does it, I never realized it was weird.",5.0,4.0
Phoebe,23.0,Ross's Wedding,"Yeah, my mom used to put her head in the oven. Well, actually, she only did it the one time. But it was pretty weird.",6.0,4.0
Ross,23.0,Ross's Wedding,(entering) Hey!,7.0,4.0
Monica,23.0,Ross's Wedding,Hey!,8.0,4.0
Ross,23.0,Ross's Wedding,Hey! Are you ready yet?,9.0,4.0
Monica,23.0,Ross's Wedding,Yep! You got the tickets?,10.0,4.0
Ross,23.0,Ross's Wedding,"Oh! Got em right here, (Pats his coat pocket) check!",11.0,4.0
Joey,23.0,Ross's Wedding,"Its all London, baby! Here we go. (He takes a picture of a less than enthused Chandler and starts towards the girls apartment.)",12.0,4.0
Chandler,23.0,Ross's Wedding,You got your passport?,13.0,4.0
Joey,23.0,Ross's Wedding,"Yeah, in my third drawer on my dresser. You dont want to lose that.",14.0,4.0
Joey,23.0,Ross's Wedding,Ohh!! (Runs to his room.),15.0,4.0
Chandler,23.0,Ross's Wedding,There it is.,16.0,4.0
Monica,23.0,Ross's Wedding,"Okay, if you need the vacuum, its in my closet on the left-hand side. Ah, the garbage bags are next to the refrigerator",18.0,4.0
Phoebe,23.0,Ross's Wedding,"Okay, okay, but Rachels gonna be here too, cant I just ask her this stuff?",19.0,4.0
Monica,23.0,Ross's Wedding,"Yeah, okay, give that a try!",20.0,4.0
Chandler,23.0,Ross's Wedding,"(entering, with Joey) All right! Lets do it!",21.0,4.0
Joey,23.0,Ross's Wedding,Woo-hoo!!,22.0,4.0
Ross,23.0,Ross's Wedding,"Yeah, cheerie-o!",23.0,4.0
Joey,23.0,Ross's Wedding,London baby!,24.0,4.0
Chandler,23.0,Ross's Wedding,"Okay, cause thats not gonna get annoying.",25.0,4.0
Joey,23.0,Ross's Wedding,(louder) London baby!!,26.0,4.0
Chandler,23.0,Ross's Wedding,"Hey, yknow what? I was wrong.",27.0,4.0
Ross,23.0,Ross's Wedding,"Well, were all here! I guess we should get going!",28.0,4.0
Phoebe,23.0,Ross's Wedding,"Ohhh, I wanna come over there and give you a hug and wish you luck on your wedding, but I dontcant get up.",29.0,4.0
Ross,23.0,Ross's Wedding,"Oh, Ill-Ill come hug you.",30.0,4.0
Phoebe,23.0,Ross's Wedding,"Great! Yeah, could you bring me the newspaper?",31.0,4.0
Ross,23.0,Ross's Wedding,Yeah. (He does so and Phoebe hugs him.),32.0,4.0
Phoebe,23.0,Ross's Wedding,"Oh, have a great wedding!",33.0,4.0
Ross,23.0,Ross's Wedding,Thanks.,34.0,4.0
Phoebe,23.0,Ross's Wedding,"Oh, hey, Chandler I wanna hug you too!",35.0,4.0
Chandler,23.0,Ross's Wedding,Hey! (Trots over),36.0,4.0
Phoebe,23.0,Ross's Wedding,"Oh, and great! You might as well bring me my book, its on the counter in your apartment.",37.0,4.0
Chandler,23.0,Ross's Wedding,Oh. (Goes and gets Phoebes book as Rachel comes in from her room.),38.0,4.0
Ross,23.0,Ross's Wedding,"(to Rachel) So, were off.",39.0,4.0
Rachel,23.0,Ross's Wedding,Have fun!,40.0,4.0
Ross,23.0,Ross's Wedding,"Thanks! (They hug.) Ugh, I cant believe youre not gonna be there!",41.0,4.0
Rachel,23.0,Ross's Wedding,"Oh, I know.",42.0,4.0
Ross,23.0,Ross's Wedding,So-so come! Why dont you come?,43.0,4.0
Rachel,23.0,Ross's Wedding,What?!,44.0,4.0
Ross,23.0,Ross's Wedding,To London! Come to London. Please? Itll mean so much to me.,45.0,4.0
Rachel,23.0,Ross's Wedding,"Yeah, well, I gotta work, Im sorry.",46.0,4.0
Ross,23.0,Ross's Wedding,Why-why cant you take a couple of days off?,47.0,4.0
Rachel,23.0,Ross's Wedding,"Because, I cant! Ross, I told you, no. I cant.",48.0,4.0
Ross,23.0,Ross's Wedding,This is my wedding.,49.0,4.0
Monica,23.0,Ross's Wedding,"All right, yknow what? We really are late! Lets go! Lets go! Lets go!!",50.0,4.0
Ross,23.0,Ross's Wedding,Fine. Youll-youll watch it on video when we get back.,51.0,4.0
Chandler,23.0,Ross's Wedding,"(entering, with Phoebes book.) Here you go Phoebe! Here you go Phobo! Phewbedo! Phaybobo.",52.0,4.0
Phoebe,23.0,Ross's Wedding,(laughs) Thank you.,53.0,4.0
Phoebe,23.0,Ross's Wedding,Thank you. (She pats him on his head.),54.0,4.0
Ross,23.0,Ross's Wedding,"All right, lets go! Bye, Pheebs!",55.0,4.0
Joey,23.0,Ross's Wedding,"Bye, Pheebs!",56.0,4.0
Joey,23.0,Ross's Wedding,"London baby!! (And Rachel slowly closes the door, sadly.)",57.0,4.0
Phoebe,23.0,Ross's Wedding,"Oh, do you need a hug? You dont have to bring me anything!",58.0,4.0
Joey,23.0,Ross's Wedding,Come on! Do something!,59.0,4.0
Chandler,23.0,Ross's Wedding,"I am, Im ignoring you.",60.0,4.0
Joey,23.0,Ross's Wedding,"Okay, here! (Gives him the camera.) I wanna be the on camera guy. All right, first stop, Westminster Abbey. (Joey folds out his ""pop-up"" map of London. All of the major landmarks pop-up like in a pop-up book.)",61.0,4.0
Chandler,23.0,Ross's Wedding,"Oh, what the hell is that?",62.0,4.0
Joey,23.0,Ross's Wedding,"Its London, baby! All right, the hotels here. (Points to the map.) Wait. No, we wanna go No. I know. (Sets the map down.) Im gonna have to go into the map. (So Joey literally steps into the map.)",63.0,4.0
Chandler,23.0,Ross's Wedding,"Okay, if you see a little version of me in there? Kill it!",64.0,4.0
Joey,23.0,Ross's Wedding,I got it! (Picks up the map and starts walking.) Here we go.,65.0,4.0
Chandler,23.0,Ross's Wedding,"Okay. Listen-listen, were not gonna have to walk this way the entire time are we?",66.0,4.0
Joey,23.0,Ross's Wedding,"Shhh! (Pause) Man, you made me lose it! (He goes into the map again.)",67.0,4.0
Emily,23.0,Ross's Wedding,"and that was all before 10 oclock. The caterer rang and said it was going to be Chicken Kiev instead of Chicken Tarragon. And then the florist phoned to say there arent any tulips. Oh, and the chilliest has carpel-tunel syndrome. Were not gonna be",68.0,4.0
Ross,23.0,Ross's Wedding,"Whoa-whoa-whoa! Emily, (Gives her the time-out signal.) honey, okay?",69.0,4.0
Emily,23.0,Ross's Wedding,"Well, up yours too!",70.0,4.0
Ross,23.0,Ross's Wedding,What?! No! No! Thats-thats time-out!,71.0,4.0
Emily,23.0,Ross's Wedding,Sorry.,72.0,4.0
Ross,23.0,Ross's Wedding,"Sweetie, you gotta relax. Everythings gonna be great, okay? Come on. Come on.",73.0,4.0
Monica,23.0,Ross's Wedding,Chicken Kiev?,74.0,4.0
Ross,23.0,Ross's Wedding,Um-hmm! Doesnt that sound delicious at the last minute?,75.0,4.0
Monica,23.0,Ross's Wedding,"Yeah, yknow, but something like salmon which would be so much more elegant than the chicken. And, you wouldnt have to worry about the salmonella. (Ross pushes her.) So, I cant wait to see this place youre getting married!",76.0,4.0
Ross,23.0,Ross's Wedding,"Yeah. Yeah. Yes, this place is beautiful. Emilys parents got married here.",77.0,4.0
Emily,23.0,Ross's Wedding,"I still cant believe theyre tearing it down. It really is the most lovely building youll ever see. I mean its over (She stops suddenly, when she sees that demolition has already started.) Oh my God!",78.0,4.0
Monica,23.0,Ross's Wedding,Its nice.,79.0,4.0
Emily,23.0,Ross's Wedding,Oh. Oh. (She starts running towards the building.),80.0,4.0
Emily,23.0,Ross's Wedding,"(running in, with Ross) Oh. Oh my God. How can this be happening? What are we going to do?",81.0,4.0
Ross,23.0,Ross's Wedding,Its all right! Everythings gonna be all right.,82.0,4.0
Emily,23.0,Ross's Wedding,Hows it gonna be all right?!,83.0,4.0
Ross,23.0,Ross's Wedding,"Uh-huh, I see that.",84.0,4.0
Monica,23.0,Ross's Wedding,"(entering) Okay, I talked to the guy with the shovel and I found out what happened.",85.0,4.0
Ross,23.0,Ross's Wedding,What? What?,86.0,4.0
Monica,23.0,Ross's Wedding,They torn it down a few days early.,87.0,4.0
Joey,23.0,Ross's Wedding,"All right! Westminster Abbey! Hands down, best Abbey Ive ever seen. Hey! (Pushes Chandler in front of the camera.) Okay. What do you think of the Abbey, Chandler?",88.0,4.0
Chandler,23.0,Ross's Wedding,"I think its great. Its great. Yknow, theyre thinking of changing the name of this place.",89.0,4.0
Joey,23.0,Ross's Wedding,Really? To what?,90.0,4.0
Chandler,23.0,Ross's Wedding,To Put the Camera Away!!!,91.0,4.0
Joey,23.0,Ross's Wedding,"Man, you are Westminster Crabby. (He starts chasing Chandler towards the Abbey.)",92.0,4.0
Phoebe,23.0,Ross's Wedding,Oh. Oh.,93.0,4.0
Rachel,23.0,Ross's Wedding,"Oh, honey! Dont get up! What do you need?",94.0,4.0
Phoebe,23.0,Ross's Wedding,"Oh, no. Oh, nothing.",95.0,4.0
Rachel,23.0,Ross's Wedding,Come on! I am here to take care of you! What do you need? Anything.,96.0,4.0
Phoebe,23.0,Ross's Wedding,"Okay, I have a wedgie.",97.0,4.0
Rachel,23.0,Ross's Wedding,"Okay, that is all you.",98.0,4.0
Phoebe,23.0,Ross's Wedding,"So-so, what do you want for lunch?",99.0,4.0
Rachel,23.0,Ross's Wedding,"Oh, I dont know. I guess we have to eat.",100.0,4.0
Phoebe,23.0,Ross's Wedding,"Yeah, I do. Whats the matter?",101.0,4.0
Rachel,23.0,Ross's Wedding,Im just bummed about the way I left things with Ross. I shouldnt have lied to him about having to work. He seemed so mad at me.,102.0,4.0
Phoebe,23.0,Ross's Wedding,"Eh, dont be so hard on yourself. If someone I was still in love with was getting married",103.0,4.0
Rachel,23.0,Ross's Wedding,(interrupting) Still in love with?!,104.0,4.0
Phoebe,23.0,Ross's Wedding,Yeah!,105.0,4.0
Rachel,23.0,Ross's Wedding,Im not in love with Ross!,106.0,4.0
Phoebe,23.0,Ross's Wedding,"Oh. No. No. Good! Yeah, me neither.",107.0,4.0
Rachel,23.0,Ross's Wedding,"Phoebe, Im going to Rosss wedding because he is my ex-boyfriend and that would be really uncomfortable. Not because, Im still in love with him! I mean, hey, yknow, I like Ross as much as the next guy, yknow? Clearly I have feelings for him, but feelings dont mean love! I mean, I still have loving feelings for Ross. Yeah! But, I have, I have continuing feelings of love, but that doesnt mean that-that Im still in love with him. Yknow? I-I have sexual feelings for him, but I do love himOhh! Oh my God! Oh mywhy didnt you tell me?!!",108.0,4.0
Phoebe,23.0,Ross's Wedding,We thought you knew!,109.0,4.0
Rachel,23.0,Ross's Wedding,We?!,110.0,4.0
Phoebe,23.0,Ross's Wedding,"Yeah, we all know! We talk about it all the time!",111.0,4.0
Rachel,23.0,Ross's Wedding,You all know? Does Ross know?,112.0,4.0
Phoebe,23.0,Ross's Wedding,"Oh no, Ross doesnt know anything.",113.0,4.0
Rachel,23.0,Ross's Wedding,"Oh, I can not believe you didnt tell me!",114.0,4.0
Phoebe,23.0,Ross's Wedding,"Well, because we thought you knew!! Its so obvious! God, that would be like telling Monica, ""Hey, you like things clean.""",115.0,4.0
Joey,23.0,Ross's Wedding,Hey!,116.0,4.0
The Vendor,23.0,Ross's Wedding,"So, what are you guys in the market for? Weve got uh, scarves, tulip post cards...",117.0,4.0
Joey,23.0,Ross's Wedding,Check this out? Huh? (Joey has this big tall hat with a British flag on the front of it.) Yeah. Thats the stuff. What do you think?,118.0,4.0
Chandler,23.0,Ross's Wedding,"Well, I dont have to buy that, ""Im with stupid"" T-shirt anymore.",119.0,4.0
Joey,23.0,Ross's Wedding,"Well, I like it. Here you go. (He pays for the hat.)",120.0,4.0
Chandler,23.0,Ross's Wedding,"All right, look, youre not really gonna buy that are you? Dont you think youve embarrassed me enough for one day?",121.0,4.0
Joey,23.0,Ross's Wedding,"Oh, I embarrass you?",122.0,4.0
Chandler,23.0,Ross's Wedding,How can I answer that when Im pretending I dont know you?,123.0,4.0
The Vendor,23.0,Ross's Wedding,Hes just jealous. Youll fit right in; all Londoners wear them!,124.0,4.0
Chandler,23.0,Ross's Wedding,Oh really? Then how come no one here is wearing them?,125.0,4.0
The Vendor,23.0,Ross's Wedding,(looks around) Theyre all tourists.,126.0,4.0
Chandler,23.0,Ross's Wedding,"All right, look, if you insist on wearing that, in public, yknow, youre gonna spend the rest of the afternoon all by yourself.",127.0,4.0
Joey,23.0,Ross's Wedding,Oh yeah? (Puts the hat on.) If youre gonna make me choose between you and the hat? I choose the hat.,128.0,4.0
The Vendor,23.0,Ross's Wedding,Good choice.,129.0,4.0
Joey,23.0,Ross's Wedding,Thanks.,130.0,4.0
Chandler,23.0,Ross's Wedding,"Okay, wait. All right, thats it, okay, Im out of here. I am not going to be embarrassed anymore! (He trips over a box, falls into a flower stand and walks away trying to be cool.)",131.0,4.0
Emily,23.0,Ross's Wedding,Hello?,132.0,4.0
Ross,23.0,Ross's Wedding,"Hey! I just spoke to your dad, and you know what? He seems to think well be able to find a new place for the wedding.",133.0,4.0
Emily,23.0,Ross's Wedding,We dont have to.,134.0,4.0
Ross,23.0,Ross's Wedding,Whoa-whoa-what? You found a place?,135.0,4.0
Emily,23.0,Ross's Wedding,"No. But, Monica and I were talking, and-and I was so upset about the hall being knocked down, and she suggested that we put the wedding off for a bit.",136.0,4.0
Ross,23.0,Ross's Wedding,She said what?,137.0,4.0
Emily,23.0,Ross's Wedding,"She said, ""If Im not gonna be happy getting married somewhere that we find in a day, well then we should just postpone it.""",138.0,4.0
Ross,23.0,Ross's Wedding,"Postpone it? Emily, do you think Monica realises how much our parents spent on this wedding? Do you my sisters teeny-tiny little brain comprehends that people took time out of their lives to fly thousands of miles to be here, huh? (He puts his pants on backwards.) This isnt right.",139.0,4.0
Emily,23.0,Ross's Wedding,"I realize that people are going to be disappointed. But, Im sure theyll come back when we can do it right.",140.0,4.0
Ross,23.0,Ross's Wedding,I cant ask people to do that? Would you ask people to do that? (Holds out his pants),141.0,4.0
Emily,23.0,Ross's Wedding,"Dont you point your pants at me! (She throws them on the floor.) We have no choice! Anywhere thats half-decent wouldve be booked months ago, Ross dont you understand? This is our wedding Im talking about.",142.0,4.0
Ross,23.0,Ross's Wedding,The only thing I understand is; postponing it is not an option. This is when were getting married.,143.0,4.0
Emily,23.0,Ross's Wedding,So what are you saying? Its now or never?,144.0,4.0
Ross,23.0,Ross's Wedding,"No. Im saying its now. (He starts putting on his pants, backwards again.)",145.0,4.0
Emily,23.0,Ross's Wedding,Or?,146.0,4.0
Ross,23.0,Ross's Wedding,Theres no or in mind. What is wrong with these pants?!!,147.0,4.0
Emily,23.0,Ross's Wedding,"Its not the pants. Its you that is backwards. And if, and if you dont understand how important this is to me, well then, perhaps we shouldnt get married at all! (She storms out.)",148.0,4.0
Ross,23.0,Ross's Wedding,"(chasing her, trying to zip up his pants. His got them on right now.) No, wait! Emily! No, wait, stop! Emily, please(He catches something important in the zipper and howls like a little boy and falls to the floor.)",149.0,4.0
Phoebe,23.0,Ross's Wedding,Hey!,151.0,4.0
Rachel,23.0,Ross's Wedding,(depressed) Hi.,152.0,4.0
Phoebe,23.0,Ross's Wedding,"So, did shopping make you feel any better about Ross?",153.0,4.0
Rachel,23.0,Ross's Wedding,Manhattan does not have enough stores.,154.0,4.0
Phoebe,23.0,Ross's Wedding,"Well, I think I can help you get over him.",155.0,4.0
Rachel,23.0,Ross's Wedding,You can?,156.0,4.0
Phoebe,23.0,Ross's Wedding,Yeah. I just need you to bring me some photos of Ross.,157.0,4.0
Rachel,23.0,Ross's Wedding,Um-hmm.,158.0,4.0
Phoebe,23.0,Ross's Wedding,And a small piece of chocolate.,159.0,4.0
Rachel,23.0,Ross's Wedding,Okay.,160.0,4.0
Phoebe,23.0,Ross's Wedding,And a glass of tepid water. (She gathers up all of these things.),161.0,4.0
Rachel,23.0,Ross's Wedding,"Ooh, is this one of those things where you throw it in a bag with some graveyard dirt and hang it from a north-facing tree?",162.0,4.0
Phoebe,23.0,Ross's Wedding,"Uh, only if you have the hiccups too. Yeah, the pictures are for you, the water and the chocolate is for me. I just didnt feel like getting up. Okay, Im gonna show you a picture of Ross. Okay? And youre going to remember all of the bad things about him. All right? Really focus on his flaws.",163.0,4.0
Rachel,23.0,Ross's Wedding,I can do that. I certainly did it when we were going out.,164.0,4.0
Phoebe,23.0,Ross's Wedding,"Okay. Umm, before we get started, I just wanna say for the record that I love Ross, I think hes such a great guy. Here. (Hands her the picture, Rachel grabs it out of her hand.) Okay, now, close your eyes. And imagine that youre with Ross okay and imagine that youre kissing him. And youre-youre running your hands all over his body. And then you run your hands through his hair, but eew-oh gross its some kind of grease, itsuck! Hah?",165.0,4.0
Rachel,23.0,Ross's Wedding,"I dont know, his uh, his hair never really bothered me that much, and yknow it was always more crunchy than it was greasy.",166.0,4.0
Phoebe,23.0,Ross's Wedding,"Okay, this is going to be harder than I thought. Umm, lets try some uh, aversion therapy.",167.0,4.0
Rachel,23.0,Ross's Wedding,Okay.,168.0,4.0
Phoebe,23.0,Ross's Wedding,Okay?,169.0,4.0
Rachel,23.0,Ross's Wedding,All right.,170.0,4.0
Phoebe,23.0,Ross's Wedding,"So uh, now look at the picture",171.0,4.0
Rachel,23.0,Ross's Wedding,Okay.,172.0,4.0
Phoebe,23.0,Ross's Wedding,"All right, and umm (She grabs the picture and smacks her in the head.)",173.0,4.0
Rachel,23.0,Ross's Wedding,Ow!,174.0,4.0
Phoebe,23.0,Ross's Wedding,"Okay, how do you feel now?",175.0,4.0
Rachel,23.0,Ross's Wedding,"Well, I like you less!",176.0,4.0
Joey,23.0,Ross's Wedding,Hey.,177.0,4.0
Chandler,23.0,Ross's Wedding,Hey. (He nods at the hat.),178.0,4.0
Joey,23.0,Ross's Wedding,Oh. (Takes off the hat.) Sorry!,179.0,4.0
Chandler,23.0,Ross's Wedding,"No-no-no, yknow what? I really shouldnt have said that you were embarrassing me, I mean that really wasnt cool. And if it makes you feel any better, Ive had a really lousy day.",180.0,4.0
Joey,23.0,Ross's Wedding,Me too.,181.0,4.0
Chandler,23.0,Ross's Wedding,Yeah?,182.0,4.0
Joey,23.0,Ross's Wedding,"Noo!! Ive had the best day ever! Dude, check this out!",183.0,4.0
Monica,23.0,Ross's Wedding,(entering) Hey!,184.0,4.0
Joey,23.0,Ross's Wedding,Sh-shh-shh! (He motions for her to watch something he has taped.),185.0,4.0
Joey,23.0,Ross's Wedding,"(on tape) Okay, so say hi to my friend and tell him that you like the hat.",186.0,4.0
Fergie,23.0,Ross's Wedding,"(Yep, Sarah, the Duchess of York) Okay, so umm, whats your friends name?",187.0,4.0
Joey,23.0,Ross's Wedding,"(on tape) Oh, Chandler.",188.0,4.0
Fergie,23.0,Ross's Wedding,Hi Chandler! (Waves),189.0,4.0
Chandler,23.0,Ross's Wedding,Thats Thats was,190.0,4.0
Monica,23.0,Ross's Wedding,Oh my God!,191.0,4.0
Joey,23.0,Ross's Wedding,Thats Fergie baby!!,192.0,4.0
Fergie,23.0,Ross's Wedding,"Joey says you dont really like his hat, but I think its kinda dashing.",193.0,4.0
Chandler,23.0,Ross's Wedding,How did you? How? How?,194.0,4.0
Joey,23.0,Ross's Wedding,"Well, I was trying to figure out how to get to Buckingham Palace, right? So, Im in my map and-and(Ross enters) Hey!",195.0,4.0
Monica,23.0,Ross's Wedding,Hey!,196.0,4.0
Ross,23.0,Ross's Wedding,Hi. I understand you had a little talk with Emily.,197.0,4.0
Monica,23.0,Ross's Wedding,"(laughs) Yes, I did! And you are welcome!",198.0,4.0
Ross,23.0,Ross's Wedding,Am I?! And was it your idea to postpone the wedding?!,199.0,4.0
Monica,23.0,Ross's Wedding,Umm,200.0,4.0
Chandler,23.0,Ross's Wedding,Im gonna go to the bathroom.,201.0,4.0
Joey,23.0,Ross's Wedding,Wait up! (They both run to the bathroom.),202.0,4.0
Ross,23.0,Ross's Wedding,"Hey-hey, since youre the fix-it lady, heres a pickle, what do you do when the bride says she doesnt want to have the wedding at all?",203.0,4.0
Monica,23.0,Ross's Wedding,She said that?!,204.0,4.0
Ross,23.0,Ross's Wedding,Yeah.,205.0,4.0
Monica,23.0,Ross's Wedding,Why?!,206.0,4.0
Ross,23.0,Ross's Wedding,"I dont know, I told her it was stupid to put off the wedding just because the hall was gone and she liked flipped out.",207.0,4.0
Monica,23.0,Ross's Wedding,Oh my God. Youre even dumber than I am!,208.0,4.0
Ross,23.0,Ross's Wedding,Excuse me?,209.0,4.0
Monica,23.0,Ross's Wedding,"Ross, how long have you been planning this wedding?",210.0,4.0
Ross,23.0,Ross's Wedding,I dont know. A month?,211.0,4.0
Monica,23.0,Ross's Wedding,"Emily has probably been planning it since she was five! Ever since the first time she took a pillowcase and hung it off the back of her head. Thats what we did! We dreamed about the perfect wedding, and the perfect place, with the perfect four-tiered wedding cake (Starting to cry), with the little people on top. (Ross gets thrown a box of Kleenex from the bathroom and he gives her one.) Thanks. But the most important part is that we had the perfect guy who understood just how important all that other stuff was.",212.0,4.0
Ross,23.0,Ross's Wedding,"I had no idea. And that-that pillowcase thing, I thought you guys were just doing the flying nun.",213.0,4.0
Monica,23.0,Ross's Wedding,Sometimes we were.,214.0,4.0
Ross,23.0,Ross's Wedding,Come on. You gotta help me figure out what to do. Okay?,215.0,4.0
Monica,23.0,Ross's Wedding,Okay.,216.0,4.0
Ross,23.0,Ross's Wedding,Come on. (They leave and Chandler sticks his head out.),217.0,4.0
Chandler,23.0,Ross's Wedding,That was pretty intense huh?,218.0,4.0
Joey,23.0,Ross's Wedding,"Yeah. (Pause) Hey, I hope Ross didnt think that we just went in there because we were uncomfortable being out here!",219.0,4.0
Chandler,23.0,Ross's Wedding,(glares at him) I hope he did!,220.0,4.0
Phoebe,23.0,Ross's Wedding,Hello.,221.0,4.0
Joey,23.0,Ross's Wedding,"(on phone) Hey, Pheebs! Its Joey!",222.0,4.0
Phoebe,23.0,Ross's Wedding,"Hey, Joey! Hey! Ooh! Ooh! I just say someone on thethat looks just like you on the subway. And I was gonna go over and say hi! but then I figured, he doesnt care if he looks like you.",223.0,4.0
Joey,23.0,Ross's Wedding,"That just cost me four bucks. But uh listen, I just called to see how the chick and the duck are doing?",224.0,4.0
Phoebe,23.0,Ross's Wedding,"Ohh, theyre having a great time with their Aunt Phoebe! Aunt Rachel hasnt been helpful at all. So, do you miss me?",225.0,4.0
Joey,23.0,Ross's Wedding,"Kinda, but Ive just been having way too much fun.",226.0,4.0
Phoebe,23.0,Ross's Wedding,So youre not homesick yet?,227.0,4.0
Joey,23.0,Ross's Wedding,"No, I dont think so.",228.0,4.0
Phoebe,23.0,Ross's Wedding,"All right, the seven of us miss you.",229.0,4.0
Joey,23.0,Ross's Wedding,Whos seven?,230.0,4.0
Phoebe,23.0,Ross's Wedding,"Yknow, me, Rachel, the birds, the babies",231.0,4.0
Joey,23.0,Ross's Wedding,"Ahh, the babies miss me?",232.0,4.0
Phoebe,23.0,Ross's Wedding,"Ooh, the pizza guys here!",233.0,4.0
Joey,23.0,Ross's Wedding,What? You ordered pizza without me?!,234.0,4.0
Phoebe,23.0,Ross's Wedding,"Yeah. But yknow we were thinking about you, yknow we ordered the Joey Special.",235.0,4.0
Joey,23.0,Ross's Wedding,Two pizzas?!,236.0,4.0
Phoebe,23.0,Ross's Wedding,"Yep! Okay, gotta go, talk to you later.",237.0,4.0
Joey,23.0,Ross's Wedding,"Wait, well, where did you get it from?!",238.0,4.0
Emily,23.0,Ross's Wedding,"Monica, why have you brought me here of all places?!",239.0,4.0
Monica,23.0,Ross's Wedding,Youll see.,240.0,4.0
Emily,23.0,Ross's Wedding,"I tell you, this wedding is not going to happen.",241.0,4.0
Emily,23.0,Ross's Wedding,Oh God.,242.0,4.0
Ross,23.0,Ross's Wedding,"Okay? But-but imagine a lot more lights, okay? And-and yknow fewer bricks, and-and-and flowers, and candles",243.0,4.0
Monica,23.0,Ross's Wedding,"And the musicians, look, they can go over here (Points to a little alcove), okay? And the chairs can face this way (Points), and (Points to Ross) You go.",244.0,4.0
Ross,23.0,Ross's Wedding,"But-but, if you dont love this, well do it in any other place at any other time. Really, its fine, whatever you want.",245.0,4.0
Emily,23.0,Ross's Wedding,Its perfect.,246.0,4.0
Ross,23.0,Ross's Wedding,"And, I dont know, if it starts to rain",247.0,4.0
Emily,23.0,Ross's Wedding,Well then well get wet. (They kiss.),248.0,4.0
Monica,23.0,Ross's Wedding,Ohh. And I dont even have a date.,249.0,4.0
Rachel,23.0,Ross's Wedding,Pheebs?,250.0,4.0
Phoebe,23.0,Ross's Wedding,Yeah?,251.0,4.0
Rachel,23.0,Ross's Wedding,Do you remember where the duck food is?,252.0,4.0
Phoebe,23.0,Ross's Wedding,"Yeah, its in the guys apartment under the sink. Why?",253.0,4.0
Rachel,23.0,Ross's Wedding,(enters with a bag packed) Because Im going to London.,254.0,4.0
Phoebe,23.0,Ross's Wedding,What?! What do you mean youre going to London?,255.0,4.0
Rachel,23.0,Ross's Wedding,"Yeah, I have to tell Ross that I love him. Now honey, you take care, you dont have those babies until I get back. (Kisses her stomach.)",256.0,4.0
Phoebe,23.0,Ross's Wedding,"IRachel, you cant go! Ross loves Emily!",257.0,4.0
Rachel,23.0,Ross's Wedding,"Yeah, I know, I know, I know he does. But I have to tell him how I feel! He deserves to have all the information and then he can make an informed decision.",258.0,4.0
Phoebe,23.0,Ross's Wedding,"Thats not why youre going! Youre going because you hope hes gonna say, ""Yeah, I love you too, Rach. Forget that British chippy.""",259.0,4.0
Rachel,23.0,Ross's Wedding,OhhDo you think he will?!,260.0,4.0
Phoebe,23.0,Ross's Wedding,"No! Because hes in love with the British chippy! Look, Rachel, if you go, youre just gonna mess with his head and ruin his wedding! Yknow, its too late! You missed youre chance! Im sorry, I know this must be really hard, its over.",261.0,4.0
Rachel,23.0,Ross's Wedding,"Yknow what? No. Its not over until someone says, ""I do."" (Exits)",262.0,4.0
Phoebe,23.0,Ross's Wedding,"I do! I do! I do! (Chases her into the hall, but Rachel doesnt stop.) I do! (Gives up.) Ugh, like I can really chase you. Im carrying a litter.",263.0,4.0
Phoebe,23.0,Ross's Wedding,Oh...yes..is this..umm..Emilys Parents house.,265.0,4.0
Housekeeper,23.0,Ross's Wedding,"Miss Waltham, is at the rehearsal dinner and its not polite to make fun of people. Goodbye.",266.0,4.0
Chandler,23.0,Ross's Wedding,"Joey, its been three days, okay.. Your just a little homesick, Okay. Would you just try to relax. Just, just try to enjoy yourself.",267.0,4.0
Part I Written by,23.0,In Vegas,Andrew Reich & Ted Cohen Part II Written by: Greg Malins & Scott Silveri Transcribed by: Eric Aasen,0.0,5.0
Rachel,23.0,In Vegas,Pheebs? Could you get that? Please?,1.0,5.0
Phoebe,23.0,In Vegas,Why? Just 'cause you're too lazy to get up off your touchie?,2.0,5.0
Rachel,23.0,In Vegas,No! No! It's just that all the people in the entire world that I want to talk to are right here.,3.0,5.0
Phoebe,23.0,In Vegas,(smiles) Okay! (Goes to answer the phone.),4.0,5.0
Rachel,23.0,In Vegas,(under her breath) Sucker!,5.0,5.0
Phoebe,23.0,In Vegas,(answering the phone) Hello? (Listens) Hey Joey!,6.0,5.0
Joey,23.0,In Vegas,"Hey Pheebs! Listen, uh can you do me a favor? I forgot the pin number to my ATM card can, can you get it for me?",7.0,5.0
Phoebe,23.0,In Vegas,Sure! Where is it?,8.0,5.0
Joey,23.0,In Vegas,"Uh, I scratched it on the ATM machine down on the corner.",9.0,5.0
Phoebe,23.0,In Vegas,Ohh! So you're 5639?!,10.0,5.0
Joey,23.0,In Vegas,That's it! Thanks Pheebs!,11.0,5.0
Chandler,23.0,In Vegas,(entering) Hey!,12.0,5.0
Phoebe,23.0,In Vegas,"(to Joey) Ooh, do you want to talk to Chandler?",13.0,5.0
Chandler,23.0,In Vegas,(To Phoebe) Is that Joey?! (She nods yes) Let me talk to him!,14.0,5.0
Joey,23.0,In Vegas,No! (She nods no to Chandler) Because he didn't believe in my movie! Which is a big mistake because it is real! Real!,15.0,5.0
A Casino Boss,23.0,In Vegas,Hey! Tribbiani! Get back to work! Break time's over!,16.0,5.0
Phoebe,23.0,In Vegas,Who was that?,17.0,5.0
Joey,23.0,In Vegas,"Uhh, my stunt double. Yeah, and y'know, he's getting a little too familiar for my tastes.",18.0,5.0
Chandler,23.0,In Vegas,"(To Phoebe) Y'know what? I have been trying to apologize to him all week! If he's not gonna let me do it on the phone, I'm gonna go down there and do it in person.",19.0,5.0
Joey,23.0,In Vegas,"Uhh Pheebs, I heard that. Can you put him on?",20.0,5.0
Phoebe,23.0,In Vegas,Yeah! (She hands the phone to Chandler.),21.0,5.0
Chandler,23.0,In Vegas,(To Joey) Hey!,22.0,5.0
Joey,23.0,In Vegas,Don't come out here!,23.0,5.0
Chandler,23.0,In Vegas,"No-no-no-no, I've supported you one hundred percent and I want to prove that to you in person!",24.0,5.0
Joey,23.0,In Vegas,I got that! I forgive ya! Don't come out here!,25.0,5.0
Chandler,23.0,In Vegas,Forgive me? You haven't been taking my calls in a week!,26.0,5.0
Joey,23.0,In Vegas,"Well, I'm totally over it Chandler. Friends forever! Don't come out here!",27.0,5.0
A Tourist,23.0,In Vegas,(To Joey) Would you mind doing a picture with us?,28.0,5.0
Chandler,23.0,In Vegas,"Uh, what was that?",29.0,5.0
Joey,23.0,In Vegas,"Uh, Entertainment Tonight. [Cut to Chandler] Yeah, okay so, good talking to ya and don't come out here. All right. (Hangs up the phone and poses for that picture.)",30.0,5.0
Phoebe,23.0,In Vegas,Monica! I'm sorry I'm late! (Starts looking around for her) Monica? (Goes into Monica's bedroom.),32.0,5.0
Monica,23.0,In Vegas,"(entering) Phoebe? (Phoebe comes back into the living room) Oh, Phoebe, I'm so sorry. Have you been here long?",33.0,5.0
Phoebe,23.0,In Vegas,(saddened) It's okay. What the hell took you so long?,34.0,5.0
Monica,23.0,In Vegas,"Okay, you can not tell Chandler. Okay? That I ran into Richard.",35.0,5.0
Phoebe,23.0,In Vegas,Which Richard?,36.0,5.0
Monica,23.0,In Vegas,The Richard.,37.0,5.0
Phoebe,23.0,In Vegas,Richard Simmons?! Oh my God!,38.0,5.0
Monica,23.0,In Vegas,"Noo! My ex-boyfriend Richard! Y'know the tall guy, moustache?",39.0,5.0
Phoebe,23.0,In Vegas,"Oh! Okay, that actually makes more sense. So how was it?",40.0,5.0
Monica,23.0,In Vegas,"It was, it was really nice. We started talking and I-I ended up having lunch with him.",41.0,5.0
Phoebe,23.0,In Vegas,That is so weird! I had a dream that you'd have lunch with Richard.,42.0,5.0
Monica,23.0,In Vegas,Really?,43.0,5.0
Phoebe,23.0,In Vegas,"But again, Simmons. Go on.",44.0,5.0
Monica,23.0,In Vegas,"The strange part was, he was really nice, umm and he looks great, but I didn't feel anything at all!",45.0,5.0
Phoebe,23.0,In Vegas,Ooh! So now why can't we tell Chandler?,46.0,5.0
Monica,23.0,In Vegas,Because it would totally freak him out and tomorrow's our anniversary. I just don't want anything to spoil that.,47.0,5.0
Phoebe,23.0,In Vegas,"Oh, I can't believe you guys lasted a whole year!",48.0,5.0
Monica,23.0,In Vegas,I know.,49.0,5.0
Phoebe,23.0,In Vegas,Wow! I owe Rachel 20 bucks!,50.0,5.0
Monica,23.0,In Vegas,What?,51.0,5.0
Phoebe,23.0,In Vegas,On a totally different bet.,52.0,5.0
Chandler,23.0,In Vegas,(entering) Hey!,53.0,5.0
Monica,23.0,In Vegas,It's almost our anniversary!,54.0,5.0
Chandler,23.0,In Vegas,I know. Can you believe it? One year ago today I was just your annoying friend Chandler.,55.0,5.0
Phoebe,23.0,In Vegas,Awww! Now you're just my annoying friend Chandler.,56.0,5.0
Chandler,23.0,In Vegas,Huh.,57.0,5.0
Monica,23.0,In Vegas,I got you a present!,58.0,5.0
Chandler,23.0,In Vegas,"Oh, but it's not 'til tomorrow!",59.0,5.0
Monica,23.0,In Vegas,"I know, but you have to open it today! (Hands it too him.)",60.0,5.0
Chandler,23.0,In Vegas,Okay.,61.0,5.0
Monica,23.0,In Vegas,(grabbing the gift from him and opening it) Okay! There you go! It's two tickets to Vegas!,62.0,5.0
Chandler,23.0,In Vegas,Wow!,63.0,5.0
Monica,23.0,In Vegas,"For this weekend! Oh gosh, it would be perfect, we get to see Joey plus we get to start our anniversary celebration on the plane. We can call it out plane-aversary.",64.0,5.0
Chandler,23.0,In Vegas,Do we have to?,65.0,5.0
Monica,23.0,In Vegas,No.,66.0,5.0
Chandler,23.0,In Vegas,"Okay this is great, but Joey said he didn't want any of us out there.",67.0,5.0
Monica,23.0,In Vegas,"Oh, he just doesn't want us to go through any trouble. Think of how excited he'll be when we go out and surprise him! Plus we get to have our own, ani-Vegas-ary! A-Nevadaversary!",68.0,5.0
Chandler,23.0,In Vegas,"Yeah, I think we should see other people.",69.0,5.0
Monica,23.0,In Vegas,"But we can go, right?",70.0,5.0
Chandler,23.0,In Vegas,Yes.,71.0,5.0
Monica,23.0,In Vegas,Okay!,72.0,5.0
Chandler,23.0,In Vegas,It's a great idea. (They kiss),73.0,5.0
Phoebe,23.0,In Vegas,"Okay, I'm gonna go too!",74.0,5.0
Chandler,23.0,In Vegas,"Y'know Pheebs, it's kinda our (His and Monica's) anniversary.",75.0,5.0
Phoebe,23.0,In Vegas,"Oh please, you are not gonna ditch again like you did with London.",76.0,5.0
Monica,23.0,In Vegas,"Ditch you? Phoebe, you were pregnant with the triplets!",77.0,5.0
Phoebe,23.0,In Vegas,"Uh-huh, great story! I'm going!",78.0,5.0
Rachel,23.0,In Vegas,(entering with Ross) Hi!,79.0,5.0
Phoebe,23.0,In Vegas,Hey!,80.0,5.0
Ross,23.0,In Vegas,Hey!,81.0,5.0
Phoebe,23.0,In Vegas,"Hey, you guys, listen, this weekend we're all gonna go to Las Vegas to surprise Joey! Including me!! You wanna go?!",82.0,5.0
Rachel,23.0,In Vegas,"Well, I guess I could take a couple days off work.",83.0,5.0
Phoebe,23.0,In Vegas,Of course you can take a couple days off work because this trip includes me!,84.0,5.0
Rachel,23.0,In Vegas,"Oh no, wait a minute, wait, I've got a presentation tomorrow. I can't miss that.",85.0,5.0
Ross,23.0,In Vegas,"Oh, but I've got tickets to the Van Gogh exhibit! I've been waiting like a year for this.",86.0,5.0
Chandler,23.0,In Vegas,(coughing) Art lover!,87.0,5.0
Ross,23.0,In Vegas,What'd you say?,88.0,5.0
Chandler,23.0,In Vegas,I said art lover.,89.0,5.0
Ross,23.0,In Vegas,Is that supposed to be an insult?,90.0,5.0
Chandler,23.0,In Vegas,"I don't know, I'm very tired.",91.0,5.0
Ross,23.0,In Vegas,"So Rach, maybe you and I could fly out together Saturday.",92.0,5.0
Rachel,23.0,In Vegas,That sounds great.,93.0,5.0
Ross,23.0,In Vegas,Yeah? All right I'll call the airlines. (Picks up the phone and does so),94.0,5.0
Rachel,23.0,In Vegas,"Okay. Yeah, that would be nice actually, to have the apartment to myself for a night.",95.0,5.0
Phoebe,23.0,In Vegas,"Oh yeah, so you can walk around naked.",96.0,5.0
Rachel,23.0,In Vegas,No! So I can be by myself. Y'know? Have a little alone time.,97.0,5.0
Phoebe,23.0,In Vegas,Naked alone time.,98.0,5.0
Rachel,23.0,In Vegas,"No! Phoebe just because I'm alone doesnt mean I wanna walk around naked. I mean, you live alone, you don't walk around naked.",99.0,5.0
Phoebe,23.0,In Vegas,Uh-huh! Why do you think it takes me so long to answer the door?,100.0,5.0
Phoebe,23.0,In Vegas,"So, so far is this trip to Vegas better or worse than the trip to London?",101.0,5.0
Chandler,23.0,In Vegas,So it's pretty much the same Pheebs.,102.0,5.0
Phoebe,23.0,In Vegas,"Okay, what about after I give you these candies? (Hands them each one from her purse.)",103.0,5.0
Chandler,23.0,In Vegas,"Yeah, I guess it's a little better now.",104.0,5.0
Phoebe,23.0,In Vegas,"Ah-ha! Okay, (takes out a notepad) Las Vegas 1, London 0! I'll be right back. (Gets up and heads aft.)",105.0,5.0
Chandler,23.0,In Vegas,(To Monica) Happy plane-aversary.,106.0,5.0
Monica,23.0,In Vegas,Aww! I love you!,107.0,5.0
Chandler,23.0,In Vegas,Can I give you a present now?,108.0,5.0
Monica,23.0,In Vegas,Okay!,109.0,5.0
Chandler,23.0,In Vegas,Okay! (He grabs his carryon and starts rummaging through it.) Oh man! Dont tell me I did this!,110.0,5.0
Monica,23.0,In Vegas,"I love the ""I forgot the present"" fake out!",111.0,5.0
Chandler,23.0,In Vegas,"How do you feel about the, ""I really did forgot the present, please forgive me"" not fake out?",112.0,5.0
Monica,23.0,In Vegas,"Oh that's okay. Dont worry about it, you can give it to me when we get back.",113.0,5.0
Chandler,23.0,In Vegas,Ohh that's the worse thing that can happen on an anniversary ever!,114.0,5.0
Phoebe,23.0,In Vegas,"(sitting down) Oh good! All right, so you decided to tell him about the Richard thing.",115.0,5.0
Chandler,23.0,In Vegas,What-what Richard thing?,116.0,5.0
Phoebe,23.0,In Vegas,Oh no. [The patented version.,117.0,5.0
Chandler,23.0,In Vegas,What Richard thing?,118.0,5.0
Phoebe,23.0,In Vegas,(To Monica under her breath) Simmons! Go with Simmons!,119.0,5.0
Monica,23.0,In Vegas,"Okay, I umm, I ran into Richard yesterday and he asked me if I wanted to go for a bite and I did. The only reason I didn't tell you is because I knew you'd get mad and I didn't want to spoil our anniversary.",120.0,5.0
Chandler,23.0,In Vegas,(talking out of the side of his mouth) I'm not mad.,121.0,5.0
Monica,23.0,In Vegas,Really?!,122.0,5.0
Chandler,23.0,In Vegas,"Oh yeah! Yeah, so you-you bumped into Richard! You grabbed a bite! It's no big deal. (He still ain't happy.)",123.0,5.0
Monica,23.0,In Vegas,Great!,124.0,5.0
Phoebe,23.0,In Vegas,"Okay, London 1",125.0,5.0
Rachel,23.0,In Vegas,"(takes off her robe) Oh! Look what happened! {Don't get your hopes up guys, we only get to see her from the back or from the neck up. Its times like these I wish that the networks would broadcast some nudity other than Denis Franz's butt.} (In her head.) Huh, check me out! I'm in my kitchennaked! I'm picking up an orange. (Does so) I'm naked! (Goes into the living room) Lighting the candles, naked, and carefully. (She backs anything that might have a point like a candle on her body away.)",126.0,5.0
Ross,23.0,In Vegas,"(in his head) Oh my God! That's Rachel naked! I can't look at that! I am looking at this. (Looks back at his book.) Okay, vivid colors, expressive brush strokesUnless she wants me to be looking at that. She knows I'm home. She knows I can see her. What kind of game is she playing? I think maybe someone's lonely tonight. Oh-ho, Dr. Geller! Stop it! You're being silly! Or, am I?",127.0,5.0
Rachel,23.0,In Vegas,"(singing) Love to love ya baby! Ow! Love to love ya baby! Ow! (There's a knock on the door, she turns off the music, puts on her robe, and goes to answer the door.) Love to love ya, baby! (There's another knock.) Darnit! (Looks through the peephole and turns on the lights.) Ugh. (She opens the door to Ross who's leaning against the door jam.)",128.0,5.0
Ross,23.0,In Vegas,Hey.,129.0,5.0
Ross,23.0,In Vegas,May I come in?,131.0,5.0
Rachel,23.0,In Vegas,"Uh, yeah, if you want too.",132.0,5.0
Ross,23.0,In Vegas,Do you want me too?,133.0,5.0
Rachel,23.0,In Vegas,"Yeah, sure?",134.0,5.0
Ross,23.0,In Vegas,"So do I. (Slowly walks in.) Okay Rach, before anything happens (He takes off his coat) I just want to lay down a couple of ground rules. (Turns back to face her.) This is just about tonight. I don't to go through with this if it's going to raise the question of ""Us."" (Rachel's confused) Okay? I just want this to be (Kicks off his left shoe) about what it is! (Kicks off the other one.)",135.0,5.0
Rachel,23.0,In Vegas,"And um, what-what is that Ross?",136.0,5.0
Ross,23.0,In Vegas,The physical act of love. (Hisses at her.),137.0,5.0
Rachel,23.0,In Vegas,(laughs) What?! Are you crazy?,138.0,5.0
Ross,23.0,In Vegas,Oh so-so you weren't trying to entice me just now with your-your nakedness?,139.0,5.0
Rachel,23.0,In Vegas,"(gasps) Oh God, you saw me?! Oh!",140.0,5.0
Ross,23.0,In Vegas,You weren't trying to entice me with your nakedness.,141.0,5.0
Rachel,23.0,In Vegas,"Noo!! No! You thought, you actually thought I wanted to have sex with you?!",142.0,5.0
Ross,23.0,In Vegas,No! No! (Grabs his coat) No! (Grabs a shoe.) No-no-no-no. (Grabs the other one and heads for the door.),143.0,5.0
Rachel,23.0,In Vegas,"Ohh wow! Im sorry, but Ross you kicked off your shoes!",144.0,5.0
Ross,23.0,In Vegas,"Can we, can we just forget this ever happened?",145.0,5.0
Rachel,23.0,In Vegas,"Yes of course, absolutely! You're right. I'm sorry.",146.0,5.0
Ross,23.0,In Vegas,Thank you.,147.0,5.0
Rachel,23.0,In Vegas,Yes.,148.0,5.0
Ross,23.0,In Vegas,"All right I guess I'm, gonna go pack. (Starts to leave)",149.0,5.0
Rachel,23.0,In Vegas,"Okay. Oh wait! One more thing umm, do-do we still need to uh settle the question of ""us?""",150.0,5.0
Phoebe,23.0,In Vegas,"Hey you guys wait! Guys! (Catches up to them.) This place is so much better than London! Okay? This lady dressed like Cleopatra gave me a coupon, 99 cent steak and lobster dinner. Huh!",151.0,5.0
Monica,23.0,In Vegas,"Phoebe, you don't eat animals.",152.0,5.0
Phoebe,23.0,In Vegas,"For 99 cents, I'd eat you. (Sees the casino) Okay, I can totally settle down here. It's got everything I could ever want, including Joey! Look! (Points to Joey in his gladiator suit posing for a picture with two old ladies.) Oh! Look! Hi!",153.0,5.0
Chandler,23.0,In Vegas,Oh my God.,154.0,5.0
Phoebe,23.0,In Vegas,"Hey! Joey! (They all head over to him, he spots them coming and panics.) Hey! Hey!! Wow! (She hugs him.)",155.0,5.0
Joey,23.0,In Vegas,Hi!,156.0,5.0
Chandler,23.0,In Vegas,Love your condoms my man.,157.0,5.0
Joey,23.0,In Vegas,What-what are you guys doing here? I thought I told you not to come.,158.0,5.0
Phoebe,23.0,In Vegas,Why are you dressed as a gladiator?,159.0,5.0
Joey,23.0,In Vegas,"Uhh, because I'm shooting a scene right now. Yeah, I uh, I play a gladiator. Uh, y'know what? Hold-hold on a second. (To no one in particular) Can we cut? Yeah, my-my friends are here, I'm gonna take a little break.",160.0,5.0
Monica,23.0,In Vegas,Who are you talking too?,161.0,5.0
Joey,23.0,In Vegas,"They uh director. Uhh, her. (Points to an old woman standing behind him. Who glares at him and walks off.) All right, all right, it's not a gladiator movie. I work here.",162.0,5.0
Chandler,23.0,In Vegas,Why?! What happened?!,163.0,5.0
Joey,23.0,In Vegas,"Well, the movie got shutdown because they ran out of money, so I'm working here 'til it starts up again, if it ever does.",164.0,5.0
Monica,23.0,In Vegas,I'm so sorry.,165.0,5.0
Joey,23.0,In Vegas,"Look, I'm sorry I didn't tell ya. (To Chandler) I'm sorry man.",166.0,5.0
Chandler,23.0,In Vegas,"No-no, that's okay, apparently there's a new policy where we don't have to share everything with everybody.",167.0,5.0
Monica,23.0,In Vegas,I knew you were not okay with that.,168.0,5.0
Phoebe,23.0,In Vegas,So you're a gladiator! Wow!,169.0,5.0
Joey,23.0,In Vegas,"Yeah, what-what's going on?",170.0,5.0
Phoebe,23.0,In Vegas,Monica had lunch with Richard.,171.0,5.0
Joey,23.0,In Vegas,Dawson?!,172.0,5.0
Phoebe,23.0,In Vegas,Noo! But that would've been so cool!,173.0,5.0
Chandler,23.0,In Vegas,No! Her boyfriend Richard!,174.0,5.0
Monica,23.0,In Vegas,"It meant nothing! Okay? After all this time, how can you not trust me?",175.0,5.0
Chandler,23.0,In Vegas,When you go lunching with hunky moustache men and don't tell me about it!,176.0,5.0
Monica,23.0,In Vegas,You're right. I'm sorry. I should've told you.,177.0,5.0
Chandler,23.0,In Vegas,Thanks. (They hug.),178.0,5.0
Joey,23.0,In Vegas,"Aww, there we go.",179.0,5.0
Phoebe,23.0,In Vegas,I love Vegas!,180.0,5.0
Monica,23.0,In Vegas,"I promise you, next time I will absolutely tell you.",181.0,5.0
Chandler,23.0,In Vegas,(pushing her away from another hug) Next time?,182.0,5.0
Joey,23.0,In Vegas,"Ooh, so close.",183.0,5.0
Chandler,23.0,In Vegas,There's not gonna be a next time! You can not ever see him again!,184.0,5.0
Monica,23.0,In Vegas,"I can not see him? I mean, you can't tell me what to do!",185.0,5.0
Chandler,23.0,In Vegas,"That's so funny, because I think I just did!",186.0,5.0
Monica,23.0,In Vegas,"Oh y'know what? If you're gonna be acting like this all night, I really, I don't even want to be around you.",187.0,5.0
Chandler,23.0,In Vegas,Fine with me!,188.0,5.0
Monica,23.0,In Vegas,Fine! Happy Anniversary!,189.0,5.0
Joey,23.0,In Vegas,Whoa! Whoa! Guys! Please! Come on! Come on! This is obviously just a big misunderstanding.,190.0,5.0
Monica,23.0,In Vegas,No it is not!,191.0,5.0
Chandler,23.0,In Vegas,What are you talking,192.0,5.0
Joey,23.0,In Vegas,Hey-hey don't look at me! I just work here! (Walks away.),193.0,5.0
Rachel,23.0,In Vegas,"(taking off her sweater) Okay umm, Ross? I'm-I'm really warm, so I'm going to be taking off my sweater. Now, I'm just letting you know that this is not an invitation to the physical act of love.",194.0,5.0
Ross,23.0,In Vegas,(sarcastic) Yep! That's hilarious!,195.0,5.0
Rachel,23.0,In Vegas,I'm sorry. I'm done. I'm done.,196.0,5.0
Ross,23.0,In Vegas,"Y'know, last night was embarrassing for you too.",197.0,5.0
Rachel,23.0,In Vegas,"No, not really. I mean you've seen me naked hundreds of times.",198.0,5.0
Ross,23.0,In Vegas,Uh-huh. But it was a first for the rest of my building.,199.0,5.0
Rachel,23.0,In Vegas,"Okay. All right, that's true! But y'know I just don't embarrass that easily.",200.0,5.0
Ross,23.0,In Vegas,What?! You totally get embarrassed!,201.0,5.0
Rachel,23.0,In Vegas,"No, I don't! Ross, I think I'm just a more secure person than you are.",202.0,5.0
Ross,23.0,In Vegas,Is that so?,203.0,5.0
Rachel,23.0,In Vegas,Yeah.,204.0,5.0
Ross,23.0,In Vegas,(loudly so that everyone can hear) Hey lady! I don't care how much you want it! Okay?! I am not gonna to have sex with you in the bathroom! (Rachel sinks lower on her chair trying to hide.),205.0,5.0
Joey,23.0,In Vegas,"Hey, y'know in Roman times this was more than just a hat.",206.0,5.0
Chandler,23.0,In Vegas,Really?,207.0,5.0
Joey,23.0,In Vegas,"Yeah, sure! Sure! They would uh, they would scrub the floors with it! They would use it to get the mud off their shoe. And sometimes underneath the horse would get dirty so they would stick it right",208.0,5.0
Chandler,23.0,In Vegas,"(interrupting in the nick of time) Joey, I uh! I can't believe this is how I'm spending my anniversary.",209.0,5.0
Joey,23.0,In Vegas,"All right well, I'll take you someplace nice then. Look! A guy tipped me a hundred bucks today.",210.0,5.0
Chandler,23.0,In Vegas,Whoa!,211.0,5.0
Joey,23.0,In Vegas,"Yeah-yeah, he was playing blackjack for like an hour and he won $5,000. Can you believe that? $5,000!",212.0,5.0
Chandler,23.0,In Vegas,"Y'know, if I won $5,000 I'd join a gym, y'know build up my upper body and hit Richard from behind with a stick! (Mimics it.)",213.0,5.0
Joey,23.0,In Vegas,"Wait a minute! Why don't I do what that guy did? I'll take this $100 and turn it into $5,000! And then I'll turn that into enough money to get my movie going again!",214.0,5.0
Chandler,23.0,In Vegas,Good luck!,215.0,5.0
Joey,23.0,In Vegas,Chandler! I don't need luck. I have thought this through!,216.0,5.0
Chandler,23.0,In Vegas,I see.,217.0,5.0
Monica,23.0,In Vegas,(to the bartender) Thank you.,219.0,5.0
Phoebe,23.0,In Vegas,Thanks.,220.0,5.0
Monica,23.0,In Vegas,I can't believe this! This is like the worst night ever!,221.0,5.0
Phoebe,23.0,In Vegas,Y'know Monica you had a minor setback in your relationship with Chandler. Big deal! It's only Chandler. (Monica turns and stares at her.) I am so sorry.,222.0,5.0
Monica,23.0,In Vegas,"This is crazy! I mean, it's such a stupid argument. I don't even wanna see Richard again.",223.0,5.0
Phoebe,23.0,In Vegas,So go fix it! Go find Chandler! He's probably up in your room! Tell him that you're sorry and that you love him.,224.0,5.0
Monica,23.0,In Vegas,Y'know what? You're right Phoebe. You're right. Thank you! (Gets up to find Chandler.),225.0,5.0
Phoebe,23.0,In Vegas,"Sure! (When Monica gets close to the door.) (Yelling) Yeah! Las Vegas, number one!",226.0,5.0
Monica,23.0,In Vegas,Anybody lose this? (Holds up the chip and the woman next to her shakes her head no.),227.0,5.0
The Croupier,23.0,In Vegas,Comin' out. Place your bet. (Monica does so.) Dice are out. (The woman next to Monica rolls the dice.) Double or nothin'! Pay the front line! (Monica won and doubled the chip.),228.0,5.0
Monica,23.0,In Vegas,Hmm.,229.0,5.0
Guy,23.0,In Vegas,"(To Rachel) So uh, I'm on my way back to the bathroom. (Ross giggles.)",230.0,5.0
Rachel,23.0,In Vegas,"Yeah, all right. All right! Just keep walkin'! All right?",231.0,5.0
Rachel,23.0,In Vegas,"Ross! What are you I'm sorry sir. I just, I think he just really likes you.",232.0,5.0
Ross,23.0,In Vegas,(to the guy in the window seat next to him) Hey! Y'know that teacher who had a baby with her student? (He points at Rachel.),233.0,5.0
Ross,23.0,In Vegas,What the? What,234.0,5.0
Rachel,23.0,In Vegas,"(to the flight attendant who appears in record time. It was only seconds after Rachel pushed the call button was she there. Once again, more proof that TV isn't real, IRL she would've been waiting for the rest of the flight and by then Ross's pants would be dry.) Hi!",235.0,5.0
The Flight Attendant,23.0,In Vegas,Miss? May I help you?,236.0,5.0
Rachel,23.0,In Vegas,"Yes, I'm sorry. Do you have any extra pants? Umm, my friend seems to have had a little accident.",237.0,5.0
Joey,23.0,In Vegas,(to the dealer) Can I change a hundred? (He hands him his chip.),238.0,5.0
Blackjack Dealer,23.0,In Vegas,Changing one hundred! (Gives him the change.) Good luck sir.,239.0,5.0
Joey,23.0,In Vegas,(betting all 100) Let's ride.,240.0,5.0
Blackjack Dealer,23.0,In Vegas,(Deals the cards) 13.,241.0,5.0
Joey,23.0,In Vegas,"Hit me! (He does so.) Ohh man! (Joey busts and loses all the money, but when the dealer starts to collect the cards Joey notices something.) Wait! (He holds his hand next to the dealer's hand.)",242.0,5.0
Joey,23.0,In Vegas,Chandler! You are not gonna believe this! I have found my identical hand twin!,243.0,5.0
Chandler,23.0,In Vegas,(totally confused) What?,244.0,5.0
Joey,23.0,In Vegas,My identical hand twin!,245.0,5.0
Chandler,23.0,In Vegas,What's an identical hand twin?,246.0,5.0
Joey,23.0,In Vegas,"What's it sound like? It's a guy with my identical hands! It was incredible! Chandler, the dealer's hands were exactly like me! It-it was like looking at my hands in a mirror!",247.0,5.0
Chandler,23.0,In Vegas,Are you sure you weren't (pause) looking at your hands in a mirror?,248.0,5.0
Joey,23.0,In Vegas,Dont you see what this means?! I can forget about that stupid movie. I'm gonna be a millionaire!,249.0,5.0
Chandler,23.0,In Vegas,(totally confused) How?,250.0,5.0
Joey,23.0,In Vegas,"Look, I don't have it all worked out yet, but it's gotta mean big money! Come on! Identical hands!",251.0,5.0
Chandler,23.0,In Vegas,"Again I must go back to, how?",252.0,5.0
Joey,23.0,In Vegas,"This is Vegas man! People will pay to see freaky stuff! Okay, how much would you pay to see this hand (Holds up his left hand) twice? Huh?",253.0,5.0
Chandler,23.0,In Vegas,"(Pause) Y'know, I-I can't really put a price on that Joe.",254.0,5.0
Joey,23.0,In Vegas,"Hey, are you unsupporting me again?",255.0,5.0
Chandler,23.0,In Vegas,"No! No! I support you 100%! I just didn't, I didn't get it right away. Y'know now I'm caught up! Identical hand twins! It's a million-dollar idea!",256.0,5.0
Phoebe,23.0,In Vegas,Hey!,257.0,5.0
Joey,23.0,In Vegas,Pheebs!!,258.0,5.0
Phoebe,23.0,In Vegas,Yeah?,259.0,5.0
Joey,23.0,In Vegas,I found my identical hand twin!,260.0,5.0
Phoebe,23.0,In Vegas,"Ohh, you are so lucky! (To Chandler) Hey! So, where's Monica? Did you guys make up?",261.0,5.0
Chandler,23.0,In Vegas,No!,262.0,5.0
Phoebe,23.0,In Vegas,But she just came up here!,263.0,5.0
Chandler,23.0,In Vegas,That was Joey!,264.0,5.0
Phoebe,23.0,In Vegas,I wonder where she is. That is so weird.,265.0,5.0
Chandler,23.0,In Vegas,"Yeah, well, she's probably talking to Richard.",266.0,5.0
Phoebe,23.0,In Vegas,Would you stop that! Do you wanna know the first thing she said when she came back from her lunch with Richard? She didn't feel anything for him. She loves you!,267.0,5.0
Chandler,23.0,In Vegas,Really?,268.0,5.0
Phoebe,23.0,In Vegas,"Yes! Now, she feels terrible! She really wants to make up! You gotta find her.",269.0,5.0
Chandler,23.0,In Vegas,Okay. (He gets up and goes to find her.),270.0,5.0
Phoebe,23.0,In Vegas,"Good. (After he leaves, she puts on Joey's gladiator helmet and checks herself out in the mirror) I should really start wearing hats!",271.0,5.0
The Flight Attendant,23.0,In Vegas,(to another passenger) Welcome to Las Vegas.,272.0,5.0
The Flight Attendant,23.0,In Vegas,(To Rachel) Thank you! (Not sure of herself) Enjoy your flight?,273.0,5.0
Rachel,23.0,In Vegas,"Yes, I did. Thank you very much, it was excellent. (Disembarks)",274.0,5.0
The Flight Attendant,23.0,In Vegas,(To Ross) Hope you had a nice flight.,275.0,5.0
Ross,23.0,In Vegas,"Ohh, it was the best!",276.0,5.0
Ross,23.0,In Vegas,I think the check in is that way. (Points),278.0,5.0
Rachel,23.0,In Vegas,Ahh.,279.0,5.0
Rachel,23.0,In Vegas,"Hello! (She makes a face and the kid laughs harder. Finally, his parents drag him off.) Ohh, kids love me.",280.0,5.0
Phoebe,23.0,In Vegas,(sees Ross and Rachel) Hey!,281.0,5.0
Ross,23.0,In Vegas,Phoebe! (They hug.),282.0,5.0
Phoebe,23.0,In Vegas,You guys are here! Yay!,283.0,5.0
Rachel,23.0,In Vegas,Hi! (Hugs Phoebe),284.0,5.0
Phoebe,23.0,In Vegas,(sees Rachel's face) What? Did you go to a costume party? Let me guess umm Pancho Vila? (Points at Rachel) and you're Bob Saget. (An old lady has sat down at the slot machine Phoebe was just at.),285.0,5.0
Rachel,23.0,In Vegas,Pancho Vila?,286.0,5.0
Phoebe,23.0,In Vegas,"Yeah! (Motions to her face, indicating all of Rachel's ""make-up."")",287.0,5.0
Rachel,23.0,In Vegas,"What are you talking about Pheebs? (Takes out her compact) I don't (She gasps when she looks in the mirror and sees her face.) (To Ross) Oh my God, you drew on me?!",288.0,5.0
Ross,23.0,In Vegas,"Hey, you wet my pants!",289.0,5.0
Phoebe,23.0,In Vegas,"Whoa, what kind of party was this?",290.0,5.0
Rachel,23.0,In Vegas,"Ross, I have been walking around like this since the plane! I canyou have so crossed a line. (Heads for the bathroom)",291.0,5.0
Ross,23.0,In Vegas,Rach! Wait! The men's room is that way. (Points in the other direction. Rachel hits him with her purse and heads for the ladies room.),292.0,5.0
Phoebe,23.0,In Vegas,Ugh!,293.0,5.0
Ross,23.0,In Vegas,What?,294.0,5.0
Phoebe,23.0,In Vegas,That's like the third time that lady's won on a machine I was playing.,295.0,5.0
Ross,23.0,In Vegas,"Oooohhh, I'll bet she's one of those people.",296.0,5.0
Phoebe,23.0,In Vegas,M-M-Mole people?,297.0,5.0
Ross,23.0,In Vegas,"What? No-no, a lurker.",298.0,5.0
Phoebe,23.0,In Vegas,Oh. What's a lurker?,299.0,5.0
Ross,23.0,In Vegas,"Okay when you're playing a machine and it hasn't paid out, a lurker waits for you to give up and then",300.0,5.0
Phoebe,23.0,In Vegas,Kills you?,301.0,5.0
Ross,23.0,In Vegas,No. They swoop in and steal your jackpot.,302.0,5.0
Phoebe,23.0,In Vegas,Ohhh!,303.0,5.0
Ross,23.0,In Vegas,Uh-hmm.,304.0,5.0
Phoebe,23.0,In Vegas,How do you know about this?,305.0,5.0
Ross,23.0,In Vegas,My nana used to do it. That's how she paid for all my dancekarate lessons.,306.0,5.0
Phoebe,23.0,In Vegas,Dance karate?,307.0,5.0
Ross,23.0,In Vegas,"Yes, it's a deadly but beautiful sport. (Does a karate chop, then does a little dance-type sway.)",308.0,5.0
Rachel,23.0,In Vegas,"(returning with her purse covering her face) All right, it won't come off!",309.0,5.0
Ross,23.0,In Vegas,What?!,310.0,5.0
Rachel,23.0,In Vegas,It won't come off!,311.0,5.0
Ross,23.0,In Vegas,"Oh my God! Rach-Rach, are-are-are you sure?",312.0,5.0
Rachel,23.0,In Vegas,"No, actually I took it off then I drew it back on.",313.0,5.0
Joey,23.0,In Vegas,(entering) Hey-hey-hey you made it!,314.0,5.0
Ross,23.0,In Vegas,Joey!!,315.0,5.0
Joey,23.0,In Vegas,All right! Hey-hey!,316.0,5.0
Rachel,23.0,In Vegas,Hi!!,317.0,5.0
Joey,23.0,In Vegas,Who's your friend? He's hot! (Ross laughs and Rachel smacks him with her purse.),318.0,5.0
Ross,23.0,In Vegas,(To Joey) Thanks man.,319.0,5.0
Rachel,23.0,In Vegas,Hi. (She hugs Joey.),320.0,5.0
Ross,23.0,In Vegas,"Hey listen I uh, talked to Chandler, sorry about the movie.",321.0,5.0
Joey,23.0,In Vegas,"No, don't be sorry. I don't need it anymore. I found my identical hand twin!",322.0,5.0
Ross,23.0,In Vegas,Your what?,323.0,5.0
Joey,23.0,In Vegas,My identical hand twin! The person whose hands are exactly like mine! This thing is a gold mine!,324.0,5.0
Ross,23.0,In Vegas,What?! That's not gonna make you any money!,325.0,5.0
Joey,23.0,In Vegas,"Okay. Well, if that's how you feel about it, fine! None of you get to live with me in my great big hand-shaped mansion! Except uh, you Pheebs. You can live in the thumb.",326.0,5.0
Monica,23.0,In Vegas,"All right baby, come on! (Rolls the dice) Yes! Yes! I am on fire!",327.0,5.0
Chandler,23.0,In Vegas,(walking by with his luggage) See you later Mon.,328.0,5.0
Monica,23.0,In Vegas,"Wait Chandler, what are you doing?!",329.0,5.0
Chandler,23.0,In Vegas,What does it look like? I'm going home.,330.0,5.0
Monica,23.0,In Vegas,"What? Wait! Why? (He turns and heads for the door and she chases after him.) Chandler! Chandler! Wait! Im sorry, I was just playing for one second! I was trying to find you to tell you that, look if you don't want me to see Richard again, I won't! He means nothing to me!",331.0,5.0
Chandler,23.0,In Vegas,Come on! I was there! (He's propped up with his hand on a statute of a naked guy. He winces and pulls his hand away.) I know he's the love of your life.,332.0,5.0
Monica,23.0,In Vegas,Not any more.,333.0,5.0
Chandler,23.0,In Vegas,Really?!,334.0,5.0
Monica,23.0,In Vegas,"Really! (They hug and kiss) All right? Let's forget about this going home stuff and celebrate our anniversary. (She picks up his suitcase.) Okay, this is empty.",335.0,5.0
Chandler,23.0,In Vegas,"Yeah, I wanted to make a dramatic scene, but I hate packing.",336.0,5.0
Joey,23.0,In Vegas,"(entering) Uhh, hey. Where's the other guy?",337.0,5.0
The Woman Dealer,23.0,In Vegas,Which guy?,338.0,5.0
Joey,23.0,In Vegas,"He's kinda tall, dark hair, hand looks exactly like this. (Holds up his hand.) See?",339.0,5.0
The Woman Dealer,23.0,In Vegas,"I don't know about the hands, but the guy that was here before me just went to the bathroom.",340.0,5.0
Joey,23.0,In Vegas,"Okay! (Walks away, then turns back.) How you doin'?",341.0,5.0
The Woman Dealer,23.0,In Vegas,Very busy.,342.0,5.0
Joey,23.0,In Vegas,Right! Okay. (Heads for the bathroom.),343.0,5.0
Ross,23.0,In Vegas,"(on the phone) Yes, hello. I have a question. Umm, I used your pen to draw on my friend's face. (Listens) A beard and a moustache. (Listens and laughs) Thank you. (Rachel turns around and glares at him.) No, she didn't think so. (Listens) I know it's like (turns and sees Rachel staring at him and quickly changes the subject) anyway, umm well make-up didn't cover it and we've tried everything to get it off and nothing's worked. What-what do we do? (Listens) Yeah. (Listens) Uh-huh. (Listens) Yeah. (Listens) Oh! Okay. (Listens) Okay, thank you! (Rachel gets excited at his tone.) (Hangs up the phone) Yeah, it's not coming off.",344.0,5.0
Rachel,23.0,In Vegas,What?! What else did he say?,345.0,5.0
Ross,23.0,In Vegas,"Umm, he said he thought I was funny. So(Rachel stares at him.) Okay, look-look umm, let's just go downstairs, we'll have some fun, and you will forget all about it.",346.0,5.0
Rachel,23.0,In Vegas,"Ross, no! There is no way I am leaving this room looking like this!",347.0,5.0
Ross,23.0,In Vegas,"Oh, come on! Rach, it's-it's not that bad.",348.0,5.0
Rachel,23.0,In Vegas,"Ross, I am a human doodle!!",349.0,5.0
Ross,23.0,In Vegas,"Look, just because some idiot drew on your face doesn't mean you shouldn't have any fun! Okay? And besides, hey-hey-hey no one is even gonna look at you. Okay? This is Vegas! Hello! There are tons of other freaks here! (Rachel turns around and glares at him.) There are tonsoffreaks here. No other. No. Come on! No one will notice, I swear!",350.0,5.0
Ross,23.0,In Vegas,"Okay, there was some staring and pointing.",351.0,5.0
Rachel,23.0,In Vegas,"Okay, I need a, I need a drink! (Makes a beeline for the mini-bar.)",352.0,5.0
Ross,23.0,In Vegas,"Oh, hey y'know, they-they really overcharge you for that stuff. (Rachel glares at him.) But who cares?! Because it's all on me! (Rachel reaches into the fridge and pulls out two handfuls of those mini booze bottles.) (Watching her.) That is, one big drink!",353.0,5.0
Rachel,23.0,In Vegas,(she's finished reliving the fridge of its entire alcohol content.) Macadamia nut?,354.0,5.0
Ross,23.0,In Vegas,(looking at the price list) Umm Wow! That's-that's some pricey nut!,355.0,5.0
Rachel,23.0,In Vegas,Hm-mmm! (Opens the container),356.0,5.0
Ross,23.0,In Vegas,"Really like those Macadamia nuts, huh?",357.0,5.0
Rachel,23.0,In Vegas,"Nope! (She puts one in her mouth and spits it out, then does it again in another direction.)",358.0,5.0
Phoebe,23.0,In Vegas,(seeing her) Get out of here you lurker! (She doesn't move) Go on! Get! (She throws a quarter at her.),359.0,5.0
Chandler,23.0,In Vegas,(arm-in-arm with Monica) Hey Pheebs!,360.0,5.0
Phoebe,23.0,In Vegas,Ohh! You made up!,361.0,5.0
Monica,23.0,In Vegas,"Yeah, I couldn't be mad at him for too long.",362.0,5.0
Chandler,23.0,In Vegas,"Yeah, she couldn't live without the Chan Love. (They start kissing.)",363.0,5.0
Phoebe,23.0,In Vegas,"Ohh, get a room.",364.0,5.0
Monica,23.0,In Vegas,We have one.,365.0,5.0
Phoebe,23.0,In Vegas,I know. Use it.,366.0,5.0
Joey,23.0,In Vegas,"Oh-oh-oh, yeah! (He grabs some towels and takes them to him.) That's right, you take good care of those babies!",367.0,5.0
Joey's Hand Twin,23.0,In Vegas,Excuse me?,368.0,5.0
Joey,23.0,In Vegas,"It's me, Joey!",369.0,5.0
Joey's Hand Twin,23.0,In Vegas,Do I know you?,370.0,5.0
Joey,23.0,In Vegas,(holds up his hand) Joey!,371.0,5.0
Joey's Hand Twin,23.0,In Vegas,"Oh-ho, yeah. Yeah, the hand guy.",372.0,5.0
Joey,23.0,In Vegas,"Okay, so what are we going to do about this hand twin thing?!",373.0,5.0
Joey's Hand Twin,23.0,In Vegas,Nothing?,374.0,5.0
Joey,23.0,In Vegas,"Look, you and I have been given a gift. Okay? We have to do something with it. Like-like, hand modeling! Huh? Or-or magic! And you know NASA's gonna wanna talk to us!",375.0,5.0
Joey's Hand Twin,23.0,In Vegas,(tries to leave) I have to get back to,376.0,5.0
Joey,23.0,In Vegas,"(stopping him) Whoa! Whoa! Whoa! Whoa-whoa! We could have our own show! Y'know we could clap our hands together people will love it! Huh? And-and-and I wrote a song for us! (Singing, to the tune of This Land is Your Land) This hand is your hand! This hand is my hand! Oh wait, that's your hand! No wait, it's my hand!",377.0,5.0
Joey's Hand Twin,23.0,In Vegas,That's okay. (Walks out.),378.0,5.0
Joey,23.0,In Vegas,(following him) But you haven't even heard the chorus!,379.0,5.0
Rachel,23.0,In Vegas,"Oh my God, I'm starting to look like my great aunt, Muriel.",380.0,5.0
Ross,23.0,In Vegas,"(gets up) All right. Y'know what? We dont have to go downstairs! We can bring Vegas up to us! (He grabs a deck of cards and pulls up a chair.) All right, come on, come on, we'll play some blackjack. Here we go. (Deals the cards.) 13.",381.0,5.0
Rachel,23.0,In Vegas,Hit me!,382.0,5.0
Ross,23.0,In Vegas,"(does so) Oohh, 23. (Rachel looks at him.) Which is what we play to at this casino! You win 10 dollars! (Holds out a ten.)",383.0,5.0
Rachel,23.0,In Vegas,I bet 20.,384.0,5.0
Ross,23.0,In Vegas,You're right! (Gives her the twenty she won.),385.0,5.0
Monica,23.0,In Vegas,(shaking the dice) A new pair of shoes for the Chan-Chan man! (Rolls the dice.) Yes!,386.0,5.0
Chandler,23.0,In Vegas,Yes! I've-I've never seen a roll like this in my life!,387.0,5.0
Monica,23.0,In Vegas,"That's right baby! Okay, what do I want now?",388.0,5.0
Chandler,23.0,In Vegas,"Okay, ah umm, ah, a 8. Ah, a 6?",389.0,5.0
Monica,23.0,In Vegas,Pick a number! That is your only job!,390.0,5.0
Chandler,23.0,In Vegas,8. 8!,391.0,5.0
Monica,23.0,In Vegas,Thank you!,392.0,5.0
Chandler,23.0,In Vegas,"If you get this one, we buy everybody here a steak dinner!",393.0,5.0
All,23.0,In Vegas,Yay!!,394.0,5.0
The Croupier,23.0,In Vegas,8!,395.0,5.0
Monica,23.0,In Vegas,Yes!,396.0,5.0
All,23.0,In Vegas,Yay!!,397.0,5.0
Monica,23.0,In Vegas,(To Chandler) We're not really gonna buy these people steak dinners are we?,398.0,5.0
Chandler,23.0,In Vegas,Noo!,399.0,5.0
Monica,23.0,In Vegas,"Okay, good! Okay, what do I want now?",400.0,5.0
Chandler,23.0,In Vegas,"Ahh, ooh, try a hard 8.",401.0,5.0
Monica,23.0,In Vegas,What?,402.0,5.0
Chandler,23.0,In Vegas,Two fours.,403.0,5.0
Monica,23.0,In Vegas,Okay. (Rolls the dice),404.0,5.0
The Croupier,23.0,In Vegas,8!:,405.0,5.0
A Drunken Gambler,23.0,In Vegas,(To Chandler) Don't you let her go! You're a lucky guy!,406.0,5.0
Chandler,23.0,In Vegas,"Thank you, Mister Drunken Gambler! Okay, you get this and uh, we get the biggest suite in the place! (Everyone cheers) Wait-wait-wait-wait! We (motions to Monica and him.) get the biggest suite in the place.",407.0,5.0
Monica,23.0,In Vegas,"All right, biggest suite in the place. Come on! (Rolls the dice.)",408.0,5.0
Chandler,23.0,In Vegas,(sees the roll) Yes!! I love you! I can't even remember what we were fighting about!,409.0,5.0
Monica,23.0,In Vegas,"Oh, that's because I had lunch with RichMe neither! Okay, what do I want now?",410.0,5.0
Chandler,23.0,In Vegas,Another hard 8.,411.0,5.0
Monica,23.0,In Vegas,Hard 8?! We should call it easy 8!,412.0,5.0
Chandler,23.0,In Vegas,"Okay, okay, I tell you what. You roll another hard eight; (pause) and we get married here tonight.",413.0,5.0
Drunken Gambler,23.0,In Vegas,Go! Come on! Roll!,414.0,5.0
All,23.0,In Vegas,Roll-roll!!,415.0,5.0
Monica,23.0,In Vegas,Shut up!! It just got interesting!,416.0,5.0
Monica,23.0,In Vegas,What did you just say?,418.0,5.0
Chandler,23.0,In Vegas,You roll another hard eight and we get married here tonight.,419.0,5.0
Monica,23.0,In Vegas,Are you serious?!,420.0,5.0
Chandler,23.0,In Vegas,Yes! I love you! I've never loved anybody as much as I love you.,421.0,5.0
Monica,23.0,In Vegas,I've never loved anybody as much as I love you.,422.0,5.0
Chandler,23.0,In Vegas,"Okay, so if an eight comes up, we take it as a sign and we do it! {Whoa! Where have I heard that before? Matthew Perry talking about signs in Las Vegas. I guess it must've been some movie I saw.} What do you say?",423.0,5.0
Monica,23.0,In Vegas,Okay!,424.0,5.0
Chandler,23.0,In Vegas,Okay! Come on! Let's go! All right!,425.0,5.0
Chandler,23.0,In Vegas,(spots one) Okay! That's a four! And where-where's the other one?,426.0,5.0
Drunken Gambler,23.0,In Vegas,It went under the table.,427.0,5.0
Monica,23.0,In Vegas,"Nobody move! (To Chandler) Okay, you look that way; I'll look this way!",428.0,5.0
Chandler,23.0,In Vegas,All right!,429.0,5.0
Chandler,23.0,In Vegas,Here it is! Here it is!,430.0,5.0
Monica,23.0,In Vegas,That could be a four or a five. It's your call.,431.0,5.0
Chandler,23.0,In Vegas,It's a four.,432.0,5.0
Monica,23.0,In Vegas,I think so too.,433.0,5.0
Phoebe,23.0,In Vegas,"Oh well, lost again. (She gets up and slowly moves away. The lurker scurries in and takes her spot, only this time Phoebe set a trap for her and catches her in the act.) That's it! You and me, outside!",434.0,5.0
The Lurker,23.0,In Vegas,I don't want to see you lose a chunk of that pretty blond hair!,435.0,5.0
Phoebe,23.0,In Vegas,"Be cool! (They both pretend to have a nice conversation as the guard walks by, but after he leaves they both start fighting again.) Okay lady, your lurking days are over!",436.0,5.0
The Lurker,23.0,In Vegas,What?!,437.0,5.0
Phoebe,23.0,In Vegas,"Yeah, from now on everyone you lurk, I'm gonna lurk first! You move on to someone else, I'm gonna be one step ahead of you, every single time! And then I'll be on your ass every hour of every day 'til Monday, because that's when I go home. When do you leave?",438.0,5.0
The Lurker,23.0,In Vegas,Also Monday.,439.0,5.0
Phoebe,23.0,In Vegas,What time? Maybe we can share a cab!,440.0,5.0
Rachel,23.0,In Vegas,Hit me. (He does so.) Hit me. (He does so.) Hit me. (He does so.) Hit me. (He does so.) Hit me. (He does so.) Hit me. (He does so.) Hit me. (She slows down with each one.),441.0,5.0
Ross,23.0,In Vegas,(runs out of cards) We need more cards.,442.0,5.0
Rachel,23.0,In Vegas,"Yeah, and also we need more umm, drinks. Hold on a second. (Gets up but stumbles a little bit.) Whup, okay. (She makes it to the phone and picks it up, without dialing.) Hello! Vegas? Yeah, we would like some more alcohol, and y'know what else? We would like some more beers. Hello? Ohh, I forgot to dial!",443.0,5.0
Ross,23.0,In Vegas,That must be our alcohol and beers! (Gets up to answer it.),444.0,5.0
Joey,23.0,In Vegas,Hey!,445.0,5.0
Ross,23.0,In Vegas,"Ohh, it's Joey! I love Joey! (Hugs him.)",446.0,5.0
Rachel,23.0,In Vegas,"Ohh, I love Joey! Joey lives with a duck! (Goes and hugs Joey.)",447.0,5.0
Joey,23.0,In Vegas,Hi!,448.0,5.0
Rachel,23.0,In Vegas,Hey!,449.0,5.0
Joey,23.0,In Vegas,"Look-look-look you guys, I need some help! Okay? Someone is going to have to convince my hand twin to cooperate!",450.0,5.0
Ross,23.0,In Vegas,"I'll do it. Hey, whatever you need me to do, I'm your man. (He starts to sit down on the bed. There's one problem though, he's about two feet to the left of it. Needless to say, he misses and falls on his butt.) (Looking up at Joey.) Whoa-oh-whoa! Are you, are you okay?",451.0,5.0
Joey,23.0,In Vegas,"Yeah! I'm fine! Thanks! (He starts to leave, but gets an idea and stops.) Hey Rach, how you doin'?",452.0,5.0
Rachel,23.0,In Vegas,"I'm doin' good, baby. How you doin'?",453.0,5.0
Joey,23.0,In Vegas,"Ross, don't let her drink anymore! (Exits)",454.0,5.0
Ross,23.0,In Vegas,"Ohh, here's that Macadamia nut!",455.0,5.0
Rachel,23.0,In Vegas,Ohhh!!,456.0,5.0
Ross,23.0,In Vegas,(he puts it in his mouth) Nope! Something else. (Throws it back under the bed.),457.0,5.0
Rachel,23.0,In Vegas,"Oops! All right, so what do you want to do now?",458.0,5.0
Ross,23.0,In Vegas,"I wanna get out of the room! Y'know, II really miss downstairs.",459.0,5.0
Rachel,23.0,In Vegas,"Okay, y'know what? There's only one way I'm leaving this hotel room.",460.0,5.0
Ross,23.0,In Vegas,Well hello! I'm Ross!,461.0,5.0
Rachel,23.0,In Vegas,Good luck to ya!,462.0,5.0
Ross,23.0,In Vegas,"Excuse me sir, you've got a little something right here. (He points to the corner of his mouth and they both laugh.)",463.0,5.0
Rachel,23.0,In Vegas,Wow!,464.0,5.0
Ross,23.0,In Vegas,(bowing) Hello!,465.0,5.0
Rachel,23.0,In Vegas,(bowing) Hello!,466.0,5.0
Phoebe,23.0,In Vegas,I won! I won! I finally won!,467.0,5.0
The Lurker,23.0,In Vegas,I won! That was my quarter!,468.0,5.0
Phoebe,23.0,In Vegas,Fine! Here! Take a hike toots! (Gives back her quarter.),469.0,5.0
The Lurker,23.0,In Vegas,"(to the guard) Excuse me, sir! This lady played my quarter, this is my money. (Motions to the jackpot.)",470.0,5.0
The Security Guard,23.0,In Vegas,(To Phoebe) Is that true miss?,471.0,5.0
Phoebe,23.0,In Vegas,(quietly) Sells drugs to kids.,472.0,5.0
The Security Guard,23.0,In Vegas,What?!,473.0,5.0
Phoebe,23.0,In Vegas,She sells drugs to kids. (The guard looks at the lurker.),474.0,5.0
The Lurker,23.0,In Vegas,It was my quarter!,475.0,5.0
The Security Guard,23.0,In Vegas,(To Phoebe) Was it her quarter?,476.0,5.0
Phoebe,23.0,In Vegas,How about we talk about this over dinner?,477.0,5.0
The Security Guard,23.0,In Vegas,"Okay lady, you're out of here.",478.0,5.0
Phoebe,23.0,In Vegas,"No! No, you can't arrest me! No!! I won't go back! I won't go back to that hell hole!!",479.0,5.0
The Security Guard,23.0,In Vegas,I'm just taking you outside!,480.0,5.0
Phoebe,23.0,In Vegas,"Oh, okay. (Walks out.)",481.0,5.0
Monica,23.0,In Vegas,"Okay, come on, I can't get married until I get something old, something new, something borrowed, and something blue.",482.0,5.0
Chandler,23.0,In Vegas,"Okay, all right, all right, all right! Okay! (Picks up a blue sweater.) Okay, here's something, here's something blue and new.",483.0,5.0
Monica,23.0,In Vegas,You're so efficient. I love you!,484.0,5.0
Chandler,23.0,In Vegas,Let's go! (Starts to leave.),485.0,5.0
Monica,23.0,In Vegas,No-no-no! We need something old!,486.0,5.0
Chandler,23.0,In Vegas,"Ohh, great, I have condom in my wallet I've had since I was twelve.",487.0,5.0
Monica,23.0,In Vegas,That'll work!,488.0,5.0
Chandler,23.0,In Vegas,I don't think so.,489.0,5.0
Monica,23.0,In Vegas,"Okay, now we just need something borrowed!",490.0,5.0
Chandler,23.0,In Vegas,(looks around) Here justtake this. (Hands her the sweater.),491.0,5.0
Monica,23.0,In Vegas,That's stealing!,492.0,5.0
Chandler,23.0,In Vegas,"No, we'll-we'll bring it back! Just put it under your dress.",493.0,5.0
Monica,23.0,In Vegas,Ohh. (Rubs her fake stomach.),494.0,5.0
Chandler,23.0,In Vegas,"Okay, one thing at a time. (They run out to get married.)",495.0,5.0
Joey,23.0,In Vegas,(sitting down) Ahhh! (Slides his hands across the table.),496.0,5.0
Joey's Hand Twin,23.0,In Vegas,Are you gonna play?,497.0,5.0
Joey,23.0,In Vegas,"No-no, I don't really have any money. Not yet, anyway (Shakes his hands.)",498.0,5.0
Joey's Hand Twin,23.0,In Vegas,You can't sit here if you're not gonna play.,499.0,5.0
Joey,23.0,In Vegas,"(throws down a small wad of money, and as his hand twin starts to unfold it, Joey once again brings attention to their special gift to the world. {Y'know, looking at it now, they really don't have that similar of hands. Joey's are bigger.}) Ooh-ho-ho! (The dealer stares at him and he stops.)",500.0,5.0
Phoebe,23.0,In Vegas,"(entering and sitting down at the table.) Hello. My name is Regina Phalange. I'm a businesswoman in town on business. Would you like to see my card? (Looks down) Ooh, what did I do with my file-a-facts? I must've left it in conference room B.",501.0,5.0
Joey's Hand Twin,23.0,In Vegas,(To Joey) 14.,502.0,5.0
Joey,23.0,In Vegas,Hit me! (He does so.),503.0,5.0
Phoebe,23.0,In Vegas,"Oh my God! May I just say that you two gentlemen have the exact same hands! They're identical! Now, I've never seen anything like that in the business world.",504.0,5.0
Joey's Hand Twin,23.0,In Vegas,Stop it!,505.0,5.0
Joey,23.0,In Vegas,"Uhh, Ms. Phalange, may I ask you a question as an impartial person at-at this table?",506.0,5.0
Joey's Hand Twin,23.0,In Vegas,Please stop it!,507.0,5.0
Joey,23.0,In Vegas,"Wouldn't you pay good money to see these identical hands showcased in some type of a uh, entertainment venue?",508.0,5.0
Joey's Hand Twin,23.0,In Vegas,"(To Joey) If you leave now, I will chop off my hand and give it too you!",509.0,5.0
The Security Guard,23.0,In Vegas,(To Phoebe) Didn't I just throw you out of here?,510.0,5.0
Phoebe,23.0,In Vegas,"No, you threw out Phoebe. I'm Ms. Regina Phalange. Phalange!",511.0,5.0
The Security Guard,23.0,In Vegas,"Come on, lady! (Starts to escort her out.)",512.0,5.0
Joey's Hand Twin,23.0,In Vegas,"Please, please take him too. (Motions to Joey.)",513.0,5.0
Joey,23.0,In Vegas,"Me?! Oh come on, man! You can't do this! Come on! (Being dragged out by the guard) I'm your hand twin!!",514.0,5.0
Chandler,23.0,In Vegas,Hello! One marriage please!,515.0,5.0
Monica,23.0,In Vegas,"Yep, we wanna get married!",516.0,5.0
The Attendant,23.0,In Vegas,"Well, there's a service in progress. Have a seat.",517.0,5.0
Chandler,23.0,In Vegas,(singing) Dum! Dum-dum-dum! Dum! Dum! Dum! Dum-dum-dum!,518.0,5.0
Monica,23.0,In Vegas,What are you doing?,519.0,5.0
Chandler,23.0,In Vegas,"Oh, that's The Wedding March. Does, does that freak you out?",520.0,5.0
Monica,23.0,In Vegas,"No, only because that's the graduation song.",521.0,5.0
Chandler,23.0,In Vegas,Okay! (Stands up) This is it! (Claps his hands) We're gonna get married!,522.0,5.0
Monica,23.0,In Vegas,Are you sure you wanna do this?,523.0,5.0
Ross,23.0,In Vegas,"Well, hello, Mrs. Ross! (Throws some rice.)",524.0,5.0
Rachel,23.0,In Vegas,"Well, hello, Mr. Rachel! (Throws some more rice.)",525.0,5.0
Rachel,23.0,In Vegas,Wait! (Gets her bearings) Okay!,526.0,5.0
Teleplay by,17.0,The Cheap Wedding Dress,Andrew Reich & Ted Cohen Story by: Brian Buckner & Sebastian Jones Transcribed by: Eric Aasen,0.0,7.0
Monica,17.0,The Cheap Wedding Dress,So the wedding caterer sent me this list of twelve appetizers and I have to narrow it down to six.,1.0,7.0
Joey,17.0,The Cheap Wedding Dress,Food? Uh-huh gimme! (She hands him the paper.),2.0,7.0
Chandler,17.0,The Cheap Wedding Dress,So did Monica tell you about this great band called the Swing Kings that were trying to get to play at the wedding?,3.0,7.0
Phoebe,17.0,The Cheap Wedding Dress,Since when are you into swing music?,4.0,7.0
Chandler,17.0,The Cheap Wedding Dress,Oh since forever! I used to go all over town listening to bands!,5.0,7.0
Monica,17.0,The Cheap Wedding Dress,Chandler.,6.0,7.0
Chandler,17.0,The Cheap Wedding Dress,Gap commercial. (To Monica) So did you book them? Did you call?,7.0,7.0
Monica,17.0,The Cheap Wedding Dress,I will.,8.0,7.0
Chandler,17.0,The Cheap Wedding Dress,Do you want me to call?,9.0,7.0
Monica,17.0,The Cheap Wedding Dress,"No, Ill do it. You just stick to your job.",10.0,7.0
Phoebe,17.0,The Cheap Wedding Dress,What is your job?,11.0,7.0
Chandler,17.0,The Cheap Wedding Dress,Staying out of the way.,12.0,7.0
Joey,17.0,The Cheap Wedding Dress,"This is impossible Monica, why dont you just pick all 15? (Hands back the paper.)",13.0,7.0
Monica,17.0,The Cheap Wedding Dress,There were only twelve.,14.0,7.0
Joey,17.0,The Cheap Wedding Dress,"Oh yeah, I added three.",15.0,7.0
Monica,17.0,The Cheap Wedding Dress,What are peanut butter fingers?!,16.0,7.0
Joey,17.0,The Cheap Wedding Dress,"Oh yeah (He mimes sticking his fingers into a jar of peanut butter, scooping some out, and eating it off his fingers.)",17.0,7.0
Ross,17.0,The Cheap Wedding Dress,"(noticing a beautiful woman moving in down the street) Well hello! Shes cute! Should we uh, go try to talk to her?",19.0,7.0
Chandler,17.0,The Cheap Wedding Dress,Sure! Thats one of the great things about being engaged. Im not nervous talking to pretty girls anymore.,20.0,7.0
Ross,17.0,The Cheap Wedding Dress,"Uh yeah! Let me, let me get that for you.",21.0,7.0
Ross,17.0,The Cheap Wedding Dress,"(exhales) I got it. (He lifts the box and grunts under the strain.) (Calmly) So hi, Im uh, Im Ross and this is my friend Chandler. (He shyly waves.)",22.0,7.0
Ross,17.0,The Cheap Wedding Dress,"Kristen, hi. Are you uh, new to the area, cause if you areId love to show you around sometime.",23.0,7.0
Kristen,17.0,The Cheap Wedding Dress,"II uh, actually just moved from four blocks over.",24.0,7.0
Ross,17.0,The Cheap Wedding Dress,Ah.,25.0,7.0
Kristen,17.0,The Cheap Wedding Dress,But-but this block is like a whole other world.,26.0,7.0
Ross,17.0,The Cheap Wedding Dress,"Yknow actually it does have a very interesting history. Uh, this street is the first street in the city to have an underground sewer system. (Kristen crinkles her nose at that.) Before that sewage and waste would just flow right down the street. Yeah, sometimes ankle deep! (He stops when he realizes what hes talking about.)",27.0,7.0
Chandler,17.0,The Cheap Wedding Dress,(To Ross) Smooth.,28.0,7.0
Kristen,17.0,The Cheap Wedding Dress,(To Chandler) Excuse me? (Chandler does the shy thing again.),29.0,7.0
Ross,17.0,The Cheap Wedding Dress,"Umm, say youre gonna be starving after all this moving. What do you say I take you to dinner tonight?",30.0,7.0
Kristen,17.0,The Cheap Wedding Dress,Oh Id like that.,31.0,7.0
Ross,17.0,The Cheap Wedding Dress,Yeah?,32.0,7.0
Kristen,17.0,The Cheap Wedding Dress,Yeah.,33.0,7.0
Ross,17.0,The Cheap Wedding Dress,"Great! Uh, let me take this up for you. (The box hes holding.)",34.0,7.0
Kristen,17.0,The Cheap Wedding Dress,After you.,35.0,7.0
Ross,17.0,The Cheap Wedding Dress,"Oh no-no, after you. (She grabs a chair and heads upstairs.) (When shes gone.) Oh my God! (He drops the box and Chandler cant pick it up.)",36.0,7.0
Phoebe,17.0,The Cheap Wedding Dress,(wearing a veil) Am I crazy or does this totally go?!,37.0,7.0
Rachel,17.0,The Cheap Wedding Dress,Oh my God! You look so beautiful!,38.0,7.0
Phoebe,17.0,The Cheap Wedding Dress,"(To Rachel) Thank you Rachel but, look at Monica!",39.0,7.0
Monica,17.0,The Cheap Wedding Dress,"This is it. Yeah, this is the one. I cant believe I found it!",40.0,7.0
Monica,17.0,The Cheap Wedding Dress,"Well Im Monica Geller, ball like a baby.",41.0,7.0
Monica,17.0,The Cheap Wedding Dress,Have you found your dress yet?,42.0,7.0
Megan,17.0,The Cheap Wedding Dress,"Oh no, these dresses are all so amazing but there is no way I could afford one.",43.0,7.0
Monica,17.0,The Cheap Wedding Dress,"No, I cant afford this either. No. I-I-Im, Im just to figure out which one I want then Im gonna get it at Kleinmans, this discount place in Brooklyn, day after tomorrow they are having a huge sale.",44.0,7.0
Megan,17.0,The Cheap Wedding Dress,"Oh, thanks for the tip.",45.0,7.0
Monica,17.0,The Cheap Wedding Dress,Yeah! So-so when are you getting married?,46.0,7.0
Megan,17.0,The Cheap Wedding Dress,"Oh Im not, I just like to try these on.",47.0,7.0
Rachel,17.0,The Cheap Wedding Dress,I do the same thing.,48.0,7.0
Megan,17.0,The Cheap Wedding Dress,Im just kidding. Im getting married July 25th.,49.0,7.0
Rachel,17.0,The Cheap Wedding Dress,Im just kidding too. (Laughs) Im getting married in December. (Turns away not happy with herself.),50.0,7.0
Megan,17.0,The Cheap Wedding Dress,(To Monica) So when are you getting married?,51.0,7.0
Monica,17.0,The Cheap Wedding Dress,Oh May 15th.,52.0,7.0
Megan,17.0,The Cheap Wedding Dress,Oooh its getting close!,53.0,7.0
Monica,17.0,The Cheap Wedding Dress,Yeah!,54.0,7.0
Megan,17.0,The Cheap Wedding Dress,"So uh, whos your photographer?",55.0,7.0
Monica,17.0,The Cheap Wedding Dress,Jeffery.,56.0,7.0
Megan,17.0,The Cheap Wedding Dress,We met with him. Did he show you the photos of the nude wedding he did?,57.0,7.0
Monica,17.0,The Cheap Wedding Dress,The best man? Wow!,58.0,7.0
Megan,17.0,The Cheap Wedding Dress,"I know! I almost called off my wedding. Oh, whos your band?!",59.0,7.0
Monica,17.0,The Cheap Wedding Dress,"Oh, my fiancee wants the Swing Kings.",60.0,7.0
Megan,17.0,The Cheap Wedding Dress,"Oh, youre so lucky. My fiancee wants the heavy metal band Carcass.",61.0,7.0
Phoebe,17.0,The Cheap Wedding Dress,"Ooh, is that spelled with a C or a K? Oh my God! It doesnt matter; theyre both great!",62.0,7.0
Rachel,17.0,The Cheap Wedding Dress,Oh yknow what? Yknow what? Now that you know what you want you should go to Kleinmans and get it half off. This place is so overpriced.,63.0,7.0
Rachel,17.0,The Cheap Wedding Dress,"So, does this (The dress) come in another color or (The store owner walks away.)",64.0,7.0
Joey,17.0,The Cheap Wedding Dress,"(checking her out) Hi! You uh, movin in or movin out?",65.0,7.0
Kristen,17.0,The Cheap Wedding Dress,Im moving in.,66.0,7.0
Joey,17.0,The Cheap Wedding Dress,"Oh uh, can I give you a hand?",67.0,7.0
Kristen,17.0,The Cheap Wedding Dress,Oh okay. But yknow what? Be careful. Because a guy was helping me before had to leave because he hurt his back.,68.0,7.0
Joey,17.0,The Cheap Wedding Dress,Boyfriend?,69.0,7.0
Kristen,17.0,The Cheap Wedding Dress,No.,70.0,7.0
Joey,17.0,The Cheap Wedding Dress,Im Joey. (They shake hands.),71.0,7.0
Kristen,17.0,The Cheap Wedding Dress,Kristen.,72.0,7.0
Joey,17.0,The Cheap Wedding Dress,"Oh wow, what a beautiful name! (Pause) What is it again?",73.0,7.0
Kristen,17.0,The Cheap Wedding Dress,Kristen.,74.0,7.0
Joey,17.0,The Cheap Wedding Dress,Got it! (He picks up a lamp.) So,75.0,7.0
Kristen,17.0,The Cheap Wedding Dress,"So uh, do you live around here?",76.0,7.0
Joey,17.0,The Cheap Wedding Dress,Yeah! Yeah! Right down there. (Points.) Hey listen; let me give you a little tip. Do not take a nap on this stoop (Points to hers) or you can wake up with your shoes gone.,77.0,7.0
Kristen,17.0,The Cheap Wedding Dress,Ill remember that.,78.0,7.0
Joey,17.0,The Cheap Wedding Dress,"Okay. Yeah. Listen would you uh, would you like to have dinner with me tonight?",79.0,7.0
Kristen,17.0,The Cheap Wedding Dress,"Oh I, I have plans tonight.",80.0,7.0
Joey,17.0,The Cheap Wedding Dress,Oh.,81.0,7.0
Kristen,17.0,The Cheap Wedding Dress,But how about tomorrow?,82.0,7.0
Joey,17.0,The Cheap Wedding Dress,"Sounds great! Okay all right, well where does this go? (The lamp hes holding.)",83.0,7.0
Kristen,17.0,The Cheap Wedding Dress,"You look strong, why dont I take that and you grab one of the boxes.",84.0,7.0
Joey,17.0,The Cheap Wedding Dress,"Okay. Yeah. (She leaves and he goes to pick up a box marked books, but decides to take the box marked pillows instead.) Yeah, Ill grab this one. (He follows her upstairs.)",85.0,7.0
Rachel,17.0,The Cheap Wedding Dress,(To Phoebe) So this is Brooklyn.,86.0,7.0
Monica,17.0,The Cheap Wedding Dress,"All right, listen up. There is usually only one dress in each size so when they open those doors, fan out. Now, this is what youre looking for! (Holds up a picture of it.) Memorize it! When you locate the dress, blow on these. All right? (She passes out whistles to them.) Three short blasts, when you hear it. Come running.",87.0,7.0
Rachel,17.0,The Cheap Wedding Dress,Okay.,88.0,7.0
Phoebe,17.0,The Cheap Wedding Dress,Got it.,89.0,7.0
Monica,17.0,The Cheap Wedding Dress,All right.,90.0,7.0
Rachel,17.0,The Cheap Wedding Dress,Oh theyre pushing! Theyre pushing!!,91.0,7.0
Monica,17.0,The Cheap Wedding Dress,(To Rachel) Hey! Dont be a baby!,92.0,7.0
Rachel,17.0,The Cheap Wedding Dress,Well I,93.0,7.0
Phoebe,17.0,The Cheap Wedding Dress,(coming back out) Hey! Rachel! Come on!!!!,94.0,7.0
Monica,17.0,The Cheap Wedding Dress,"No. No. Not it. Not it. Not it. (Checks another rack and another woman tries to reach around her.) (To the woman) Dont crowd me! (Finds it) This is it! This is the dress! Oh my God, its perfect! (She takes it off of the rack and someone has a hold of it on the other side of the rack and tugs on it.) Im sorry, this ones taken! (The other woman tugs harder pulling Monica through the rack.) Whoa!",95.0,7.0
Monica,17.0,The Cheap Wedding Dress,Megan!,96.0,7.0
Megan,17.0,The Cheap Wedding Dress,Monica!,97.0,7.0
Monica,17.0,The Cheap Wedding Dress,You came?!,98.0,7.0
Megan,17.0,The Cheap Wedding Dress,Yeah!,99.0,7.0
Monica,17.0,The Cheap Wedding Dress,This is my dress!,100.0,7.0
Megan,17.0,The Cheap Wedding Dress,No!,101.0,7.0
Monica,17.0,The Cheap Wedding Dress,Yes it is! You saw me wearing it!,102.0,7.0
Megan,17.0,The Cheap Wedding Dress,And now youll see me buying it.,103.0,7.0
Monica,17.0,The Cheap Wedding Dress,What? You freak! You wouldnt even have known about this place if it wasnt for me!,104.0,7.0
Megan,17.0,The Cheap Wedding Dress,"Look, you dont want to fight me.",105.0,7.0
Monica,17.0,The Cheap Wedding Dress,Maybe I do! Im pretty feisty! (She blows the signal.),106.0,7.0
Phoebe,17.0,The Cheap Wedding Dress,(hearing the signal) Im coming! Im coming! (She takes off towards the signal and almost knocks another woman over.),107.0,7.0
Phoebe,17.0,The Cheap Wedding Dress,Okay! (Runs that way and hears another whistle blast.) Hey! (Heads the other way and hears another blast.) What do I do?!! (She runs in the second direction and finds that the whistling is coming from inside a rack. She moves the dresses out of the way to find Rachel curled up in a fetal position frantically blowing on the whistle.) What are you doing? (Rachel doesnt stop.) Did you find the dress? (Rachel wont stop so Phoebe pinches her nose shut which causes her to spit the whistle out.),108.0,7.0
Phoebe,17.0,The Cheap Wedding Dress,Did you find the dress?,109.0,7.0
Rachel,17.0,The Cheap Wedding Dress,No! You gotta get me out of here Phoebe! These bargain shoppers are crazy!,110.0,7.0
Phoebe,17.0,The Cheap Wedding Dress,IWe gotta get Monica. (She starts to leave.),111.0,7.0
Rachel,17.0,The Cheap Wedding Dress,No! You gotta hold my hand!!,112.0,7.0
Phoebe,17.0,The Cheap Wedding Dress,Oh my God!! (She grabs Rachels hand and drags her towards Monica.) Excuse me! Excuse me! (Shes knocking women and veils out of the way as she moves.),113.0,7.0
Monica,17.0,The Cheap Wedding Dress,(handing Phoebe the dress) Go! Go! Go!,114.0,7.0
Rachel,17.0,The Cheap Wedding Dress,(seeing whos trapped) Hey,115.0,7.0
Monica,17.0,The Cheap Wedding Dress,NOW!!!!!!!! (Rachel runs off and Monica gets up to follow her.),116.0,7.0
Chandler,17.0,The Cheap Wedding Dress,"So Ross, how was your date the other night? Did you tell her about the magical ride that starts with the flush of every toilet?",117.0,7.0
Ross,17.0,The Cheap Wedding Dress,"Laugh all you want but uh, she actually left me a message saying shed like to go out again.",118.0,7.0
Chandler,17.0,The Cheap Wedding Dress,Huh.,119.0,7.0
Ross,17.0,The Cheap Wedding Dress,"Yeah in fact, Im gonna go call her right now. And Ill make sure to tell her my friend Chandler says (He mimics the shy reaction Chandler did.)",120.0,7.0
Joey,17.0,The Cheap Wedding Dress,(entering) Hey Chandler!,121.0,7.0
Chandler,17.0,The Cheap Wedding Dress,Hey!,122.0,7.0
Joey,17.0,The Cheap Wedding Dress,"Listen, sorry I didnt stop by last night but I had a date.",123.0,7.0
Chandler,17.0,The Cheap Wedding Dress,"Uh Joe, when its one oclock in the morning and you dont come by? Thats okay!",124.0,7.0
Joey,17.0,The Cheap Wedding Dress,"Well check it out, I was with this really hot girl who just moved in right across the street!",125.0,7.0
Chandler,17.0,The Cheap Wedding Dress,Really? Right across the street?,126.0,7.0
Joey,17.0,The Cheap Wedding Dress,Yeah!,127.0,7.0
Chandler,17.0,The Cheap Wedding Dress,Whend you meet her?,128.0,7.0
Joey,17.0,The Cheap Wedding Dress,Two days ago.,129.0,7.0
Chandler,17.0,The Cheap Wedding Dress,Excellent! Yknow Ross met somebody too!,130.0,7.0
Joey,17.0,The Cheap Wedding Dress,Oh yeah?,131.0,7.0
Ross,17.0,The Cheap Wedding Dress,(returning) Hey.,132.0,7.0
Chandler,17.0,The Cheap Wedding Dress,Hi! Howd it go?,133.0,7.0
Ross,17.0,The Cheap Wedding Dress,Oh great! Were going out again Saturday. But I just found shes also seeing some other guy.,134.0,7.0
Chandler,17.0,The Cheap Wedding Dress,(sarcastically shocked) Really?! Joe? What would you do if you were in Rosss situation?,135.0,7.0
Joey,17.0,The Cheap Wedding Dress,"Well, I sorta am. I mean yeah, Im dating this girl whos also seeing another guy. But, I dont know, Im not to worried about it.",136.0,7.0
Ross,17.0,The Cheap Wedding Dress,Well you shouldnt be. Believe me I wouldnt want to be the guy whos up against you. (Chandler laughs.) I mean that doofus is going to lose!,137.0,7.0
Chandler,17.0,The Cheap Wedding Dress,"So this is nice! I wish I didnt have to go, believe me! But unfortunately I have to. (He gets up and Joey moves over next to Ross.) Oh uh, by the way, whats the name the girl youre dating?",138.0,7.0
Chandler,17.0,The Cheap Wedding Dress,Bye! (Exits.),139.0,7.0
Ross,17.0,The Cheap Wedding Dress,Well obviously only one of us can keep dating her.,141.0,7.0
Joey,17.0,The Cheap Wedding Dress,"Obviously! So, how do we decide?",142.0,7.0
Ross,17.0,The Cheap Wedding Dress,"Well now lets-lets look at this objectively, I think I should date her",143.0,7.0
Joey,17.0,The Cheap Wedding Dress,"(not buying it) Uh-huh. Uh-huh. Or, or Im the one who dates her.",144.0,7.0
Ross,17.0,The Cheap Wedding Dress,"Thats interesting, but check this out. I date her",145.0,7.0
Joey,17.0,The Cheap Wedding Dress,Yeah-yeah I like that but just to go in another direction,146.0,7.0
Ross,17.0,The Cheap Wedding Dress,"Okay, okay. This can go on for a while.",147.0,7.0
Joey,17.0,The Cheap Wedding Dress,Yeah well we should order some food then.,148.0,7.0
Ross,17.0,The Cheap Wedding Dress,"No Joey! Look why dont, why dont we just let her decide? Okay? Hey-hey, well each go out with her one more time. And-and well see who she likes best.",149.0,7.0
Joey,17.0,The Cheap Wedding Dress,(smiling) That sounds fair.,150.0,7.0
Ross,17.0,The Cheap Wedding Dress,Maybe Ill take her to that new French restaurant down the street,151.0,7.0
Joey,17.0,The Cheap Wedding Dress,Ah yeahwait a second now! Look were gonna have to set a spending limit on the date. I dont have the money to take her to a fancy place like that.,152.0,7.0
Ross,17.0,The Cheap Wedding Dress,"Well sorry, thats what I do on dates.",153.0,7.0
Joey,17.0,The Cheap Wedding Dress,"All right, well I guess Ill just have to do what I do on dates.",154.0,7.0
Ross,17.0,The Cheap Wedding Dress,So lets decide on the spending limit,155.0,7.0
Joey,17.0,The Cheap Wedding Dress,"Yeah. Uh, (thinks)a slice(Thinks)six dollars?",156.0,7.0
Ross,17.0,The Cheap Wedding Dress,I was thinking more like a hundred.,157.0,7.0
Joey,17.0,The Cheap Wedding Dress,Okay. Can I borrow 94 dollars?,158.0,7.0
Monica,17.0,The Cheap Wedding Dress,Oh,159.0,7.0
Phoebe,17.0,The Cheap Wedding Dress,I know. Hand me a tissue. (Monica hands her one.),160.0,7.0
Rachel,17.0,The Cheap Wedding Dress,Youre out of Diet Coke.,161.0,7.0
Monica,17.0,The Cheap Wedding Dress,Hello? (Listens) What?! (Listens) You what?! (Listens) Hey you listen here missy! (Listens) Wh(She is hung up on.),162.0,7.0
Phoebe,17.0,The Cheap Wedding Dress,What?!,163.0,7.0
Monica,17.0,The Cheap Wedding Dress,That was that girl Megan! She booked the Swing Kings on the day of our wedding and said that I couldnt have them back unless I gave her the dress!,164.0,7.0
Phoebe,17.0,The Cheap Wedding Dress,(gasps) Does that mean Carcass is available?,165.0,7.0
Monica,17.0,The Cheap Wedding Dress,What am I gonna do?! That is the dress! That is the dress! WhChandler wants the band. What do I do?,166.0,7.0
Phoebe,17.0,The Cheap Wedding Dress,Well just figure out a way to talk him out of it.,167.0,7.0
Monica,17.0,The Cheap Wedding Dress,How?,168.0,7.0
Rachel,17.0,The Cheap Wedding Dress,Youre out of toilet paper!,169.0,7.0
Joey,17.0,The Cheap Wedding Dress,(entering) Hey!,170.0,7.0
Ross,17.0,The Cheap Wedding Dress,Hey! Whats up?,171.0,7.0
Joey,17.0,The Cheap Wedding Dress,"I just wanted to come by and yknow, wish you good luck on your date.",172.0,7.0
Ross,17.0,The Cheap Wedding Dress,Oh thanks!,173.0,7.0
Joey,17.0,The Cheap Wedding Dress,Yeah. What time are you meeting her?,174.0,7.0
Ross,17.0,The Cheap Wedding Dress,We have 8:00 reservations at Grammercy Bistero.,175.0,7.0
Joey,17.0,The Cheap Wedding Dress,"Wow, thats in like 20 minutes. Youd better get dressed.",176.0,7.0
Ross,17.0,The Cheap Wedding Dress,I am dressed.,177.0,7.0
Joey,17.0,The Cheap Wedding Dress,Oh. Well good! (To himself) For me. (He picks up a jar of lotion.) What is this? Did you give yourself a facial?,178.0,7.0
Ross,17.0,The Cheap Wedding Dress,I have an oily T-zone!,179.0,7.0
Joey,17.0,The Cheap Wedding Dress,"Okay dude! (Finds a receit.) Hey you uh, you sent Kristen flowers.",180.0,7.0
Ross,17.0,The Cheap Wedding Dress,Thats right.,181.0,7.0
Joey,17.0,The Cheap Wedding Dress,You spent a hundred dollars. Thats the limit. Youre screwed!,182.0,7.0
Ross,17.0,The Cheap Wedding Dress,"Uh actually, I sent the flowers before the actual date. So techincally, technically I didnt break any rules. Thanks for stopping by though.",183.0,7.0
Joey,17.0,The Cheap Wedding Dress,Oh-oh! So thats the way its gonna be huh? Yeah I can break the rules too yknow!,184.0,7.0
Ross,17.0,The Cheap Wedding Dress,Oh yeah? What are you gonna do?,185.0,7.0
Joey,17.0,The Cheap Wedding Dress,I dont know.,186.0,7.0
Ross,17.0,The Cheap Wedding Dress,Why am I not surprised?,187.0,7.0
Joey,17.0,The Cheap Wedding Dress,Yknow what Ross? Im not gonna let you get away with this!,188.0,7.0
Ross,17.0,The Cheap Wedding Dress,I dont think you have much choice.,189.0,7.0
Joey,17.0,The Cheap Wedding Dress,Well well see!,190.0,7.0
Ross,17.0,The Cheap Wedding Dress,Bye-bye!,191.0,7.0
Joey,17.0,The Cheap Wedding Dress,Yeah bye-bye! (Exits and comes back in still holding the lotion.) Hey! So just a light layer?,192.0,7.0
Ross,17.0,The Cheap Wedding Dress,Yes. Yes. Just here (Runs his fingers down the bridge of his nose) and there (Runs his fingers across his forehead).,193.0,7.0
Chandler,17.0,The Cheap Wedding Dress,Joey got meat sauce on the banister again! (He goes into the bathroom to wash his hands.),194.0,7.0
Phoebe,17.0,The Cheap Wedding Dress,"Yeah, swing music is so out.",195.0,7.0
Monica,17.0,The Cheap Wedding Dress,"Phoebe, hes gotta be in the room for that to work.",196.0,7.0
Chandler,17.0,The Cheap Wedding Dress,(returning) What are you guys talking about?,197.0,7.0
Monica,17.0,The Cheap Wedding Dress,"Well umm, we were just talking about the yknow, the Swing Kings and just wondering whether yknow, they were the right way to go.",198.0,7.0
Rachel,17.0,The Cheap Wedding Dress,"Yeah, I went to a wedding once where they had swing music and uh, two months later the couple got divorced. And now Im not saying that theres any connection here yknow, but they did tell me thats why they got divorced.",199.0,7.0
Chandler,17.0,The Cheap Wedding Dress,But I love swing music!,200.0,7.0
Phoebe,17.0,The Cheap Wedding Dress,Yeah but the Swing Kings? Yknow they suck so much that people actually die at their concertsThey just stop living.,201.0,7.0
Chandler,17.0,The Cheap Wedding Dress,"Look all I know is when Monica and I went to see them, we had fun! And theres another reason too.",202.0,7.0
Rachel,17.0,The Cheap Wedding Dress,"Well, what is the other reason?",203.0,7.0
Chandler,17.0,The Cheap Wedding Dress,I dont want to say.,204.0,7.0
Rachel,17.0,The Cheap Wedding Dress,Well you have to because maybe its stupid.,205.0,7.0
Chandler,17.0,The Cheap Wedding Dress,Well its just while Monica and I were dancing to them it wasthe first time I knew thatyou were the woman I wanted to dance all my dances with.,206.0,7.0
Monica,17.0,The Cheap Wedding Dress,Oh crap!,207.0,7.0
Ross,17.0,The Cheap Wedding Dress,So they said our table will be ready in just a few minutes.,208.0,7.0
Kristen,17.0,The Cheap Wedding Dress,Oh great!,209.0,7.0
Ross,17.0,The Cheap Wedding Dress,Yeah.,210.0,7.0
Kristen,17.0,The Cheap Wedding Dress,Is your back feeling better?,211.0,7.0
Ross,17.0,The Cheap Wedding Dress,Oh yeah its fine. I guess the more muscles you have the more they can spasim out of control.,212.0,7.0
Joey,17.0,The Cheap Wedding Dress,(entering) Kristen?,213.0,7.0
Kristen,17.0,The Cheap Wedding Dress,Joey!,214.0,7.0
Joey,17.0,The Cheap Wedding Dress,Hi!,215.0,7.0
Kristen,17.0,The Cheap Wedding Dress,Hi! What are you doing here?,216.0,7.0
Joey,17.0,The Cheap Wedding Dress,"Oh I like this place. And technically, technically Im not breaking any rules so I",217.0,7.0
Kristen,17.0,The Cheap Wedding Dress,"Well uh, Ross? This is Joey. Joey? Ross.",218.0,7.0
Joey,17.0,The Cheap Wedding Dress,Hi!,219.0,7.0
Ross,17.0,The Cheap Wedding Dress,Hi. (They shake hands.) Its nice to meet you. I used to have a friend named Joey. I dont anymore.,220.0,7.0
Kristen,17.0,The Cheap Wedding Dress,Our table will be ready in a couple minutes.,221.0,7.0
Ross,17.0,The Cheap Wedding Dress,Yeah. So,222.0,7.0
Joey,17.0,The Cheap Wedding Dress,Sure! I would love to wait with you guys! Thanks! (Sits down.),223.0,7.0
Ross,17.0,The Cheap Wedding Dress,"So Joey umm, you look familiar. Are uh, are you on TV or something?",224.0,7.0
Kristen,17.0,The Cheap Wedding Dress,"Well Joey doesnt like to talk about it but, hes one of the stars of Days Of Our Lives.",225.0,7.0
Ross,17.0,The Cheap Wedding Dress,"Thats right! Thats right, dont you play a woman?",226.0,7.0
Joey,17.0,The Cheap Wedding Dress,A woman in a mans body.,227.0,7.0
Ross,17.0,The Cheap Wedding Dress,Much better.,228.0,7.0
Joey,17.0,The Cheap Wedding Dress,"So yknow Ross its funny cause, you look familiar to me too. Have you ever been married?",229.0,7.0
Ross,17.0,The Cheap Wedding Dress,"Well yes, yes I have. In fact umm, just the other day Kristen and I were talking about how Ive been married and how I have a son.",230.0,7.0
Kristen,17.0,The Cheap Wedding Dress,"Yeah, little Eric.",231.0,7.0
Ross,17.0,The Cheap Wedding Dress,"Thats right! Wait no, Ben.",232.0,7.0
Joey,17.0,The Cheap Wedding Dress,So youve just married the one time then?,233.0,7.0
Ross,17.0,The Cheap Wedding Dress,Well umm,234.0,7.0
Kristen,17.0,The Cheap Wedding Dress,Youve been married twice?,235.0,7.0
Ross,17.0,The Cheap Wedding Dress,"Yes. And another time after that. Boy Im getting hungry! Hey Joey, have you ever been so hungry on a date that when a girl goes to the bathroom you eat some of her food?",236.0,7.0
Kristen,17.0,The Cheap Wedding Dress,You said the waiter ate my crab cake.,237.0,7.0
Joey,17.0,The Cheap Wedding Dress,"(laughs that one off) Yeah. So uh Ross, well nowwhy did that first marriage breakup? Was it because the woman was straight or she was a lesbian?",238.0,7.0
Kristen,17.0,The Cheap Wedding Dress,Do you two know each other?,239.0,7.0
Joey,17.0,The Cheap Wedding Dress,No. It just seems like Ross is the kind of a guy that would marry a woman on the verge of being a lesbian and then push her over the edge.,240.0,7.0
Ross,17.0,The Cheap Wedding Dress,Wait a minute! Were you on a poster for gonorrhea?,241.0,7.0
Joey,17.0,The Cheap Wedding Dress,Have you ever slept in the same bed as a monkey?!,242.0,7.0
Ross,17.0,The Cheap Wedding Dress,Hey you leave Marcel out of this!,243.0,7.0
Joey,17.0,The Cheap Wedding Dress,Fine! Have you ever got stuck in a pair of your own leather pants?!,244.0,7.0
Ross,17.0,The Cheap Wedding Dress,Hey-hey have you ever locked yourself in a TV cabinet VD boy?!,245.0,7.0
Joey,17.0,The Cheap Wedding Dress,Monkey lover!,246.0,7.0
Joey,17.0,The Cheap Wedding Dress,When do you think we lost her?,247.0,7.0
Ross,17.0,The Cheap Wedding Dress,Probably around gonorrhea.,248.0,7.0
Chandler,17.0,The Cheap Wedding Dress,"Hi, honey! Im home!",249.0,7.0
Monica,17.0,The Cheap Wedding Dress,(from the bedroom) Dont come in here!,250.0,7.0
Chandler,17.0,The Cheap Wedding Dress,Why? Do you another boyfriend in there or something?,251.0,7.0
Monica,17.0,The Cheap Wedding Dress,No! We only mess around at his place!,252.0,7.0
Chandler,17.0,The Cheap Wedding Dress,"Yknow its funny I started it but, now its scary me. So could you come out here please?",253.0,7.0
Monica,17.0,The Cheap Wedding Dress,"No, Im wearing a wedding dress.",254.0,7.0
Chandler,17.0,The Cheap Wedding Dress,Oh you got a wedding dress? Thats great!,255.0,7.0
Monica,17.0,The Cheap Wedding Dress,Yeah but Im not keeping it.,256.0,7.0
Chandler,17.0,The Cheap Wedding Dress,Well then why cant I see it?,257.0,7.0
Monica,17.0,The Cheap Wedding Dress,"Oh. I guess you can. Okay but; I-I have to return it, so you cant like it.",258.0,7.0
Chandler,17.0,The Cheap Wedding Dress,Okay I promise. Ill-Ill hate it. (She enters.) Wow! You-you lookhideous.,259.0,7.0
Monica,17.0,The Cheap Wedding Dress,Really?,260.0,7.0
Chandler,17.0,The Cheap Wedding Dress,"Yeah, thats like the most ugliest dress Ive ever seen. Wh-why do you to return it?",261.0,7.0
Monica,17.0,The Cheap Wedding Dress,"Oh because it doesntreally fit. Oh by the way, I-I booked the Swing Kings.",262.0,7.0
Chandler,17.0,The Cheap Wedding Dress,Oh thats great! Great! Thanks! But that dress I mean its like yuck! Its terrible! It makes me wanna just rip it right off of you!,263.0,7.0
Monica,17.0,The Cheap Wedding Dress,"Okay! But you cant rip it. Well, maybe a little.",264.0,7.0
Chandler,17.0,The Cheap Wedding Dress,Okay!,265.0,7.0
Monica,17.0,The Cheap Wedding Dress,(entering) Hey guys! Do you wanna look at the song list for the wedding? (They ignore her.) Guys?,267.0,7.0
Chandler,17.0,The Cheap Wedding Dress,(without turning around) I thought you were gonna be gone all day.,268.0,7.0
Monica,17.0,The Cheap Wedding Dress,All right? Whats going on?,269.0,7.0
Monica,17.0,The Cheap Wedding Dress,Im sorry. Im sorry. I-I should probably leave you girls alone. (She heads for the bedroom.),270.0,7.0
Ross,17.0,The Cheap Wedding Dress,"Yeah, laugh all you want but in ten minutes were gonna have younger looking skin!",271.0,7.0
Joey,17.0,The Cheap Wedding Dress,"Yeah! (Monica goes in the bedroom.) Yknow, she could use a little(Whistles that she needs to do what theyre doing.) (Something happens on the game.) Oh nice shot!!! (They all cheer.)",272.0,7.0
Part I Written by,23.0,Chandler And Monica's Wedding,Greg Malins Part II Written by: David Crane & Marta Kauffman Parts I & II Transcribed by: Eric Aasen,0.0,7.0
Monica,23.0,Chandler And Monica's Wedding,Do you realize this is probably the last time well all be here in the coffee house as six single people?,1.0,7.0
Phoebe,23.0,Chandler And Monica's Wedding,Why?! Whats happening to the coffee house?! (Monica looks at her.) Oh! (Realizes.),2.0,7.0
Chandler,23.0,Chandler And Monica's Wedding,Yep! From now on its gonna be the four of you guys and me and the misses. The little woman. The wife. The old ball and chain.,3.0,7.0
Monica,23.0,Chandler And Monica's Wedding,Old?,4.0,7.0
Chandler,23.0,Chandler And Monica's Wedding,The young hot ball and chain.,5.0,7.0
Monica,23.0,Chandler And Monica's Wedding,Thats much better.,6.0,7.0
Rachel,23.0,Chandler And Monica's Wedding,(checking her watch) Op! We gotta go! (The girls stand up.),7.0,7.0
Ross,23.0,Chandler And Monica's Wedding,"Oh, where are you guys going?",8.0,7.0
Monica,23.0,Chandler And Monica's Wedding,Were gonna pick up the wedding dress then were gonna have lunch with mom. (Joey stands up.),9.0,7.0
Ross,23.0,Chandler And Monica's Wedding,Ah. Joey youre-youre having lunch with my mom?,10.0,7.0
Joey,23.0,Chandler And Monica's Wedding,"No, I-I just heard lunch. But yeah, I can go. Sure! (They all exit.)",11.0,7.0
Ross,23.0,Chandler And Monica's Wedding,"(To Chandler) Yknow what? Actually Im kinda glad theyre leaving cause uh, I need to talk to you about something.",12.0,7.0
Chandler,23.0,Chandler And Monica's Wedding,Whats up?,13.0,7.0
Ross,23.0,Chandler And Monica's Wedding,"Well this uh, this may be a little awkward.",14.0,7.0
Chandler,23.0,Chandler And Monica's Wedding,"Listen, if you want to borrow money, its kind of a bad time. Im buying dinner for 128 people tomorrow night.",15.0,7.0
Ross,23.0,Chandler And Monica's Wedding,"No, itsIts not that. Umm, now what Im going to say to you, Im not saying as your friend. Okay? Im-Im saying as it as Monicas older brother.",16.0,7.0
Chandler,23.0,Chandler And Monica's Wedding,But youre still my friend?,17.0,7.0
Ross,23.0,Chandler And Monica's Wedding,Not for the next few minutes.,18.0,7.0
Chandler,23.0,Chandler And Monica's Wedding,"During this timeare you, are you still my best man?",19.0,7.0
Ross,23.0,Chandler And Monica's Wedding,Nope.,20.0,7.0
Chandler,23.0,Chandler And Monica's Wedding,Do I still call you Ross?,21.0,7.0
Ross,23.0,Chandler And Monica's Wedding,"Okay! You guys are getting married tomorrow and-and I couldnt be more thrilled for both of you, but as Monicas older brother I-I have to tell you this. If you ever hurt my little sister, if you ever cause her any unhappiness of any kind, I will hunt you down, and kick your ass! (Chandler laughs.) What? Im-Im-Im serious! (Chandler laughs harder.) ComeHey! Dude! Stop it! Okay? Im-Im not kidding here!",22.0,7.0
Chandler,23.0,Chandler And Monica's Wedding,"(smiling) Hey, I hear what your saying, okay? And, thanks for the warning.",23.0,7.0
Ross,23.0,Chandler And Monica's Wedding,No problem.,24.0,7.0
Chandler,23.0,Chandler And Monica's Wedding,So are wefriends again?,25.0,7.0
Ross,23.0,Chandler And Monica's Wedding,Yeah.,26.0,7.0
Chandler,23.0,Chandler And Monica's Wedding,Okay. (Pause) You wont believe what Monicas older brother just said to me!,27.0,7.0
Rachel,23.0,Chandler And Monica's Wedding,What cha doing Mon?,29.0,7.0
Monica,23.0,Chandler And Monica's Wedding,"Im making a list of all the things that are most likely to go wrong at the wedding. Now, that way I can be prepared.",30.0,7.0
Phoebe,23.0,Chandler And Monica's Wedding,What are they?,31.0,7.0
Monica,23.0,Chandler And Monica's Wedding,"Well, so far I have uh, my brides maids dresses wont get picked up, my veil gets lost, or I dont have my something blue.",32.0,7.0
Rachel,23.0,Chandler And Monica's Wedding,Hey! Those are all the things Im responsible for!,33.0,7.0
Monica,23.0,Chandler And Monica's Wedding,I had to go with the odds Rach.,34.0,7.0
Joey,23.0,Chandler And Monica's Wedding,(entering) Hey! You guys! Remember that audition I had a while ago and didnt get the part?,35.0,7.0
Rachel,23.0,Chandler And Monica's Wedding,The commercial?,36.0,7.0
Joey,23.0,Chandler And Monica's Wedding,No!,37.0,7.0
Phoebe,23.0,Chandler And Monica's Wedding,That play?,38.0,7.0
Joey,23.0,Chandler And Monica's Wedding,No!,39.0,7.0
Monica,23.0,Chandler And Monica's Wedding,That other play?,40.0,7.0
Joey,23.0,Chandler And Monica's Wedding,Nooo!,41.0,7.0
Phoebe,23.0,Chandler And Monica's Wedding,The movie?,42.0,7.0
Joey,23.0,Chandler And Monica's Wedding,Yes!!,43.0,7.0
Phoebe,23.0,Chandler And Monica's Wedding,Ohh!,44.0,7.0
Joey,23.0,Chandler And Monica's Wedding,Yes thats the one about the soldiers who fight in World War I!,45.0,7.0
Phoebe,23.0,Chandler And Monica's Wedding,"Oh, yeah! Back then yknow, we called the Great War. It really was!",46.0,7.0
Joey,23.0,Chandler And Monica's Wedding,"Well anyway, the guy they wanted backed out and now they want me! I start shooting today!",47.0,7.0
Phoebe,23.0,Chandler And Monica's Wedding,Congratulations!,48.0,7.0
Rachel,23.0,Chandler And Monica's Wedding,Oh thats great!,49.0,7.0
Monica,23.0,Chandler And Monica's Wedding,Wait! Wait! Wait! You cant start today! Todays the rehearsal dinner!,50.0,7.0
Joey,23.0,Chandler And Monica's Wedding,"Oh no, Ill be done by then.",51.0,7.0
Monica,23.0,Chandler And Monica's Wedding,Oh. Well then way to go you big movie star!,52.0,7.0
Joey,23.0,Chandler And Monica's Wedding,"I know! All right, Ill see you guys over there! Im off to fight the Nazis.",53.0,7.0
Rachel,23.0,Chandler And Monica's Wedding,"Oh, wait Joey! We fought the Nazis in World War II, not World War I.",54.0,7.0
Joey,23.0,Chandler And Monica's Wedding,"Whoa! Okay. Yeah well, who-who was in World War I? (Rachel pauses as she thinks.)",55.0,7.0
Phoebe,23.0,Chandler And Monica's Wedding,Go ahead.,56.0,7.0
Rachel,23.0,Chandler And Monica's Wedding,Youre gonna be late! Go! Go! (He runs out.),57.0,7.0
Monica,23.0,Chandler And Monica's Wedding,Who did we fight in World War I?,58.0,7.0
Rachel,23.0,Chandler And Monica's Wedding,Mexico?,59.0,7.0
Phoebe,23.0,Chandler And Monica's Wedding,Yes! Very good.,60.0,7.0
The Assistant Director,23.0,Chandler And Monica's Wedding,(approaching) Hey Joey! Were ready.,61.0,7.0
Joey,23.0,Chandler And Monica's Wedding,Yeah! Me too. (He pats his pocket.),62.0,7.0
The Assistant Director,23.0,Chandler And Monica's Wedding,(to another actor) Richard? Were ready for you. (Richard approaches.) Joey Tribbiani? This is Richard Crosby hes playing Vincent.,63.0,7.0
Joey,23.0,Chandler And Monica's Wedding,Im doing my scenes with you?,64.0,7.0
Richard,23.0,Chandler And Monica's Wedding,Nice to meet you Joey.,65.0,7.0
Joey,23.0,Chandler And Monica's Wedding,Wow! I cant believe this! This is incredible. I mean you just won an Oscar!,66.0,7.0
Richard,23.0,Chandler And Monica's Wedding,No I didnt.,67.0,7.0
Joey,23.0,Chandler And Monica's Wedding,I think you did.,68.0,7.0
Richard,23.0,Chandler And Monica's Wedding,I think I lost. Three times.,69.0,7.0
Joey,23.0,Chandler And Monica's Wedding,UhCookie?,70.0,7.0
The Director,23.0,Chandler And Monica's Wedding,"(approaching) Okay! Were about an hour away from getting the scene lit. So uh, if you guys dont mind, can we run it a couple of times?",71.0,7.0
Richard,23.0,Chandler And Monica's Wedding,"Yeah, sure.",72.0,7.0
The Director,23.0,Chandler And Monica's Wedding,"Okay, all right. Lets do it. (He walks off.) AndAction!",73.0,7.0
Joey,23.0,Chandler And Monica's Wedding,We have to find the rest of the platoon!,74.0,7.0
Richard,23.0,Chandler And Monica's Wedding,Forget the platoon! The platoon is gone! (He is spitting on the hard Ps and Ts.),75.0,7.0
Joey,23.0,Chandler And Monica's Wedding,(wiping his face) What?!,76.0,7.0
Richard,23.0,Chandler And Monica's Wedding,(still spitting) The platoon is dead! Face facts Tony!,77.0,7.0
Joey,23.0,Chandler And Monica's Wedding,(wipes face) So what are we gonna do?! We have no reinforcements! No-no food!,78.0,7.0
Richard,23.0,Chandler And Monica's Wedding,"No, we still have food in the basement! I saw potatoes and some dry pasta!",79.0,7.0
The Director,23.0,Chandler And Monica's Wedding,"Hang on a minute! Joey, you keep touching your face. Is something wrong?",80.0,7.0
Joey,23.0,Chandler And Monica's Wedding,"(glances at Richard) No. Nope, I uhI thI thought it might be kind of a cool character thing. Yknow? Hes uh, hes a face toucher. (Behind his back, Richard is nodding no.)",81.0,7.0
The Director,23.0,Chandler And Monica's Wedding,I dont think so. Lets take it back to Richards last line. (Walks off.) Action!,82.0,7.0
Richard,23.0,Chandler And Monica's Wedding,"We may not have any weapons, but we still have food. In the basement I saw potatoes and some dry pasta, and a few tins of tuna! (Joey backs away and wipes his face again.)",83.0,7.0
Monica,23.0,Chandler And Monica's Wedding,"Honey, we gotta go!",84.0,7.0
Chandler,23.0,Chandler And Monica's Wedding,(entering from the bedroom) Okay. Heres a question you never have to ask. My dad just called and wanted to know if he could borrow one of your pearl necklaces.,85.0,7.0
Monica,23.0,Chandler And Monica's Wedding,"(laughs) I dont have anything like that, but let me go see if Rachel does.",86.0,7.0
Chandler,23.0,Chandler And Monica's Wedding,"Yes, include more people in this.",87.0,7.0
Monica,23.0,Chandler And Monica's Wedding,"Hey, do you realize that at this time tomorrow well be getting married?",88.0,7.0
Chandler,23.0,Chandler And Monica's Wedding,Wait a minute! I have a date tomorrow night.,89.0,7.0
Monica,23.0,Chandler And Monica's Wedding,"I just, I cant believe that we made it!",90.0,7.0
Chandler,23.0,Chandler And Monica's Wedding,Well you dont have to sound so surprised.,91.0,7.0
Monica,23.0,Chandler And Monica's Wedding,Im sorry butnothing.,92.0,7.0
Chandler,23.0,Chandler And Monica's Wedding,What?,93.0,7.0
Monica,23.0,Chandler And Monica's Wedding,"Wellhonestly ever since we got engaged I have been waiting for something to, to flip you out.",94.0,7.0
Chandler,23.0,Chandler And Monica's Wedding,Honestly? Me too.,95.0,7.0
Monica,23.0,Chandler And Monica's Wedding,Really?,96.0,7.0
Chandler,23.0,Chandler And Monica's Wedding,Yeah. Yknow I keep thinking that something stupid is gonna come up and Ill go allChandler. But nothing has.,97.0,7.0
Monica,23.0,Chandler And Monica's Wedding,"Ohh, Im so glad. Thank you so much for staying so calm during this. I mean its really, its made me stay calm. (Chandler just looks at her.) I coulda been worse!",98.0,7.0
Chandler,23.0,Chandler And Monica's Wedding,Okay. Ill be right there.,99.0,7.0
Monica,23.0,Chandler And Monica's Wedding,"(voice on answering machine) Hi! If youre calling before Saturday, youve reached Monica and Chandler. But if youre calling after Saturday, youve reached Mr. and Mrs. Bing! Please leave a message for the Bings!",100.0,7.0
Monica,23.0,Chandler And Monica's Wedding,"Hey Maureen! (They hug.) Gosh! Hey uh, Chandler? This is my cousin Maureen.",101.0,7.0
Chandler,23.0,Chandler And Monica's Wedding,Were the Bings.,102.0,7.0
Rachel,23.0,Chandler And Monica's Wedding,Hi! Oh you guys look so beautiful!,103.0,7.0
Chandler,23.0,Chandler And Monica's Wedding,Mr. and Mrs. Bing! (Walks away.),104.0,7.0
Ross,23.0,Chandler And Monica's Wedding,"(walks up) Wow Monica! Hey, just so you know I had my uh, older brother chat with Chandler.",105.0,7.0
Monica,23.0,Chandler And Monica's Wedding,What is that?,106.0,7.0
Ross,23.0,Chandler And Monica's Wedding,Well II told him that if he ever hurt you I would hunt him down and kick his ass! (The girls all laugh.) What?! What?! What is the matter with everybody?! I am serious! I would kick his ass! (The laugh harder.),107.0,7.0
Phoebe,23.0,Chandler And Monica's Wedding,"Ross, please! My make-up! (He walks away angrily.)",108.0,7.0
Chandler,23.0,Chandler And Monica's Wedding,Hi.,109.0,7.0
Mrs. Bing,23.0,Chandler And Monica's Wedding,Chandler!,110.0,7.0
Chandler,23.0,Chandler And Monica's Wedding,Mom. Thanks for wearing something. (They hug.) (Shes wearing a tight dress with a lot of cleavage showing.),111.0,7.0
Mrs. Bing,23.0,Chandler And Monica's Wedding,Oh honey! This is so exciting! I thought we screwed you up so bad this day would never come. Oh and just think. Soon therell be lots of little Bings. (He freaks out and loosens the tie again.),112.0,7.0
Monica,23.0,Chandler And Monica's Wedding,"Mrs. Bing? Here, these are my parents umm, Judy and Jack Geller.",113.0,7.0
Mrs. Geller,23.0,Chandler And Monica's Wedding,(shaking her hand) Its lovely to meet you.,114.0,7.0
Mr. Geller,23.0,Chandler And Monica's Wedding,(shaking her hand) So are you his mother or his father?,115.0,7.0
Mrs. Geller,23.0,Chandler And Monica's Wedding,Jack!,116.0,7.0
Mr. Geller,23.0,Chandler And Monica's Wedding,What?! Ive never seen one before!,117.0,7.0
Monica,23.0,Chandler And Monica's Wedding,"Dad! Theres Ross (points), why dont you go talk to him?",118.0,7.0
Mr. Geller,23.0,Chandler And Monica's Wedding,I didnt even have a chance to act as though Im okay with it!,119.0,7.0
Mr. Bing,23.0,Chandler And Monica's Wedding,(entering) Hello all!,120.0,7.0
Chandler,23.0,Chandler And Monica's Wedding,Hidad.,121.0,7.0
Monica,23.0,Chandler And Monica's Wedding,Hi Mr.Bing.,122.0,7.0
Mr. Bing,23.0,Chandler And Monica's Wedding,Nora!,123.0,7.0
Mrs. Bing,23.0,Chandler And Monica's Wedding,Charles.,124.0,7.0
Monica,23.0,Chandler And Monica's Wedding,It-its so great to see you both here.,125.0,7.0
Mr. Bing,23.0,Chandler And Monica's Wedding,"Yes! Although, I think we may be seeing a little too much of some people. Arent you a little old to be wearing a dress like that?",126.0,7.0
Mrs. Bing,23.0,Chandler And Monica's Wedding,Dont you have a little too much penis to be wearing a dress like that?,127.0,7.0
Chandler,23.0,Chandler And Monica's Wedding,Oh my God! (He and Monica walk away.),128.0,7.0
Mr. Geller,23.0,Chandler And Monica's Wedding,of course you can kick his ass son.,129.0,7.0
Mrs. Geller,23.0,Chandler And Monica's Wedding,You could kick anyones ass you want too.,130.0,7.0
Ross,23.0,Chandler And Monica's Wedding,Thanks you guys. (Walks away happily and his parents smile.),131.0,7.0
Monica,23.0,Chandler And Monica's Wedding,"Oh, Rach! Rach! Umm hey, could you do me a favor and would talk to Chandlers dad and try to keep him away from Chandlers mom?",132.0,7.0
Rachel,23.0,Chandler And Monica's Wedding,Yeah! But I dont know what he looks like!,133.0,7.0
Monica,23.0,Chandler And Monica's Wedding,He is the man in the black dress.,134.0,7.0
Rachel,23.0,Chandler And Monica's Wedding,Man in the black dress (Monica walks away and Rachel looks around to find a woman in a black dress.) (To her) Hi! Im Rachel! Im a friend of Monica and Chandlers!,135.0,7.0
Woman,23.0,Chandler And Monica's Wedding,Im Amanda.,136.0,7.0
Rachel,23.0,Chandler And Monica's Wedding,Oh I get it! Amanduh!,137.0,7.0
Ross,23.0,Chandler And Monica's Wedding,(clinking a wine glass) Can I have everyones attention please? Im uh; Im Ross Geller.,138.0,7.0
Mr. Geller,23.0,Chandler And Monica's Wedding,Doctor Ross Geller.,139.0,7.0
Ross,23.0,Chandler And Monica's Wedding,"Daddad, please! As I was saying umm, Im Dr. Ross Geller. Uhh, and Im the best man. And uh, this marriage is doubly special for me umm, because not only is the groom my best friend but uh, the bride is my little sister. And, shes the greatest sister a guy could ask for. So if youd all please join me in raising a glass to the, the couple were here to celebrate. (Everyone does so.) To the Bings.",140.0,7.0
All,23.0,Chandler And Monica's Wedding,To the Bings!,141.0,7.0
Monica,23.0,Chandler And Monica's Wedding,"All right, Im gonna go steam my wedding dress okay? Who wants the responsibility of making sure nothing happens to it?",142.0,7.0
Rachel,23.0,Chandler And Monica's Wedding,Ill do it.,143.0,7.0
Monica,23.0,Chandler And Monica's Wedding,Who wants it? Anybody?,144.0,7.0
Rachel,23.0,Chandler And Monica's Wedding,I said Ill do it!,145.0,7.0
Monica,23.0,Chandler And Monica's Wedding,"Nobody wants to do it? All right, Ill do it myself.",146.0,7.0
Rachel,23.0,Chandler And Monica's Wedding,Monica! Im not gonna screw it up!,147.0,7.0
Monica,23.0,Chandler And Monica's Wedding,"Yknow what? Youre right, Im sorry. Actually you were a big help tonight. Yeah, and thanks for putting my grandmother in the cab and making sure she got to the hotel safely.",148.0,7.0
Rachel,23.0,Chandler And Monica's Wedding,Well of course that is what Im here for!,149.0,7.0
Monica,23.0,Chandler And Monica's Wedding,Okay. Sorry. (Monica goes into the bathroom.),150.0,7.0
Rachel,23.0,Chandler And Monica's Wedding,Ugh! (To Phoebe) What grandmother?,151.0,7.0
Joey,23.0,Chandler And Monica's Wedding,Hey! Where have you been?,152.0,7.0
Ross,23.0,Chandler And Monica's Wedding,"Oh, taking my parents back to the hotel.",153.0,7.0
Joey,23.0,Chandler And Monica's Wedding,Oh.,154.0,7.0
Ross,23.0,Chandler And Monica's Wedding,What? Are you going back to work?,155.0,7.0
Joey,23.0,Chandler And Monica's Wedding,Yeah.,156.0,7.0
Ross,23.0,Chandler And Monica's Wedding,Nice shades.,157.0,7.0
Joey,23.0,Chandler And Monica's Wedding,"Thanks. Yeah, I figure if I wear these in my scenes at least I wont get spit in the eyes, yknow?",158.0,7.0
Ross,23.0,Chandler And Monica's Wedding,"And if I remember correctly, Ray Ban was the official sponsor of World War I!",159.0,7.0
Joey,23.0,Chandler And Monica's Wedding,Great! All right. Ill see you later. (He starts to leave.),160.0,7.0
Ross,23.0,Chandler And Monica's Wedding,"Hey, wheres Chandler?",161.0,7.0
Joey,23.0,Chandler And Monica's Wedding,"Uh, I think hes in Rachels room. See ya. (Exits.)",162.0,7.0
Ross,23.0,Chandler And Monica's Wedding,(going up to Rachels closed door) Chandler? (He opens the door and looks inside and doesnt see him.) Chandler? (He checks the bathroom and still doesnt find him. He then finds a note on the counter. He picks it up and reads it.),163.0,7.0
Ross,23.0,Chandler And Monica's Wedding,Hey!,164.0,7.0
Rachel,23.0,Chandler And Monica's Wedding,Hi!,165.0,7.0
Ross,23.0,Chandler And Monica's Wedding,"Is uh, is Monica here?",166.0,7.0
Rachel,23.0,Chandler And Monica's Wedding,"Shes steaming her dress, why? Whats up?",167.0,7.0
Ross,23.0,Chandler And Monica's Wedding,I think Chandlers gone. (He hands her the note.),168.0,7.0
Rachel,23.0,Chandler And Monica's Wedding,What?!,169.0,7.0
Ross,23.0,Chandler And Monica's Wedding,He left that.,170.0,7.0
Rachel,23.0,Chandler And Monica's Wedding,(reading the note) Tell Monica Im sorry.,171.0,7.0
Phoebe,23.0,Chandler And Monica's Wedding,(walking up) Whats up? (Rachel hands her the note and she reads it.) Tell Monica Im sorry. (Pause) Tell her yourself!,172.0,7.0
Phoebe,23.0,Chandler And Monica's Wedding,Oh my God! Chandler just left though!,174.0,7.0
Rachel,23.0,Chandler And Monica's Wedding,"Yeah but, maybe its not what we think. Maybe its tell Monica Im sorry Idrank the last of the milk.",175.0,7.0
Phoebe,23.0,Chandler And Monica's Wedding,"Or maybe he-he was writing to tell her that-that hes changed his name, yknow? Tell Monica Im sorry.",176.0,7.0
Ross,23.0,Chandler And Monica's Wedding,I think it means he freaked out and left!,177.0,7.0
Phoebe,23.0,Chandler And Monica's Wedding,Dont be so negative! Good God! Isnt it possible that Sorry is sitting in there (Joey and Rachels apartment) right now?!,178.0,7.0
Rachel,23.0,Chandler And Monica's Wedding,"Okay. Phoebe, I-I think Ross is right. What are we gonna do?",179.0,7.0
Ross,23.0,Chandler And Monica's Wedding,"LookOkay, Im just gonnaIm gonna have to go find him and bring him back! Okay? You-you make sure Monica does not find out, okay?",180.0,7.0
Rachel,23.0,Chandler And Monica's Wedding,Okay.,181.0,7.0
Phoebe,23.0,Chandler And Monica's Wedding,"(pointing at Ross) Okay but if you dont find him and bring him back, I am gonna hunt you down and kick your ass!",182.0,7.0
Ross,23.0,Chandler And Monica's Wedding,"(scared) I will, I will find him.",183.0,7.0
Richard,23.0,Chandler And Monica's Wedding,"Hey Joey, could you uh, go through these lines with me? (Hes holding a script.)",184.0,7.0
Joey,23.0,Chandler And Monica's Wedding,Oh man! They-they just redid my make-up!,185.0,7.0
Richard,23.0,Chandler And Monica's Wedding,Just the last two pages.,186.0,7.0
Joey,23.0,Chandler And Monica's Wedding,All right.,187.0,7.0
Richard,23.0,Chandler And Monica's Wedding,I found the picture!,188.0,7.0
Joey,23.0,Chandler And Monica's Wedding,Picture? What picture?,189.0,7.0
Richard,23.0,Chandler And Monica's Wedding,"Could you uh, could you lower your script? I need to see your face so I can uh, play off your reaction.",190.0,7.0
Joey,23.0,Chandler And Monica's Wedding,"Okay uh, look I know youre a great actor, okay? And you play all those Shakespeare guys and stuff",191.0,7.0
Richard,23.0,Chandler And Monica's Wedding,"Oh, thanks.",192.0,7.0
Joey,23.0,Chandler And Monica's Wedding,But youre spittin all over me man!,193.0,7.0
Richard,23.0,Chandler And Monica's Wedding,Well of course I am!,194.0,7.0
Joey,23.0,Chandler And Monica's Wedding,You know youve been spitting on me?!,195.0,7.0
Richard,23.0,Chandler And Monica's Wedding,"Thats what real actors do! Annunciation is the mark of a good actor! And when you enunciate, you spit! (Spits on the t)",196.0,7.0
Joey,23.0,Chandler And Monica's Wedding,(wiping face) Wow! Didnt know that.,197.0,7.0
Richard,23.0,Chandler And Monica's Wedding,Great!,198.0,7.0
Joey,23.0,Chandler And Monica's Wedding,Thanks! Okay-okay check it out! (Reading from the script) Picture? What picture? (He pauses then spits) Eh?,199.0,7.0
Ross,23.0,Chandler And Monica's Wedding,"Gunther have you uh, have you seen Chandler?",200.0,7.0
Gunther,23.0,Chandler And Monica's Wedding,"No. No, I havent seen him.",201.0,7.0
Ross,23.0,Chandler And Monica's Wedding,Oh damn!,202.0,7.0
Gunther,23.0,Chandler And Monica's Wedding,Hes getting married tomorrow right?,203.0,7.0
Ross,23.0,Chandler And Monica's Wedding,"Yes. Yes. Dont worry. Everythings fine. Well uh, well see you tomorrow at the wedding.",204.0,7.0
Gunther,23.0,Chandler And Monica's Wedding,I wasnt invited.,205.0,7.0
Ross,23.0,Chandler And Monica's Wedding,"Well then well-well see you the day after tomorrow. (Walks away slowly, but notices something.) Mom?! Dad?! (Theyre sitting by the window.) What-whatwhat you guys doing here?!",206.0,7.0
Mr. Geller,23.0,Chandler And Monica's Wedding,"Well you kids talk about this place so much, we thought wed see what all the fuss is about.",207.0,7.0
Mrs. Geller,23.0,Chandler And Monica's Wedding,I certainly see what the girls like coming here.,208.0,7.0
Ross,23.0,Chandler And Monica's Wedding,Why?!,209.0,7.0
Mrs. Geller,23.0,Chandler And Monica's Wedding,The sexy blonde behind the counter. (She waves at Gunther who waves back.),210.0,7.0
Ross,23.0,Chandler And Monica's Wedding,(shocked) Gunther?!,211.0,7.0
Mr. Geller,23.0,Chandler And Monica's Wedding,Your mother just added him to her list.,212.0,7.0
Ross,23.0,Chandler And Monica's Wedding,What? Your-your list?,213.0,7.0
Mrs. Geller,23.0,Chandler And Monica's Wedding,"Yeah, the list thatof people were allowed to sleep",214.0,7.0
Ross,23.0,Chandler And Monica's Wedding,"Yes! No-no! I know, I know what the list is! Mom! Look if you see Chandler, could you just let him know Im looking for him?",215.0,7.0
Mr. Geller,23.0,Chandler And Monica's Wedding,"And if you see Rita Moreno, let her know Im looking for her.",216.0,7.0
The Director,23.0,Chandler And Monica's Wedding,Action!,217.0,7.0
Richard,23.0,Chandler And Monica's Wedding,I found the picture!,218.0,7.0
Joey,23.0,Chandler And Monica's Wedding,What picture?!,219.0,7.0
Richard,23.0,Chandler And Monica's Wedding,The picture of my wife! In your pack!,220.0,7.0
Joey,23.0,Chandler And Monica's Wedding,You went through my personal property?,221.0,7.0
Richard,23.0,Chandler And Monica's Wedding,Why do have a picture of Paulette in your pack?!,222.0,7.0
Joey,23.0,Chandler And Monica's Wedding,"(pause) Because Vincent, we were lovers. (Pause) For two years!",223.0,7.0
The Director,23.0,Chandler And Monica's Wedding,Cut! Wonderful!,224.0,7.0
Joey,23.0,Chandler And Monica's Wedding,Great scene yeah?,225.0,7.0
Richard,23.0,Chandler And Monica's Wedding,"Oh youre awesome! And, in that last speech? You soaked me.",226.0,7.0
Joey,23.0,Chandler And Monica's Wedding,Thanks a lot.,227.0,7.0
The Assistant Director,23.0,Chandler And Monica's Wedding,(To Joey) Heres your call sheet for tomorrow.,228.0,7.0
Joey,23.0,Chandler And Monica's Wedding,"Oh, Im-Im not working tomorrow.",229.0,7.0
The Assistant Director,23.0,Chandler And Monica's Wedding,You are now.,230.0,7.0
Joey,23.0,Chandler And Monica's Wedding,No! No! I cant! You gotta get me out of it! Ive got plans! (Spits.) Important plans! (Spits on the Ps.),231.0,7.0
Rachel,23.0,Chandler And Monica's Wedding,(closing the door) Ross said theres still no word from Chandler.,232.0,7.0
Phoebe,23.0,Chandler And Monica's Wedding,Oh man.,233.0,7.0
Rachel,23.0,Chandler And Monica's Wedding,Oh but he did say that they found the grandmother wandering down fifth avenue.,234.0,7.0
Phoebe,23.0,Chandler And Monica's Wedding,Okay. Well theres one down.,235.0,7.0
Monica,23.0,Chandler And Monica's Wedding,"(entering from her room, excitedly) Im getting married today!!! (She trips and falls.) (Getting up) I think I just cracked a rib. But I dont care because todays my wedding day! My day is finally here!! (Runs back into her room.)",236.0,7.0
Phoebe,23.0,Chandler And Monica's Wedding,Yknow she might not even notice hes gone.,237.0,7.0
Monica,23.0,Chandler And Monica's Wedding,(re-entering) Im gonna start getting ready! (Goes back into her room.),238.0,7.0
Rachel,23.0,Chandler And Monica's Wedding,"God! DontWe cant let her start getting ready! This is too awful! Oh God, but wait shell be in the gown and then he wont show up and then shes gonna have to take off the gown",239.0,7.0
Phoebe,23.0,Chandler And Monica's Wedding,Shhh! Stop it! Stop it Rachel! You cant do this here! (She drags her into the bathroom.),240.0,7.0
Rachel,23.0,Chandler And Monica's Wedding,Im sorry. Im sorry. Its justIts just so sad!,241.0,7.0
Phoebe,23.0,Chandler And Monica's Wedding,"Yeah, but youve got to pull yourself together! Monica cant see you like this! Then shell know somethings wrong!",242.0,7.0
Rachel,23.0,Chandler And Monica's Wedding,I know. I know. Oh God. (Looking around) Theres no tissue! Can you grab me some toilet paper?,243.0,7.0
Phoebe,23.0,Chandler And Monica's Wedding,"Yeah. (Looks.) Oh, thats gone too. This is Monicas bathroom right?!",244.0,7.0
Rachel,23.0,Chandler And Monica's Wedding,Oh!,245.0,7.0
Phoebe,23.0,Chandler And Monica's Wedding,No-no! I-II found one.,246.0,7.0
Rachel,23.0,Chandler And Monica's Wedding,Okay.,247.0,7.0
Rachel,23.0,Chandler And Monica's Wedding,Oh thank you! (Wiping her nose.) Oh God! (She throws it out.) Can I have another one?,248.0,7.0
Phoebe,23.0,Chandler And Monica's Wedding,(looking into the trash can) Sure. (Reaching into the trash can.) Do you need some floss? (Grabs a piece of it.),249.0,7.0
Rachel,23.0,Chandler And Monica's Wedding,Oh God I just can not imagine what is gonna happen if Chandler doesnt show up!,250.0,7.0
Phoebe,23.0,Chandler And Monica's Wedding,Oh heres a whole bunch.,251.0,7.0
Rachel,23.0,Chandler And Monica's Wedding,"Oh, I mean shes gonna be at the wedding waiting for him and people will be whispering, ""Oh that poor girl."" Yknow? Then shell have to come back here and live all alone.",252.0,7.0
Phoebe,23.0,Chandler And Monica's Wedding,(finding something interesting in the trash can) Oh my God!,253.0,7.0
Rachel,23.0,Chandler And Monica's Wedding,What?,254.0,7.0
Phoebe,23.0,Chandler And Monica's Wedding,"There was a pregnancy test in the garbage, and its positive. Monicas pregnant. (Rachel covers her mouth.) So I guess she wont be totally alone.",255.0,7.0
Rachel,23.0,Chandler And Monica's Wedding,Oh my God!,257.0,7.0
Phoebe,23.0,Chandler And Monica's Wedding,"I know! Monicas gonna have a baby! Hey, can this count as her something new?",258.0,7.0
Rachel,23.0,Chandler And Monica's Wedding,Oh my God!,259.0,7.0
Phoebe,23.0,Chandler And Monica's Wedding,"Hey, do you think this is why Chandler took off?",260.0,7.0
Rachel,23.0,Chandler And Monica's Wedding,"No, she had to have just taken that test because I took out the trash last night.",261.0,7.0
Phoebe,23.0,Chandler And Monica's Wedding,"Oh God, this is turning into the worst wedding day ever! The bride is pregnant. The groom is missing. And Im still holding this. (She throws the test back into the trash.)",262.0,7.0
Rachel,23.0,Chandler And Monica's Wedding,"Okay Phoebe, we can not tell anyone about this.",263.0,7.0
Phoebe,23.0,Chandler And Monica's Wedding,Right.,264.0,7.0
Rachel,23.0,Chandler And Monica's Wedding,Okay?,265.0,7.0
Phoebe,23.0,Chandler And Monica's Wedding,"Yeah, okay. Hey, wait. Do you know what kind of birth control she was using?",266.0,7.0
Rachel,23.0,Chandler And Monica's Wedding,No. Why?,267.0,7.0
Phoebe,23.0,Chandler And Monica's Wedding,"Just for the future, this is hardly a commercial for it.",268.0,7.0
Rachel,23.0,Chandler And Monica's Wedding,Anything?,269.0,7.0
Ross,23.0,Chandler And Monica's Wedding,"No! I talked to Joey on the set, he hasnt heard from him. I-I-I talked to Chandlers parents again!",270.0,7.0
Phoebe,23.0,Chandler And Monica's Wedding,You told them he was missing?,271.0,7.0
Ross,23.0,Chandler And Monica's Wedding,"No! I made it seem like I was just calling to chat. Pretty sure, they both think Im interested in them.",272.0,7.0
Rachel,23.0,Chandler And Monica's Wedding,"All right, weve got to tell her hes gone. (Starts to leave.)",273.0,7.0
Ross,23.0,Chandler And Monica's Wedding,No! Hey! Hey! We cant!,274.0,7.0
Rachel,23.0,Chandler And Monica's Wedding,"Ross, shes gonna start getting ready soon!",275.0,7.0
Ross,23.0,Chandler And Monica's Wedding,"Well, cant you at least stall her a little? Ill-Ill go back to some of the places I went last night.",276.0,7.0
Rachel,23.0,Chandler And Monica's Wedding,"All right, well how much time do you need?",277.0,7.0
Ross,23.0,Chandler And Monica's Wedding,Well how much time before she absolutely has to start getting ready?,278.0,7.0
Rachel,23.0,Chandler And Monica's Wedding,One hour.,279.0,7.0
Ross,23.0,Chandler And Monica's Wedding,Give me two.,280.0,7.0
Rachel,23.0,Chandler And Monica's Wedding,Then why do you ask?!,281.0,7.0
Ross,23.0,Chandler And Monica's Wedding,"Okay, wish me luck.",282.0,7.0
Phoebe,23.0,Chandler And Monica's Wedding,Okay. Im going with you.,283.0,7.0
Ross,23.0,Chandler And Monica's Wedding,Why?!,284.0,7.0
Phoebe,23.0,Chandler And Monica's Wedding,"Ross, youre tired. Youve been looking all night. And clearly you suck at this.",285.0,7.0
Rachel,23.0,Chandler And Monica's Wedding,"All right, Ill see you guys later.",286.0,7.0
Phoebe,23.0,Chandler And Monica's Wedding,"Okay. Wait, do you know how youre going to stall her?",287.0,7.0
Rachel,23.0,Chandler And Monica's Wedding,Ill figure something out.,288.0,7.0
Phoebe,23.0,Chandler And Monica's Wedding,All right. Good luck.,289.0,7.0
Rachel,23.0,Chandler And Monica's Wedding,Thanks.,290.0,7.0
Monica,23.0,Chandler And Monica's Wedding,"Hey! Okay, so I thought wed start with my make up and then do my hair.",291.0,7.0
Rachel,23.0,Chandler And Monica's Wedding,"Okay uh, but before you do that. I-I, I need you to talk to me.",292.0,7.0
Monica,23.0,Chandler And Monica's Wedding,About what?,293.0,7.0
Rachel,23.0,Chandler And Monica's Wedding,Umm Im never gonna getting married!,294.0,7.0
Monica,23.0,Chandler And Monica's Wedding,"Yeah you will! The right guy is just around the corner! Okay, are we done with that?",295.0,7.0
Rachel,23.0,Chandler And Monica's Wedding,"No Monica! Im serious! Oh, maybe I should just forget about it. Become a lesbian or something.",296.0,7.0
Monica,23.0,Chandler And Monica's Wedding,Any woman would be lucky to have ya.,297.0,7.0
Rachel,23.0,Chandler And Monica's Wedding,Well maybe it would make me feel better if I slept with Joey.,298.0,7.0
Monica,23.0,Chandler And Monica's Wedding,(jumping up) Rachel! You okay?,299.0,7.0
Joey,23.0,Chandler And Monica's Wedding,"Excuse me, Aaron? (The director turns around.) Hi! Umm, I have a little problem with the schedules. Originally, I wasnt supposed to work today, and I have this wedding that I really have to be at. Its my best friends, and Im officiating so I really cant work past four.",300.0,7.0
The Director,23.0,Chandler And Monica's Wedding,"Joey, you gotta stay until the end. We cant stop filming just for you. Its not like its your wedding. (Starts to walk away.)",301.0,7.0
Joey,23.0,Chandler And Monica's Wedding,Im having surgery!,302.0,7.0
The Director,23.0,Chandler And Monica's Wedding,What?!,303.0,7.0
Joey,23.0,Chandler And Monica's Wedding,"Yeah, I-I just made up the stuff about the wedding because I didnt want you to worry about me. But, Im having surgery today.",304.0,7.0
The Director,23.0,Chandler And Monica's Wedding,What kind of surgery?!,305.0,7.0
Joey,23.0,Chandler And Monica's Wedding,Transplant.,306.0,7.0
The Director,23.0,Chandler And Monica's Wedding,But youre supposed to work on Monday.,307.0,7.0
Joey,23.0,Chandler And Monica's Wedding,Hair transplant.,308.0,7.0
The Director,23.0,Chandler And Monica's Wedding,But youre not bald.,309.0,7.0
Joey,23.0,Chandler And Monica's Wedding,Its not on my head.,310.0,7.0
The Director,23.0,Chandler And Monica's Wedding,"Look Joey, theres nothing I can do. Besides, youre probably gonna be out by four anyway. Weve just got one short scene. Its just you and Richard, and God knows hes a pro. Youll be fine. (Walks away and sees Richard entering.) Morning Richard.",311.0,7.0
Joey,23.0,Chandler And Monica's Wedding,"Hey! Youre here! Great! Great! Great! Lets get going buddy, weve got a scene to shoot!",312.0,7.0
Richard,23.0,Chandler And Monica's Wedding,Im wearing two belts.,313.0,7.0
Joey,23.0,Chandler And Monica's Wedding,Are you drunk?,314.0,7.0
Richard,23.0,Chandler And Monica's Wedding,No!,315.0,7.0
Joey,23.0,Chandler And Monica's Wedding,Yes you are!,316.0,7.0
Richard,23.0,Chandler And Monica's Wedding,All right.,317.0,7.0
Ross,23.0,Chandler And Monica's Wedding,We are never gonna find him! Hes one guy in a huge city!,318.0,7.0
Phoebe,23.0,Chandler And Monica's Wedding,Oh my God! Is that him? (She points at someone.),319.0,7.0
Ross,23.0,Chandler And Monica's Wedding,"That is an old, Chinese woman!",320.0,7.0
Phoebe,23.0,Chandler And Monica's Wedding,"He could be in disguise, yknow.",321.0,7.0
Ross,23.0,Chandler And Monica's Wedding,"Aw, yknowYknow, maybe were-were just approaching this all wrong. If youre Chandler and-and you wanna hide, where is the last place on Earth people would think youd go?",322.0,7.0
Ross,23.0,Chandler And Monica's Wedding,So this is your office?,323.0,7.0
Chandler,23.0,Chandler And Monica's Wedding,How did you guys find me? I knew I shouldve hid at the gym!,324.0,7.0
Phoebe,23.0,Chandler And Monica's Wedding,What the hell are you doing?!,325.0,7.0
Chandler,23.0,Chandler And Monica's Wedding,Panicking! And using the Internet to try to prove that Im related to Monica. How is she?,326.0,7.0
Ross,23.0,Chandler And Monica's Wedding,"Shes fine. She doesnt know youre gone. And she doesnt have to know, okay? Now come on, were going home.",327.0,7.0
Chandler,23.0,Chandler And Monica's Wedding,No! No! No! I cant do that!,328.0,7.0
Phoebe,23.0,Chandler And Monica's Wedding,Why not?!,329.0,7.0
Chandler,23.0,Chandler And Monica's Wedding,"Because if I go home, were gonna become the Bings! I cant be the Bings!",330.0,7.0
Ross,23.0,Chandler And Monica's Wedding,Whats wrong with being the Bings?,331.0,7.0
Chandler,23.0,Chandler And Monica's Wedding,The Bings have horrible marriages! They yell. They fight. And they use the pool boy as a pawn in their sexual games!,332.0,7.0
Ross,23.0,Chandler And Monica's Wedding,"Chandler, have you ever put on a black cocktail dress and asked me up to your hotel room?",333.0,7.0
Chandler,23.0,Chandler And Monica's Wedding,No.,334.0,7.0
Ross,23.0,Chandler And Monica's Wedding,Then you are neither of your parents!,335.0,7.0
Chandler,23.0,Chandler And Monica's Wedding,"Its not just their marriage! I mean, look at yours. Look at everybodys! The only person that can make marriage work is Paul Newman! And Ive met me; I am not Paul Newman. I dont race cars! I dont make popcorn! None of my proceeds go to charity.",336.0,7.0
Phoebe,23.0,Chandler And Monica's Wedding,"But look Chandler, right now, no one has a lower opinion of you than I do. But I totally believe you can do this.",337.0,7.0
Chandler,23.0,Chandler And Monica's Wedding,"I want to. I love her so much, but Im afrIts too huge.",338.0,7.0
Ross,23.0,Chandler And Monica's Wedding,"Yknow, okay. Youre right. It is huge. So why dont we take it just a little bit at a time? Okay? Umm, forget getting married for a sec; just forget about it. Can you just come home and take a shower?",339.0,7.0
Chandler,23.0,Chandler And Monica's Wedding,"Well yeah, but then",340.0,7.0
Ross,23.0,Chandler And Monica's Wedding,"(interrupting him) YeahNo-but-but-but-but! Were just gonna go home and take a shower. Now, thats not scary right?",341.0,7.0
Chandler,23.0,Chandler And Monica's Wedding,Depends on what you mean by we.,342.0,7.0
Rachel,23.0,Chandler And Monica's Wedding,The nights are the hardest. (Checks her watch.) But then the day comes! And thats every bit as hard as the night. And then the night comes again,343.0,7.0
Monica,23.0,Chandler And Monica's Wedding,"(interrupting) The days and nights are hard! I get it! Okay? Look umm, Rachel Im sorry! I have to start getting ready! Im getting married today!",344.0,7.0
Rachel,23.0,Chandler And Monica's Wedding,I know. At dusk. Thats such a hard time for me.,345.0,7.0
Monica,23.0,Chandler And Monica's Wedding,"(getting up) Im gonna go put my make up on, we have to be at the hotel in an hour! (Starts for the bathroom.)",346.0,7.0
Rachel,23.0,Chandler And Monica's Wedding,Okay. But wait!,347.0,7.0
Monica,23.0,Chandler And Monica's Wedding,What?!,348.0,7.0
Rachel,23.0,Chandler And Monica's Wedding,Lets go to lunch.,349.0,7.0
Monica,23.0,Chandler And Monica's Wedding,I cant go to lunch!!,350.0,7.0
Rachel,23.0,Chandler And Monica's Wedding,Right.,351.0,7.0
Rachel,23.0,Chandler And Monica's Wedding,Oh good God! Ive fallen down! (She trips and falls.),352.0,7.0
Monica,23.0,Chandler And Monica's Wedding,(entering) Whats going on?,353.0,7.0
Rachel,23.0,Chandler And Monica's Wedding,"Okay. All right. (Gets up.) Honey listen. When I tell you what Im about to tell you, I need you to remember that we are all here for you and that we love you.",354.0,7.0
Monica,23.0,Chandler And Monica's Wedding,"Okay, youre-youre really freaking me out.",355.0,7.0
Rachel,23.0,Chandler And Monica's Wedding,We cant find Chandler(Phoebe sticks her head and motions that they found Chandler)s vest. We cant find Chandlers vest.,356.0,7.0
Monica,23.0,Chandler And Monica's Wedding,"How can that be?! Oh wait! Wait! Are you, are you serious?!",357.0,7.0
Phoebe,23.0,Chandler And Monica's Wedding,"(entering) Found the vest! I mean were gonna have to keep an eye on it, yknow make sure we dont lose it again",358.0,7.0
Rachel,23.0,Chandler And Monica's Wedding,Oh!,359.0,7.0
Monica,23.0,Chandler And Monica's Wedding,"Oh wow! Okay. Dont scare me like that okay? I mean for a minute there I was like, ""Oh my God! The worst has happened!""",360.0,7.0
Joey,23.0,Chandler And Monica's Wedding,I would sooner die in this hellhole then see her back with you!,361.0,7.0
Richard,23.0,Chandler And Monica's Wedding,That can be arranged.,362.0,7.0
The Director,23.0,Chandler And Monica's Wedding,Lets reset.,363.0,7.0
Joey,23.0,Chandler And Monica's Wedding,What?! He got me! Owwwwww!!!,364.0,7.0
The Director,23.0,Chandler And Monica's Wedding,Lets take it from there.,365.0,7.0
Richard,23.0,Chandler And Monica's Wedding,(To Joey) Are you a little off today? Its going terribly slowly.,366.0,7.0
Joey,23.0,Chandler And Monica's Wedding,"Look, my best friends are getting married in like an hour. Okay? And Im the minister. Please! Please! Can you pull it together?",367.0,7.0
Richard,23.0,Chandler And Monica's Wedding,Of course! Im-Im sorry. I-Id hate you to miss anything like that on account of me. I can do this!,368.0,7.0
Joey,23.0,Chandler And Monica's Wedding,Thank you. Thank you.,369.0,7.0
The Director,23.0,Chandler And Monica's Wedding,"Still rolling, annnnd action!",370.0,7.0
Joey,23.0,Chandler And Monica's Wedding,I would sooner die in this hellhole then see her back with you!,371.0,7.0
Richard,23.0,Chandler And Monica's Wedding,"Now, that can be arranged! (He brings his sword back and drops it, causing it to fly over the wall.) Slippery little bugger!",372.0,7.0
Phoebe,23.0,Chandler And Monica's Wedding,So-so you two were married huh? What happened? You just drift apart?,373.0,7.0
Mrs. Geller,23.0,Chandler And Monica's Wedding,Here comes the bride.,374.0,7.0
Phoebe,23.0,Chandler And Monica's Wedding,Oh my God Monica!,375.0,7.0
Monica,23.0,Chandler And Monica's Wedding,I wanna wear this everyday.,376.0,7.0
Rachel,23.0,Chandler And Monica's Wedding,You look so beautiful.,377.0,7.0
Monica,23.0,Chandler And Monica's Wedding,(starting to cry) Im so happy for me.,378.0,7.0
Rachel,23.0,Chandler And Monica's Wedding,Hello?,379.0,7.0
Joey,23.0,Chandler And Monica's Wedding,(on phone) Hey! Did Chandler show up yet?,380.0,7.0
Rachel,23.0,Chandler And Monica's Wedding,"Yeah, we got him back. Everythings fine.",381.0,7.0
Joey,23.0,Chandler And Monica's Wedding,Damnit!,382.0,7.0
Rachel,23.0,Chandler And Monica's Wedding,What? Why? Where are you?,383.0,7.0
Joey,23.0,Chandler And Monica's Wedding,Im still on the set!,384.0,7.0
Rachel,23.0,Chandler And Monica's Wedding,Joey! The wedding is in less than an hour!,385.0,7.0
Joey,23.0,Chandler And Monica's Wedding,"I know! Im sorry! The guys drunk, they wont let me go until we get this.",386.0,7.0
Rachel,23.0,Chandler And Monica's Wedding,Oh my God! Im gonna have to find another minister.,387.0,7.0
Joey,23.0,Chandler And Monica's Wedding,"No! No, Im the minister! All right, look-look, put em both on the phone, Ill marry them right now.",388.0,7.0
Rachel,23.0,Chandler And Monica's Wedding,"Ugh! Joey, I have to go.",389.0,7.0
Joey,23.0,Chandler And Monica's Wedding,Hey! Dont you hang up on me! Ill marry you and me right now! I have the power!,390.0,7.0
Ross,23.0,Chandler And Monica's Wedding,"There you go. You put on a tuxedo! Now that wasnt so scary, was it?",391.0,7.0
Chandler,23.0,Chandler And Monica's Wedding,No.,392.0,7.0
Ross,23.0,Chandler And Monica's Wedding,"Im telling you, just a little bit at a time.",393.0,7.0
Chandler,23.0,Chandler And Monica's Wedding,"Yeah okay. Well, whats the next little bit?",394.0,7.0
Ross,23.0,Chandler And Monica's Wedding,"Getting married. (Chandler panics.) Okay. Okay. You can, you can do that too! Just like youve done everything else!",395.0,7.0
Chandler,23.0,Chandler And Monica's Wedding,Yeah. Youre right. Hey I-I can do that.,396.0,7.0
Ross,23.0,Chandler And Monica's Wedding,Yeah.,397.0,7.0
Chandler,23.0,Chandler And Monica's Wedding,"Okay, excuse me for a minute. (Starts to leave)",398.0,7.0
Ross,23.0,Chandler And Monica's Wedding,"WhHeyWhoa-whoa, where, where you going?!",399.0,7.0
Chandler,23.0,Chandler And Monica's Wedding,"Ross, I am not gonna run away again! I just want to get a little fresh air.",400.0,7.0
Ross,23.0,Chandler And Monica's Wedding,Okay.,401.0,7.0
Chandler,23.0,Chandler And Monica's Wedding,Okay.,402.0,7.0
Chandler,23.0,Chandler And Monica's Wedding,Oh fresh air!,403.0,7.0
Phoebe,23.0,Chandler And Monica's Wedding,"(To Rachel) Wait! Maybe, maybe youre overreacting! You do that yknow.",404.0,7.0
Rachel,23.0,Chandler And Monica's Wedding,"Well Phoebe, we gotta do something! (They turn the corner.) Well, yknow. I mean theres no way Joeys gonna make it in time. So Im gonna through the hotel and see if theres any other weddings going on.",405.0,7.0
Phoebe,23.0,Chandler And Monica's Wedding,"Okay. Oh but dont tell them Monicas pregnant because, they frown on that.",406.0,7.0
Rachel,23.0,Chandler And Monica's Wedding,Okay.,407.0,7.0
Phoebe,23.0,Chandler And Monica's Wedding,Okay.,408.0,7.0
Rachel,23.0,Chandler And Monica's Wedding,"Anastassakis/Papasifakis wedding, excellent! {Its a good thing Jennifer Aniston is Greek, because she had to pronounce those names. Luckily for me, they were written on a sign.}(The happy couple emerges.) Congratulations. (To the best man and maid of honor) Mazel Tov! (The rabbi emerges.) Hi! Oh, great hat. (Hes wearing an interesting hat and she takes him over to talk.) Listen umm, I need you to perform another wedding. Can you do that?",410.0,7.0
The Rabbi,23.0,Chandler And Monica's Wedding,I dont know. Are they Greek Orthodox?,411.0,7.0
Rachel,23.0,Chandler And Monica's Wedding,"Yeah! Yeah. Theyretheyre-theyre my friends, uh, Monica Stephanopolus and uh, and Chandler Acidofolus.",412.0,7.0
Ross,23.0,Chandler And Monica's Wedding,"Hi! (To Mrs. Bing) Hi! (Mr. Bing starts rubbing his arm.) Hi. Has umm, anyone seen Chandler?",413.0,7.0
Mr. Geller,23.0,Chandler And Monica's Wedding,I thought he was with you.,414.0,7.0
Ross,23.0,Chandler And Monica's Wedding,"He-he was with me umm, were playing a little game, yknow? Hide and seek.",415.0,7.0
Mr. Geller,23.0,Chandler And Monica's Wedding,"You cant ask us son, thats cheating.",416.0,7.0
Ross,23.0,Chandler And Monica's Wedding,"(pause) Youre right, thanks for keeping me honest dad.",417.0,7.0
Mrs. Geller,23.0,Chandler And Monica's Wedding,"Well, he better not come by here. He cant see the bride in the wedding dress.",418.0,7.0
Mrs. Bing,23.0,Chandler And Monica's Wedding,"As I recall when we got married, I saw the groom in the wedding dress.",419.0,7.0
Mr. Bing,23.0,Chandler And Monica's Wedding,"But that was after the wedding, its not bad luck then.",420.0,7.0
Mrs. Bing,23.0,Chandler And Monica's Wedding,"Honey, it isnt good luck.",421.0,7.0
Ross,23.0,Chandler And Monica's Wedding,Oh my God! Monica!,422.0,7.0
Monica,23.0,Chandler And Monica's Wedding,"I know! Hey, hows Chandler doin?",423.0,7.0
Ross,23.0,Chandler And Monica's Wedding,Great. Hes doing great. Dont you worry about Chandler.,424.0,7.0
Monica,23.0,Chandler And Monica's Wedding,Are you okay?,425.0,7.0
Ross,23.0,Chandler And Monica's Wedding,Uh-huh.,426.0,7.0
Monica,23.0,Chandler And Monica's Wedding,"Well, youre-youre sweating.",427.0,7.0
Ross,23.0,Chandler And Monica's Wedding,These-these are beads of joy.,428.0,7.0
Monica,23.0,Chandler And Monica's Wedding,Oh thats sweet. Dont touch me.,429.0,7.0
Ross,23.0,Chandler And Monica's Wedding,"Uh Phoebe, can I see you for a second?",430.0,7.0
Phoebe,23.0,Chandler And Monica's Wedding,Yeah!,431.0,7.0
Phoebe,23.0,Chandler And Monica's Wedding,Whats going on?,432.0,7.0
Ross,23.0,Chandler And Monica's Wedding,Chandlers gone again!,433.0,7.0
Phoebe,23.0,Chandler And Monica's Wedding,Oh my God! Why would you play hide and seek with someone you know is a flight risk?!,434.0,7.0
Joey,23.0,Chandler And Monica's Wedding,Aaron! You gotta let me go. The guys hammered!,435.0,7.0
The Director,23.0,Chandler And Monica's Wedding,"Im sorry Joey, as long as hes here and hes conscious were still shooting.",436.0,7.0
Richard,23.0,Chandler And Monica's Wedding,You wouldnt happen to have a very big fork?,437.0,7.0
Joey,23.0,Chandler And Monica's Wedding,"So I uh, I just talked to the director. Thats it, were done for the day.",438.0,7.0
Richard,23.0,Chandler And Monica's Wedding,Well have we finished the scene?,439.0,7.0
Joey,23.0,Chandler And Monica's Wedding,Yeah! Youyou were wonderful.,440.0,7.0
Richard,23.0,Chandler And Monica's Wedding,As were you.,441.0,7.0
Joey,23.0,Chandler And Monica's Wedding,"So I got your car, its right outside.",442.0,7.0
Richard,23.0,Chandler And Monica's Wedding,Why? Are we done for the day?,443.0,7.0
Joey,23.0,Chandler And Monica's Wedding,Thats what you told me.,444.0,7.0
Richard,23.0,Chandler And Monica's Wedding,"Oh, thank you. Youre welcome. (He stands up, staggers to the couch, and starts to lie down.)",445.0,7.0
Joey,23.0,Chandler And Monica's Wedding,No-no-no! We gotta go! Come on! (Joey picks him up in a firemans carry and carries him out.) Here we go.,446.0,7.0
Richard,23.0,Chandler And Monica's Wedding,Is that my ass? (Hes looking at Joeys.),447.0,7.0
Ross,23.0,Chandler And Monica's Wedding,(turning a corner) There he is!!,448.0,7.0
Chandler,23.0,Chandler And Monica's Wedding,What?,449.0,7.0
Phoebe,23.0,Chandler And Monica's Wedding,Hey! Oh!,450.0,7.0
Ross,23.0,Chandler And Monica's Wedding,Youre not getting away this time mister! Unless you want that ass kicking we talked about!,451.0,7.0
Chandler,23.0,Chandler And Monica's Wedding,Ross! (He starts to get up.),452.0,7.0
Ross,23.0,Chandler And Monica's Wedding,Hiiii-Ya!! (Chandler lies back down.) Im serious! Youre not walking out on my sister!,453.0,7.0
Chandler,23.0,Chandler And Monica's Wedding,(standing up) Thats right! Im not!,454.0,7.0
Ross,23.0,Chandler And Monica's Wedding,Then where the hell have you been?!,455.0,7.0
Chandler,23.0,Chandler And Monica's Wedding,I know about Monica.,456.0,7.0
Phoebe,23.0,Chandler And Monica's Wedding,You know?!,457.0,7.0
Ross,23.0,Chandler And Monica's Wedding,What?,458.0,7.0
Chandler,23.0,Chandler And Monica's Wedding,"Yeah, I heard you and Rachel talking.",459.0,7.0
Ross,23.0,Chandler And Monica's Wedding,What?! What?! Talking about what?!,460.0,7.0
Chandler,23.0,Chandler And Monica's Wedding,You dont know?,461.0,7.0
Ross,23.0,Chandler And Monica's Wedding,Know whatIf somebody doesnt tell me whats going on right now,462.0,7.0
Phoebe,23.0,Chandler And Monica's Wedding,What? Youll hi-ya?,463.0,7.0
Chandler,23.0,Chandler And Monica's Wedding,Monicas pregnant.,464.0,7.0
Ross,23.0,Chandler And Monica's Wedding,Oh my God. Oh my God! And youre-youreyoure not freaking out?,465.0,7.0
Chandler,23.0,Chandler And Monica's Wedding,Well I was! Then I went down to the gift shop because I was out of cigarettes,466.0,7.0
Chandler,23.0,Chandler And Monica's Wedding,"Big picture please! So I was in the gift shop, and thats when I uh, saw this. (He holds up a little, tiny baby jumper that reads I (heart) New York.) Yeah, yknow what? I thought anything that can fit into this, cant be scary.",467.0,7.0
Phoebe,23.0,Chandler And Monica's Wedding,Well you obviously didnt see Chucky 3.,468.0,7.0
Chandler,23.0,Chandler And Monica's Wedding,"But come on, look at how cute and small this is! So I got it to give Monica so shed know I was okay.",469.0,7.0
Ross,23.0,Chandler And Monica's Wedding,Dude. (Hugs him.),470.0,7.0
Mr. Geller,23.0,Chandler And Monica's Wedding,Way to go son! I knew youd find him!,471.0,7.0
Mr. Bing,23.0,Chandler And Monica's Wedding,Our little boy is getting married.,472.0,7.0
Mrs. Bing,23.0,Chandler And Monica's Wedding,Oh look at you! So handsome!,473.0,7.0
Chandler,23.0,Chandler And Monica's Wedding,You look beautiful mom. (His dad clears his throat.) You look beautiful too dad. I love you both. (He kisses his dad on the cheek) Im so glad you here. (He kisses his mom.),474.0,7.0
The Rabbi,23.0,Chandler And Monica's Wedding,Are you Chandler?,475.0,7.0
Chandler,23.0,Chandler And Monica's Wedding,Are you Joey?,476.0,7.0
Ross,23.0,Chandler And Monica's Wedding,Huh. This is nice.,477.0,7.0
Phoebe,23.0,Chandler And Monica's Wedding,What?,478.0,7.0
Ross,23.0,Chandler And Monica's Wedding,Ive never walked down the aisle knowing it cant end in divorce.,479.0,7.0
Mrs. Geller,23.0,Chandler And Monica's Wedding,Oh I wish youre grandmother had lived to see this.,480.0,7.0
Monica,23.0,Chandler And Monica's Wedding,Shes right there.,481.0,7.0
Mrs. Geller,23.0,Chandler And Monica's Wedding,"Not that old crow, my mother. (They stop and she kisses Monica on the cheek.) Congratulations darling.",482.0,7.0
Mr. Geller,23.0,Chandler And Monica's Wedding,I love you sweetheart. (He kisses her and they sit down.),483.0,7.0
Chandler,23.0,Chandler And Monica's Wedding,You look beautiful. Is this new? (Her dress.),484.0,7.0
Monica,23.0,Chandler And Monica's Wedding,Not now.,485.0,7.0
Chandler,23.0,Chandler And Monica's Wedding,Okay.,486.0,7.0
Monica,23.0,Chandler And Monica's Wedding,(To Chandler) Who is this?,487.0,7.0
The Rabbi,23.0,Chandler And Monica's Wedding,I am Father Kalebasous.,488.0,7.0
Chandler,23.0,Chandler And Monica's Wedding,(in Monicas ear) Hes Greek Orthodox.,489.0,7.0
Rachel,23.0,Chandler And Monica's Wedding,(leaning in) As are you,490.0,7.0
The Rabbi,23.0,Chandler And Monica's Wedding,Let us begin. Dearly beloved,491.0,7.0
Joey,23.0,Chandler And Monica's Wedding,"(entering) Thats my line! (He walks up the aisle and to the rabbi) I can take it from here, thanks. (To all) Dearly beloved, Im sorry Im a little late. You may be confused by this now, (Hes still in costume) but you wont be Memorial Day weekend 2002. Well, lets get started before the groom takes off again. Huh? (Monica is shocked and looks around.) We are gathered here today, to join this man and this woman in the bonds of holy matrimony. Ive known Monica and Chandler for a long time, and I can not imagine two people more perfect for each other. And now, as Ive left my notes in my dressing room. We shall proceed to the vows. Monica?",492.0,7.0
Monica,23.0,Chandler And Monica's Wedding,(To Rachel) He took off?,493.0,7.0
Rachel,23.0,Chandler And Monica's Wedding,Go on! Go on. (She turns back to Chandler.),494.0,7.0
Monica,23.0,Chandler And Monica's Wedding,"Chandler, for so long II wondered if I would ever find my prince, my soul mate. Then three years ago, at another wedding I turned to a friend for comfort. And in stead, I found everything that Id ever been looking for my whole life. And nowhere we arewith our future before usand I only want to spend it with you, my prince, my soul mate, my friend. Unless you dont want to. You go!",495.0,7.0
Joey,23.0,Chandler And Monica's Wedding,Chandler?,496.0,7.0
Chandler,23.0,Chandler And Monica's Wedding,"(To Ross) No, thats okay. (Ross nods and retreats.) Monica I thought this was going to be the most difficult thing I ever gonna had to do. But when I saw you walking down that aisle I realized how simple it was. I love you. Any surprises that come our way its okay, because I will always love you. You are the person I was meant to spend the rest of my life with. You wanna know if Im sure? (He leans in and kisses her.)",497.0,7.0
Joey,23.0,Chandler And Monica's Wedding,"You may not kiss the bride. So, I guess by the powers vested in my by the state of New York and the Internet guys, I now pronounce you husband and wife. Oh wait! Do you take each other?",498.0,7.0
Chandler,23.0,Chandler And Monica's Wedding,I do.,499.0,7.0
Monica,23.0,Chandler And Monica's Wedding,I do.,500.0,7.0
Joey,23.0,Chandler And Monica's Wedding,Yeah you do!,501.0,7.0
Ross,23.0,Chandler And Monica's Wedding,Rings?,502.0,7.0
Joey,23.0,Chandler And Monica's Wedding,Aw crap! Okayuhuh lets-lets do the rings.,503.0,7.0
Joey,23.0,Chandler And Monica's Wedding,"We good? Yeah? Good? Once again, I pronounce you husband and wife. (To Chandler) Now kiss her again.",504.0,7.0
Chandler,23.0,Chandler And Monica's Wedding,(To Monica) I love you. And I know about the baby.,505.0,7.0
Monica,23.0,Chandler And Monica's Wedding,What baby?,506.0,7.0
Chandler,23.0,Chandler And Monica's Wedding,Our baby.,507.0,7.0
Monica,23.0,Chandler And Monica's Wedding,We have a baby?,508.0,7.0
Chandler,23.0,Chandler And Monica's Wedding,Phoebe found your pregnancy test in the trash.,509.0,7.0
Monica,23.0,Chandler And Monica's Wedding,I didnt take a pregnancy test.,510.0,7.0
Chandler,23.0,Chandler And Monica's Wedding,Thenwho did?,511.0,7.0
Phoebe,23.0,Chandler And Monica's Wedding,Oh and theyre gonna have a baby.,512.0,7.0
Rachel,23.0,Chandler And Monica's Wedding,Uh-huh.,513.0,7.0
{Transcribers Note,23.0,Chandler And Monica's Wedding,There was no trailer for this episode. See you in season 8; which will start this fall.},515.0,7.0
Phoebe,12.0,Phoebe's Wedding,"Oh, hey Joey.",0.0,10.0
Joey,12.0,Phoebe's Wedding,"Uh, hey.",1.0,10.0
Phoebe,12.0,Phoebe's Wedding,"Listen, I need to ask you something. Ok, you know how my step dad's in prison.",2.0,10.0
Joey,12.0,Phoebe's Wedding,(afraid) Yeah.,3.0,10.0
Phoebe,12.0,Phoebe's Wedding,"Yeah. Well, uhm... listen he was supposed to get a weekend furlough, so he'd come to the wedding tomorrow, but he just called and... uhm... well, apparently stabbing Iceman in the exercise yard just couldn't wait till Monday.",4.0,10.0
Joey,12.0,Phoebe's Wedding,So he can't come?,5.0,10.0
Phoebe,12.0,Phoebe's Wedding,"No, and so there's no one to walk me down the aisle and... well, I would just really love it if you would do it.",6.0,10.0
Joey,12.0,Phoebe's Wedding,Seriously?,7.0,10.0
Phoebe,12.0,Phoebe's Wedding,"Yeah, you've... you know, sort of been like a dad to me. I mean, you've always, you know, looked out for me and shared your wisdom...",8.0,10.0
Joey,12.0,Phoebe's Wedding,I am pretty wisdomous.,9.0,10.0
Phoebe,12.0,Phoebe's Wedding,So... what do you say?,10.0,10.0
Joey,12.0,Phoebe's Wedding,"Are you kidding? Phoebe, I would be honored. (they hug)",11.0,10.0
Phoebe,12.0,Phoebe's Wedding,"Oh, thank you. I hope... I hope you know how much you mean to me.",12.0,10.0
Joey,12.0,Phoebe's Wedding,"(takes her hand) Listen, I hope... that you know... (has difficulty saying it) I don't want you to see your father cry, GO TO YOUR ROOM!",13.0,10.0
Phoebe,12.0,Phoebe's Wedding,Oh.,15.0,10.0
Joey,12.0,Phoebe's Wedding,"Oh no, no, no, let your dad get this.",16.0,10.0
Phoebe,12.0,Phoebe's Wedding,"(her mobile phone rings) Oh, it's my wedding planner. She's driving me crazy! (she answers) Hello... Hey, ok, stop screaming! Ok? So, halibut. All right, so salmon, either way. I don't-I don't... it doesn't matter to me!",17.0,10.0
Monica,12.0,Phoebe's Wedding,"(she enters with a headset on and she's speaking into the microphone) Well, it matters to me!",18.0,10.0
Phoebe,12.0,Phoebe's Wedding,"Well, I don't care, so you pick!",19.0,10.0
Monica,12.0,Phoebe's Wedding,"Did you just hung up on me? (she hangs up too) All right, look, I need you at the rehearsal dinner tonight at 1800 hours.",20.0,10.0
Phoebe,12.0,Phoebe's Wedding,Uh-uh. Ok. What time is that.,21.0,10.0
Monica,12.0,Phoebe's Wedding,You don't know military time?,22.0,10.0
Phoebe,12.0,Phoebe's Wedding,"Why, I must have been in missile training the day they taught that.",23.0,10.0
Monica,12.0,Phoebe's Wedding,Just subtract twelve.,24.0,10.0
Phoebe,12.0,Phoebe's Wedding,"Ok, so... 1800 minus twelve is... one thousand, seven hundred and...",25.0,10.0
Monica,12.0,Phoebe's Wedding,(screaming) Six o'clock!,26.0,10.0
Phoebe,12.0,Phoebe's Wedding,Ok.,27.0,10.0
Monica,12.0,Phoebe's Wedding,"Ok. Hold on. (her mobile phone rings) Geller here! No! I said it has to be there by 4 o'clock. Goodbye. (she hangs up) Oh, how hard it is to make an ice sculpture?",28.0,10.0
Phoebe,12.0,Phoebe's Wedding,Ice sculpture? That sounds really fancy! I told you I just want a simple wedding.,29.0,10.0
Monica,12.0,Phoebe's Wedding,"Please... honey, leave the details to me. Now I wanna make this day as special for you as I can. Now, ok, I was thinking that the harpist should wear white.",30.0,10.0
Phoebe,12.0,Phoebe's Wedding,What harpist? My friend Marjorie is playing the steel drums.,31.0,10.0
Monica,12.0,Phoebe's Wedding,Ooh... she backed out.,32.0,10.0
Phoebe,12.0,Phoebe's Wedding,She did? Why?,33.0,10.0
Monica,12.0,Phoebe's Wedding,"I made her. (Phoebe looks shocked) Steel drums don't really say ""elegant wedding"". Nor does Marjorie's overwhelming scent.",34.0,10.0
Phoebe,12.0,Phoebe's Wedding,(looking angry) Hey! She will shower when Tibet is free.,35.0,10.0
Chandler,12.0,Phoebe's Wedding,Hey!,36.0,10.0
Phoebe,12.0,Phoebe's Wedding,Hey!,37.0,10.0
Chandler,12.0,Phoebe's Wedding,"You look great. I'm so glad we're having this rehearsal dinner, you know, I so rarely get to practice my meals before I eat them.",38.0,10.0
Phoebe,12.0,Phoebe's Wedding,"Okay, what did we say was your one gift to us?",39.0,10.0
Chandler,12.0,Phoebe's Wedding,No stupid jokes. I thought that was for the actual wedding.,40.0,10.0
Phoebe,12.0,Phoebe's Wedding,Rehearse it!,41.0,10.0
Ross,12.0,Phoebe's Wedding,Hi! (he kisses Phoebe),42.0,10.0
Mike,12.0,Phoebe's Wedding,Thanks for coming you guys.,43.0,10.0
Ross,12.0,Phoebe's Wedding,"Oh, (he goes towards Mike in order to shake hands but Mike hugs him) hey, oh... I... I was-I was going for a hand shake.",44.0,10.0
Mike,12.0,Phoebe's Wedding,Is that why your hand is pressed against my crotch?,45.0,10.0
Ross,12.0,Phoebe's Wedding,That is why!,46.0,10.0
Mike,12.0,Phoebe's Wedding,Yeah.,47.0,10.0
Phoebe,12.0,Phoebe's Wedding,So Rach.,48.0,10.0
Rachel,12.0,Phoebe's Wedding,Yeah.,49.0,10.0
Phoebe,12.0,Phoebe's Wedding,Where is Emma?,50.0,10.0
Rachel,12.0,Phoebe's Wedding,"Oh, Monica made me send her to my mother's. Apparently babies and weddings don't mix.",51.0,10.0
Monica,12.0,Phoebe's Wedding,"(coming) Are you still crying about your damn baby? Pheebs, you gotta keep the line moving, remember, 20 seconds per person. Your see these clowns all the time! (she takes off)",52.0,10.0
Joey,12.0,Phoebe's Wedding,"Hey, you're Mike's parents, right?",53.0,10.0
Mike's mother,12.0,Phoebe's Wedding,"Yes, we are.",54.0,10.0
Joey,12.0,Phoebe's Wedding,"Ah, our little ones are growing up fast, uh?",55.0,10.0
Mike's father,12.0,Phoebe's Wedding,How's that?,56.0,10.0
Joey,12.0,Phoebe's Wedding,"You know, on the one hand you're happy for them, but on the other hand it's hard to let go.",57.0,10.0
Mike's father,12.0,Phoebe's Wedding,Who in God's name are you?,58.0,10.0
Joey,12.0,Phoebe's Wedding,"Hey, I'm not that fond of you either, ok buddy? But I'm just trying to be nice for the kids!",59.0,10.0
Chandler,12.0,Phoebe's Wedding,(to Rachel) You know what I just realized? We have no idea what we're doing in the wedding tomorrow.,60.0,10.0
Ross,12.0,Phoebe's Wedding,"Yeah, I thought we'd be groomsmen, but wouldn't they have asked us by now? When did they ask you to be their bridesmaid?",61.0,10.0
Rachel,12.0,Phoebe's Wedding,Uh... November?,62.0,10.0
Ross,12.0,Phoebe's Wedding,I wanna say it's not looking good.,63.0,10.0
Rachel,12.0,Phoebe's Wedding,Hey Pheebs...,64.0,10.0
Phoebe,12.0,Phoebe's Wedding,What's up?,65.0,10.0
Rachel,12.0,Phoebe's Wedding,Uhm... you haven't told these guys what they're doing in the wedding yet.,66.0,10.0
Chandler,12.0,Phoebe's Wedding,Heh.,67.0,10.0
Phoebe,12.0,Phoebe's Wedding,"Uhm... well, they're not in the wedding.",68.0,10.0
Ross,12.0,Phoebe's Wedding,"What? (Ross and Chandler don't know what to say, so there's an embarrassing long pause)",69.0,10.0
Rachel,12.0,Phoebe's Wedding,"Well, this is really awkward (staring at the floor) Oh, and I can leave!",70.0,10.0
Phoebe,12.0,Phoebe's Wedding,"I'm sorry you guys but, you know, Mike's got his brother and his friends from school so... you know, you were-you were... if it helps you, you were next in line, you just-you just missed the cut.",71.0,10.0
Ross,12.0,Phoebe's Wedding,"Oh, man!",72.0,10.0
Chandler,12.0,Phoebe's Wedding,This is like figure skating team all over again. (Phoebe and Ross glare at him astonished) I mean synchronized swimming. (they continue to glare) I mean- I mean the balance beam. (to Ross) Help me!,73.0,10.0
Ross,12.0,Phoebe's Wedding,FOOTBALL!,74.0,10.0
Chandler,12.0,Phoebe's Wedding,Thank you.,75.0,10.0
Monica,12.0,Phoebe's Wedding,"(looking at Phoebe eating something) Pheebs, spit that out, that has pork in it.",76.0,10.0
Phoebe,12.0,Phoebe's Wedding,Oh! I though the pot stickers were supposed to be vegetarian!,77.0,10.0
Monica,12.0,Phoebe's Wedding,"Yeah, I changed them. I-I sent you a fax about it!",78.0,10.0
Phoebe,12.0,Phoebe's Wedding,I don't have a fax machine.,79.0,10.0
Monica,12.0,Phoebe's Wedding,"Ah, well then there are gonna be a few surprises!",80.0,10.0
Ross,12.0,Phoebe's Wedding,I can't believe we're gonna be the only people that aren't in this wedding.,81.0,10.0
Chandler,12.0,Phoebe's Wedding,"I know, I hate being left out of things.",82.0,10.0
Ross,12.0,Phoebe's Wedding,And it's a wedding! It'd be weird if I'm not in it...,83.0,10.0
Mike,12.0,Phoebe's Wedding,"Hey guys, how is it going?",84.0,10.0
Chandler,12.0,Phoebe's Wedding,Fine. We're just sitting here. Alone. Doing nothing. It's our rehearsal for tomorrow.,85.0,10.0
Mike,12.0,Phoebe's Wedding,"Yeah look, about tomorrow, I... I've got a question for ya. I just found out that one of my groomsmen had had an emergency and can't make it.",86.0,10.0
Chandler,12.0,Phoebe's Wedding,What happened?,87.0,10.0
Ross,12.0,Phoebe's Wedding,"Who cares, AND?",88.0,10.0
Mike,12.0,Phoebe's Wedding,"...and I was wondering if... you know, maybe one of you guys... (Ross stands up)",89.0,10.0
Ross,12.0,Phoebe's Wedding,I'll do it!,90.0,10.0
Chandler,12.0,Phoebe's Wedding,(standing up too) M-Me-me-me!,91.0,10.0
Mike,12.0,Phoebe's Wedding,You both wanna do it? Uhm... there's only room for one.,92.0,10.0
Chandler,12.0,Phoebe's Wedding,"Pick me, I look great in a tux and I will not steal focus.",93.0,10.0
Ross,12.0,Phoebe's Wedding,"No, Mike, no, no. You wanna pick me, I mean... watch! (he mimics the groommens way of walking down the aisle with a bridesmaid) Huh?",94.0,10.0
Mike,12.0,Phoebe's Wedding,"You know, I really don't feel very comfortable making this decision. You know, Phoebe knows you better, I'm gonna let her choose. (he leaves)",95.0,10.0
Ross,12.0,Phoebe's Wedding,"(to Chandler) Well, if Phoebe's choosing, then say hello to Mike's next groomsman.",96.0,10.0
Chandler,12.0,Phoebe's Wedding,"Oh, I will. But I will need a mirror... as he is me!",97.0,10.0
Ross,12.0,Phoebe's Wedding,"Please, you're going down!",98.0,10.0
Chandler,12.0,Phoebe's Wedding,You are going downer!,99.0,10.0
Ross,12.0,Phoebe's Wedding,Is that what they say on the Figure Skating Team?,100.0,10.0
Chandler,12.0,Phoebe's Wedding,"(almost crying) I wouldn't know, I didn't make it! (they hug)",101.0,10.0
Joey,12.0,Phoebe's Wedding,"So, you know I'm filling in for Phoebe's step dad, tomorrow, right?",102.0,10.0
Mike,12.0,Phoebe's Wedding,"Yeah, yeah. Hey, thanks for doing that.",103.0,10.0
Joey,12.0,Phoebe's Wedding,"Oh, hey, my pleasure. (he suddenly becomes very serious) So what are your intentions with my Phoebe?",104.0,10.0
Mike,12.0,Phoebe's Wedding,I intend to marry her.,105.0,10.0
Joey,12.0,Phoebe's Wedding,"Oh, a wiseacre. (Mike looks bewildered). No, no, no, I understand you plan to support your wife by playing the piano? Isn't that kind of unstable?",106.0,10.0
Mike,12.0,Phoebe's Wedding,No more so than acting.,107.0,10.0
Joey,12.0,Phoebe's Wedding,Strike two!,108.0,10.0
Mike,12.0,Phoebe's Wedding,"You're right. She probably will support me. Hey, unless we move in with you, dad?",109.0,10.0
Joey,12.0,Phoebe's Wedding,"Strike three! You only get one more, Mike!",110.0,10.0
Ross,12.0,Phoebe's Wedding,"So, what did you decide?",111.0,10.0
Phoebe,12.0,Phoebe's Wedding,I decided to pee.,112.0,10.0
Chandler,12.0,Phoebe's Wedding,Mike didn't tell you? You have to chose one of us to be in your wedding. One of his groomsmen fell out.,113.0,10.0
Phoebe,12.0,Phoebe's Wedding,"Oh no, no. I can't choose between you two! I love you both so much!",114.0,10.0
Chandler,12.0,Phoebe's Wedding,Just not enough to put us in the original wedding party.,115.0,10.0
Phoebe,12.0,Phoebe's Wedding,"Oh, I don't wanna choose! It's (Rachel is walking by). Oh okay, wait. Rach! Listen I have a very special bridesmaid task for you today.",116.0,10.0
Rachel,12.0,Phoebe's Wedding,"(excited and clapping her hands in front of her face) Goody, what is it!",117.0,10.0
Phoebe,12.0,Phoebe's Wedding,"Well, there's a spot open for only one groomsman and you have to choose between Ross and Chandler. So good luck with that.",118.0,10.0
Rachel,12.0,Phoebe's Wedding,"What, what, what, no, I don't wanna do that.",119.0,10.0
Phoebe,12.0,Phoebe's Wedding,"All right, I guess I'll have to find a new bridesmaid.",120.0,10.0
Ross,12.0,Phoebe's Wedding,I'll do it! (Monica approaches),121.0,10.0
Monica,12.0,Phoebe's Wedding,"Ok, it's 2100 hours. (to Phoebe) Time for your toast. (Mike appears)",122.0,10.0
Mike,12.0,Phoebe's Wedding,Do I have a minute to go to the bathroom?,123.0,10.0
Monica,12.0,Phoebe's Wedding,"You had a bathroom break at 2030. Pee on your own time, Mike! (to Phoebe and Mike). Now, in regard to the toast, okay, you wanna keep them short, nothing kills a rehearsal dinner like long speeches. Okay. You just get in, do your thing and get out!",124.0,10.0
Mike,12.0,Phoebe's Wedding,Is that what you say to Chandler?,125.0,10.0
Monica,12.0,Phoebe's Wedding,"(very serious) It's 2101 and I am not amused. (pause). Ok, the bride and groom have a few words they'd like to say. (Everyone sits and Phoebe gets up)",126.0,10.0
Phoebe,12.0,Phoebe's Wedding,"Ok. Hello everyone and thank you all for being here tonight. So tomorrow's the big event and some of you might not know, but Mike and I didn't get off to the best start. (she reads a note). My friend Joey and I decided to fix each other up with friends so I, I... (Monica is twirling her hands in order to make Phoebe speed up her speech) oh I... hum... I gave it a lot of thought and I fixed him up with my friend Mary Ellen who couldn't be here tonight because... (Monica is tapping her watch with her finger) it's not important... she is in rehab. Anyway, so, ok, Joey said that he was fixing me up with his friend Mike, only he didn't have a friend Mike so he just brought, uhm, my Mike and, and (Monica clears her throat) but despite, you know... it got... it got good. Ok, I wanna take a moment to mention my mother, who couldn't be here...",127.0,10.0
Monica,12.0,Phoebe's Wedding,oh God.,128.0,10.0
Phoebe,12.0,Phoebe's Wedding,"And... moment's over! (Rachel, Joey and Chandler all turn and look disapprovingly towards Monica but she just shrugs it off) So, ok, uh, I can forget that. I can forget that and uhm... (she's flipping cards skipping half of them) Oh this is funny! Oh, but you need to know that to... that, to... Oh, ok, well, uhm, I (Monica is miming CUT). Ok, ok, I, ok, I.... MONICA I CAN'T DO IT LIKE THIS! THIS IS MY WEDDING! OKAY, I DON'T WANT THIS (she mimes Monica's when she was twirling her hands) OR THIS (she taps her watch) OR THIS (she mimes CUT) OK? I JUST WANTED A SIMPLE WEDDING! WHERE MY FIANCEE CAN GO TO THE BATHROOM ANYTIME HE WANTS! (pause) You know what? You're done.",129.0,10.0
Monica,12.0,Phoebe's Wedding,What?,130.0,10.0
Phoebe,12.0,Phoebe's Wedding,"YOU'RE FIRED! (mimes the CUT again) (pause and she raises her glass) Cheers! (Chandler raises his, smiling and Monica stares at him and he puts down his glass.)",131.0,10.0
Phoebe,12.0,Phoebe's Wedding,Hey!,132.0,10.0
Rachel,12.0,Phoebe's Wedding,Happy wedding day!,133.0,10.0
Phoebe,12.0,Phoebe's Wedding,"Oh, happy my wedding day to you!",134.0,10.0
Rachel,12.0,Phoebe's Wedding,"Ok-dokey, Joey, listen. This is gonna be bridesmaid central, all right? We're gonna have hair and make-up going on in the bathroom and oh, I had to move a couple of things in the fridge to make room for the corsages.",135.0,10.0
Joey,12.0,Phoebe's Wedding,"Oh, man! I wouldn't have had breakfast if I knew there was going to be corsages!",136.0,10.0
Monica,12.0,Phoebe's Wedding,"Hi. About last night... I know you are under a lot of stress and even though the things you said hurt me a little bit... My point is, uh, well, I'm willing to take my job back.",137.0,10.0
Phoebe,12.0,Phoebe's Wedding,"Oh, well that's ok. I think you and I will do much better if you're just... here as a bridesmaid.",138.0,10.0
Monica,12.0,Phoebe's Wedding,"Oh, is that so? Ok. If that's really what you want, then here... I give you the headset. Well, I don't really want to give you the headset. Well I guess if you're taking over, you should probably return these messages. (hands her a stack of papers with messages and calls to return)",139.0,10.0
Phoebe,12.0,Phoebe's Wedding,"Wow, this is a lot!",140.0,10.0
Monica,12.0,Phoebe's Wedding,"Uh-huh, but I'm sure you can handle this. I mean, I have won awards for my organizational skills, but, uh, I'm sure you'll do fine.",141.0,10.0
Phoebe,12.0,Phoebe's Wedding,You won awards?,142.0,10.0
Monica,12.0,Phoebe's Wedding,Mm-mh. I printed them out on my computer.,143.0,10.0
Ross,12.0,Phoebe's Wedding,Hey!,144.0,10.0
Monica,12.0,Phoebe's Wedding,Hi.,145.0,10.0
Ross,12.0,Phoebe's Wedding,Where's Rach?,146.0,10.0
Monica,12.0,Phoebe's Wedding,"She's in her room, why?",147.0,10.0
Ross,12.0,Phoebe's Wedding,"I have to talk to her about this groomsman situation, ok? I'm not gonna watch Chandler up there while I'm sitting in the seats like some chump! (he goes to Rachel's room, knocks the door and enters the room). (very fake gasp) Oh! My God! You're breathtaking!",148.0,10.0
Rachel,12.0,Phoebe's Wedding,What d'you want?,149.0,10.0
Ross,12.0,Phoebe's Wedding,"You haven't by any chance chosen a groomsman yet, have you?",150.0,10.0
Rachel,12.0,Phoebe's Wedding,"Oh, Ross, c'mon, please! Don't make this harder than it already is!",151.0,10.0
Ross,12.0,Phoebe's Wedding,I'm not! I'm making it easier! Pick me!,152.0,10.0
Rachel,12.0,Phoebe's Wedding,"Well, Chandler said that it's really important to him too!",153.0,10.0
Ross,12.0,Phoebe's Wedding,"Listen, listen. Whoever you pick is gonna walk down the aisle with you! Now, I promise I won't say a word, but if you pick Chandler he's gonna be whispering stupid jokes in your ear the whole time!",154.0,10.0
Rachel,12.0,Phoebe's Wedding,"Oh, you are the lesser of two evils!",155.0,10.0
Ross,12.0,Phoebe's Wedding,"(waving his fist in the air in triumph) YES, YES!",156.0,10.0
Phoebe,12.0,Phoebe's Wedding,Sven I don't understand what you're saying! What is wrong with the flowers? Lorkins? What the hell are lorkins?,157.0,10.0
Monica,12.0,Phoebe's Wedding,I know.,158.0,10.0
Mike,12.0,Phoebe's Wedding,Hey.,159.0,10.0
Phoebe,12.0,Phoebe's Wedding,"Listen, Mike, if you were Swedish and you were saying the word ""lorkins"" what flowers would that be?",160.0,10.0
Mike,12.0,Phoebe's Wedding,(thinks a moment) Orchids?,161.0,10.0
Phoebe,12.0,Phoebe's Wedding,Right there! That's why I'm marrying you!,162.0,10.0
Joey,12.0,Phoebe's Wedding,(to Mike) Hello Michael.,163.0,10.0
Mike,12.0,Phoebe's Wedding,Joseph.,164.0,10.0
Joey,12.0,Phoebe's Wedding,"May I have a word with you, please?",165.0,10.0
Mike,12.0,Phoebe's Wedding,(looking around the room) This is... great...,166.0,10.0
Joey,12.0,Phoebe's Wedding,"Have a seat. (Mike sits on his bed, and Joey towers over him. He starts talking in an Italian godfather-type voice) Last night, I tried to welcome you into my family... and instead, you disrespect me... (shakes his head) I cannot allow this.",167.0,10.0
Mike,12.0,Phoebe's Wedding,(not amused) Are you rehearsing for some really bad mafia movie?,168.0,10.0
Joey,12.0,Phoebe's Wedding,"More back talk. And yes, I may be borrowing a few lines from my recent unsuccessful audition for ""Family Honor 2: Thissa Time Itsa Personal.""",169.0,10.0
Mike,12.0,Phoebe's Wedding,"Joey, I kinda have a lot to do today, what do you want?",170.0,10.0
Joey,12.0,Phoebe's Wedding,"I want you to take this seriously! Phoebe is very very important to me, ok? And I wanna make sure that you are gonna take care of her.",171.0,10.0
Mike,12.0,Phoebe's Wedding,"(gets up) Joe, I love Phoebe. She's the single most important thing in my life. I'd die before I let anything happen to her.",172.0,10.0
Joey,12.0,Phoebe's Wedding,"(very satisfied and smiling) That's what I wanted to hear! Because she's family, ok, and now you're gonna be family, and there is nothing more important in the whole world, than family.",173.0,10.0
Mike,12.0,Phoebe's Wedding,That must have been one lousy movie.,174.0,10.0
Joey,12.0,Phoebe's Wedding,(almost crying) That was ME!,175.0,10.0
Rachel,12.0,Phoebe's Wedding,Hi,176.0,10.0
Chandler,12.0,Phoebe's Wedding,"Hey, can I talk to you about this groomsman thing? If you pick Ross, he'll walk you down the isle just fine. But if you choose me, you'll be getting some comedy!",177.0,10.0
Rachel,12.0,Phoebe's Wedding,"Even so, I think I'm gonna pick Ross.",178.0,10.0
Chandler,12.0,Phoebe's Wedding,"Let me tell you why you need to pick me. (Goes to sit on the couch facing backwards to the kitchen. Rachel gets a chair and sits opposite him) See, when I was a kid, I was always left out of everything, you know, and it really made me feel... insecure. You know, I was always picked last in gym. Even behind that big fat exchange student who didn't even know the rules to baseball. I mean, this guy would strike out and then run to third. Anyway, If I'm the only one left out of this wedding, I just know that all those feelings are gonna come rushing back.",179.0,10.0
Rachel,12.0,Phoebe's Wedding,"All right fine, I pick you.",180.0,10.0
Chandler,12.0,Phoebe's Wedding,"(Getting up and raising his fist in victory) Y-Y-YEEESSS! Make ""groom"" for Chandler.",181.0,10.0
Rachel,12.0,Phoebe's Wedding,(not amused by his pun but forcing a smile anyway) Oh my...,182.0,10.0
Phoebe,12.0,Phoebe's Wedding,"No! We're gonna do it my way. (listens) Because your way is stupid! Alright I gotta go, I have another call, Reverend. (switches calls) Hello?",183.0,10.0
Joey,12.0,Phoebe's Wedding,I'm glad we had this little talk.,184.0,10.0
Mike,12.0,Phoebe's Wedding,"Yes. Yeah and thanks for all the wedding night advice. (walks away) That didn't make me uncomfortable at all! Alright, so I'll see everybody tonight?",185.0,10.0
Phoebe,12.0,Phoebe's Wedding,Okay.,186.0,10.0
Monica,12.0,Phoebe's Wedding,Bye.,187.0,10.0
Mike,12.0,Phoebe's Wedding,"Uhm, did you guys know that there is a giant ice sculpture in the hall?",188.0,10.0
Phoebe,12.0,Phoebe's Wedding,"Oh my God, what's it doing here?",189.0,10.0
Monica,12.0,Phoebe's Wedding,"(Obviously enjoying this setback) Ugh, I guess it got sent to the billing address as opposed to the shipping address. (by now she can barely keep herself from smiling) Uh! What a pickle.",190.0,10.0
Phoebe,12.0,Phoebe's Wedding,"(starting to panic) Oh my God, everything is such a mess. Why is this happening to me?",191.0,10.0
Joey,12.0,Phoebe's Wedding,(staring at the ice sculpture) How bad do you want to stick your tongue on that? (They all glare at him),192.0,10.0
Chandler,12.0,Phoebe's Wedding,How's it going?,193.0,10.0
Ross,12.0,Phoebe's Wedding,(smiling to himself) Good. I'm just getting some coffee. So I'm alert for the wedding.,194.0,10.0
Chandler,12.0,Phoebe's Wedding,(smiling to himself too) That's what I was doing too.,195.0,10.0
Ross,12.0,Phoebe's Wedding,"(barely containing himself at this point) Well, you have fun tonight.",196.0,10.0
Chandler,12.0,Phoebe's Wedding,You too.,197.0,10.0
Ross,12.0,Phoebe's Wedding,"Oh, I will.",198.0,10.0
Chandler,12.0,Phoebe's Wedding,Me too.,199.0,10.0
Ross,12.0,Phoebe's Wedding,"Wait a minute, I know why I'm being such an ass, why are you?",200.0,10.0
Chandler,12.0,Phoebe's Wedding,I'm not supposed to tell you.,201.0,10.0
Ross,12.0,Phoebe's Wedding,I'm not supposed to tell you!,202.0,10.0
Chandler,12.0,Phoebe's Wedding,You told us both we could be in the wedding? (they both stare at Rachel),203.0,10.0
Rachel,12.0,Phoebe's Wedding,"Well, in my defense, you were not supposed to tell each other.",204.0,10.0
Ross,12.0,Phoebe's Wedding,"Rachel, only one of us can do it, you have to choose. You and me together again. (he winks at her and Rachel looks disgusted)",205.0,10.0
Chandler,12.0,Phoebe's Wedding,"Rach, Rach, knock knock.",206.0,10.0
Rachel,12.0,Phoebe's Wedding,Who's there?,207.0,10.0
Chandler,12.0,Phoebe's Wedding,I'll tell you at the wedding.,208.0,10.0
Rachel,12.0,Phoebe's Wedding,Uh.,209.0,10.0
Mike,12.0,Phoebe's Wedding,"Hey, I forgot my scarf.",210.0,10.0
Rachel,12.0,Phoebe's Wedding,"You know what, I can't do this. I don't know which one of you guys to pick.",211.0,10.0
Mike,12.0,Phoebe's Wedding,"Oh, you haven't picked yet. Oh good, 'cause I had an idea. I thought it would be fun if the third groomsman was my family dog. Chappy.",212.0,10.0
Ross,12.0,Phoebe's Wedding,What? A dog? No! Rachel gets to choose.,213.0,10.0
Rachel,12.0,Phoebe's Wedding,"(sarcastic) Wow, this is a tough one. I think I'm gonna have to go with the dog.",214.0,10.0
Phoebe,12.0,Phoebe's Wedding,"Alright, wait, so what you're saying is that the chef is at the Hamilton Club, but the food is not and the drinks are there, but the bartender is not? Are you, are you FREAKING KIDDING ME!?",215.0,10.0
Monica,12.0,Phoebe's Wedding,(enjoying what she's seeing) How's it going?,216.0,10.0
Phoebe,12.0,Phoebe's Wedding,(to Monica) Help me.,217.0,10.0
Monica,12.0,Phoebe's Wedding,What?,218.0,10.0
Phoebe,12.0,Phoebe's Wedding,I want you to be Crazy Bitch again.,219.0,10.0
Monica,12.0,Phoebe's Wedding,(Sounds moved) Really?,220.0,10.0
Phoebe,12.0,Phoebe's Wedding,(Nearly in tears) Please?,221.0,10.0
Monica,12.0,Phoebe's Wedding,You really want me to come back?,222.0,10.0
Phoebe,12.0,Phoebe's Wedding,More than I wanna get married.,223.0,10.0
Monica,12.0,Phoebe's Wedding,"Ok people, we are back in business! (Gets her headset out of her purse) Oh God, we've missed you soo much! (takes all the notes from Phoebe) Ok, go and get your hair and make-up done, and I'll take care of everything.",224.0,10.0
Joey,12.0,Phoebe's Wedding,"Hey, what are you guys gonna do?",225.0,10.0
Phoebe,12.0,Phoebe's Wedding,(sounds scared already) About what?,226.0,10.0
Joey,12.0,Phoebe's Wedding,"The blizzard. I just saw on the news, it's like the worst snow storm in 20 years! They already closed all the bridges and tunnels. (Opens the curtains to reveal a snow storm outside)",227.0,10.0
Monica,12.0,Phoebe's Wedding,Ooh! But the band and the photographer are coming all the way in from New Jersey!,228.0,10.0
Joey,12.0,Phoebe's Wedding,I don't think they are.,229.0,10.0
Ross,12.0,Phoebe's Wedding,(to Rachel) Haha! Looks like you're not going to be in the wedding either. (Looks at Phoebe) So sorry Pheebs.,230.0,10.0
Monica,12.0,Phoebe's Wedding,"(Putting down her phone) Well, the club lost it's power.",231.0,10.0
Joey,12.0,Phoebe's Wedding,"Yeah according to the news, most of the city did.",232.0,10.0
Rachel,12.0,Phoebe's Wedding,Since when do you watch the news?,233.0,10.0
Joey,12.0,Phoebe's Wedding,"Uh, for your information, since they hired a very hot weather girl.",234.0,10.0
Ross,12.0,Phoebe's Wedding,(To Phoebe and Mike) I can't believe you guys aren't going to be able to get married today.,235.0,10.0
Phoebe,12.0,Phoebe's Wedding,I know.,236.0,10.0
Rachel,12.0,Phoebe's Wedding,"Wow, you know, it's so beautiful out there. You always wanted to get married outside. Why don't you guys just do it on the street?",237.0,10.0
Phoebe,12.0,Phoebe's Wedding,What?,238.0,10.0
Rachel,12.0,Phoebe's Wedding,"Well, look, it's hardly snowing anymore. I mean you couldn't ask for a more romantic setting. This could be the simple wedding you've always wanted!",239.0,10.0
Phoebe,12.0,Phoebe's Wedding,(Turning to Mike) What do you think?,240.0,10.0
Mike,12.0,Phoebe's Wedding,I think I wanna get married to you today.,241.0,10.0
Phoebe,12.0,Phoebe's Wedding,"Me too! (turning to Monica) Monica, do you think we could do it?",242.0,10.0
Monica,12.0,Phoebe's Wedding,(thinking) AFFIRMATIVE!,243.0,10.0
Monica,12.0,Phoebe's Wedding,"(walking around with her headset still on) OK LET'S GET THESE CHAIRS OUT HERE! Gunther, hit the Christmas lights. (He does so and the lights above the chairs light up. Monica looks satisfied) Okay, who left the ice sculpture (picks up a piece of ice from the ground) ON THE STEAM GRATE? (nobody answers)",244.0,10.0
Mike's mom,12.0,Phoebe's Wedding,Michael!,245.0,10.0
Mike,12.0,Phoebe's Wedding,"Hey! You made it. Great! Chappy! Hi! (kisses his dad) Hi! (kisses his mom) Mom, I know getting married in the street isn't something you approve of...",246.0,10.0
Mike's mom,12.0,Phoebe's Wedding,No... It's lovely. The lights and the snow. I could look at them forever.,247.0,10.0
Mike's dad,12.0,Phoebe's Wedding,"(leans in towards Mike) I crushed a pill and put it in her drink... (to his wife) Come on, sweetheart.",248.0,10.0
Mike,12.0,Phoebe's Wedding,"(to Chandler and Ross) You know, Chappy's too small to handle all this snow. Someone's gonna have to walk him down the aisle.",249.0,10.0
Chandler,12.0,Phoebe's Wedding,"So technically, would this person be in the wedding?",250.0,10.0
Mike,12.0,Phoebe's Wedding,I guess.,251.0,10.0
Chandler and Ross,12.0,Phoebe's Wedding,I'll do it!,252.0,10.0
Ross,12.0,Phoebe's Wedding,"No, but Chandler, hello... Aren't you scared of dogs?",253.0,10.0
Chandler,12.0,Phoebe's Wedding,I'm not scared. (moves towards Mike and Chappy) I'll just take little Chappy and... (he backs out) HE CAN SENSE MY FEAR. MY THROAT IS EXPOSED.,254.0,10.0
Ross,12.0,Phoebe's Wedding,"(takes Chappy from Mike) Well, I guess I'm in the wedding then. Ha haaa... (smells Chappy) He stinks!",255.0,10.0
Monica,12.0,Phoebe's Wedding,"Level 1 alert. I repeat, level 1. This is not a drill. Okay we've got a situation. The minister just called. He's snowed in. He can't make it.",256.0,10.0
Mike,12.0,Phoebe's Wedding,"Oh, no!",257.0,10.0
Joey,12.0,Phoebe's Wedding,"Oh hey, don't worry. I'm still ordained from your wedding.",258.0,10.0
Monica,12.0,Phoebe's Wedding,Really?,259.0,10.0
Joey,12.0,Phoebe's Wedding,"Yeah, you'd think I'd give up being a minister and start paying to ride the subway? Huhuh...",260.0,10.0
Ross,12.0,Phoebe's Wedding,"Uhm, ministers don't ride the subway for free.",261.0,10.0
Joey,12.0,Phoebe's Wedding,"I had to read the Bible pretty carefully, but... yeah we do.",262.0,10.0
Monica,12.0,Phoebe's Wedding,"Okay, if Joey does the ceremony, then we have to find someone else to walk Phoebe down the isle.",263.0,10.0
Chandler,12.0,Phoebe's Wedding,(quickly) I'll do it.,264.0,10.0
Ross,12.0,Phoebe's Wedding,I'll...,265.0,10.0
Chandler,12.0,Phoebe's Wedding,"(to Ross) Na ha ha... (to Chappy) Ne he he... (Ross moves Chappy to Chandler, who quickly backs away) Ah ah...",266.0,10.0
Monica,12.0,Phoebe's Wedding,"Okay, Mike and Joey, get in position. Chandler, come with me. (they walk off, Ross looks down to Chappy, who he's holding and he gets a whiff of the dog's smell. He is clearly disgusted by it.)",267.0,10.0
Monica,12.0,Phoebe's Wedding,"Okay, Joey's doing the ceremony and Chandler's giving you away.",268.0,10.0
Phoebe,12.0,Phoebe's Wedding,"Oh, okay. Hi new dad. (Chandler waves)",269.0,10.0
Monica,12.0,Phoebe's Wedding,"So, you're ready to do this?",270.0,10.0
Phoebe,12.0,Phoebe's Wedding,"Uhuh, uhuh... Oh my God! This is really happening.",271.0,10.0
Rachel,12.0,Phoebe's Wedding,"Oh Phoebe, I'm so happy for you honey. (she gives her a kiss)",272.0,10.0
Phoebe,12.0,Phoebe's Wedding,"Oh, thank you.",273.0,10.0
Monica,12.0,Phoebe's Wedding,"I love you. (Phoebe leans in to kiss her.) Oh, wait, wait, wait! No hugs. The dresses... Oh what the hell. (the girls hug)",274.0,10.0
Phoebe,12.0,Phoebe's Wedding,I love you guys.,275.0,10.0
Rachel and Monica,12.0,Phoebe's Wedding,I love you.,276.0,10.0
Monica,12.0,Phoebe's Wedding,Okay. (in her microphone) It's zero hour. All teams execute on my count. (to all) Let's get this bad boy on the road.,277.0,10.0
Chandler,12.0,Phoebe's Wedding,(to Monica) Is it okay that I want you to wear that head set in bed tonight?,278.0,10.0
Monica,12.0,Phoebe's Wedding,(checking her clipboard) I have you scheduled for nudity at 2300 hours.,279.0,10.0
Chandler,12.0,Phoebe's Wedding,Oh yeah! (Monica walks outside),280.0,10.0
Monica,12.0,Phoebe's Wedding,"Okay Marjorie, hit it.",281.0,10.0
Rachel,12.0,Phoebe's Wedding,"Geez Ross, you could have showered.",282.0,10.0
Ross,12.0,Phoebe's Wedding,It's the dog.,283.0,10.0
Monica,12.0,Phoebe's Wedding,"Groomsman, groomsman, why are you just standing there, where is your bridesmaid? (into microphone) We've got a broken arrow. Bridesmaid down! (realizes) Oh, that's me.",284.0,10.0
Chandler,12.0,Phoebe's Wedding,Ready?,285.0,10.0
Phoebe,12.0,Phoebe's Wedding,(nervously) Okay.,286.0,10.0
Chandler,12.0,Phoebe's Wedding,Okay.,287.0,10.0
Phoebe,12.0,Phoebe's Wedding,"Oh wait, oh no. Wait.",288.0,10.0
Chandler,12.0,Phoebe's Wedding,Wow! Aren't you gonna be cold?,289.0,10.0
Phoebe,12.0,Phoebe's Wedding,I don't care... I'll be my something blue.,290.0,10.0
Chandler,12.0,Phoebe's Wedding,You look beautiful.,291.0,10.0
Phoebe,12.0,Phoebe's Wedding,Thank you.,292.0,10.0
Mike,12.0,Phoebe's Wedding,My God! Aren't you freezing?,293.0,10.0
Phoebe,12.0,Phoebe's Wedding,Na-ah.,294.0,10.0
Joey,12.0,Phoebe's Wedding,"Friends, family, dog... Thank you all for being here to witness this blessed event. The cold has now spread to my special place... so I'm gonna do the short version of this. Phoebe and Mike are perfect for each other. And I know I speak for every one here... when I wish them a lifetime of happiness. Who has the rings?",295.0,10.0
Joey,12.0,Phoebe's Wedding,(whispering to Phoebe) Okay...,296.0,10.0
Phoebe,12.0,Phoebe's Wedding,"When I was growing up, I didn't have a normal mom and dad, or a regular family like everybody else, and I always knew that something was missing. But now I'm standing here today, knowing that I have everything I'm ever gonna need... You are my family. (She puts the ring on Mikes finger)",297.0,10.0
Mike,12.0,Phoebe's Wedding,"Phoebe you're so beautiful. You're so kind, you're so generous. You're so wonderfully weird. Every day with you is an adventure, and I can't believe how lucky I am, and I can't wait to share my life with you forever. (He puts the ring on Phoebe's finger.)",298.0,10.0
Phoebe,12.0,Phoebe's Wedding,"Oh wait, oh I forgot... and uhm... I love you... and you have nice eyes.",299.0,10.0
Mike,12.0,Phoebe's Wedding,I love you too.,300.0,10.0
Ross,12.0,Phoebe's Wedding,Uh Joey...,301.0,10.0
Joey,12.0,Phoebe's Wedding,Yeah?,302.0,10.0
Ross,12.0,Phoebe's Wedding,Chappy's heart rate has slowed way down.,303.0,10.0
Joey,12.0,Phoebe's Wedding,"Oh, okay. Phoebe, do you take this man to be your husband?",304.0,10.0
Phoebe,12.0,Phoebe's Wedding,I do.,305.0,10.0
Joey,12.0,Phoebe's Wedding,"Mike, do you take this woman to be your wife?",306.0,10.0
Mike,12.0,Phoebe's Wedding,I do.,307.0,10.0
Joey,12.0,Phoebe's Wedding,I now pronounce you... husband and wife.,308.0,10.0
Phoebe,12.0,Phoebe's Wedding,"I got married! (everyone applauds) Could someone get me a coat, I'm freaking freezing.",309.0,10.0
Chandler,12.0,Phoebe's Wedding,That really was an incredible wedding.,311.0,10.0
Joey,12.0,Phoebe's Wedding,"It was, yeah. I kind of don't want it to end. Hey, you wanna come in for a drink and a bite of corsage?",312.0,10.0
Chandler,12.0,Phoebe's Wedding,"I'd love to, but it's 2300 hours and I'm about to have the most organized sex anyone's ever had.",313.0,10.0
Joey,12.0,Phoebe's Wedding,"Nice. Oh hey, what about Ross?",314.0,10.0
Chandler,12.0,Phoebe's Wedding,I don't know. Maybe he hooked up with that hot girl he was talking to.,315.0,10.0
Ross,12.0,Phoebe's Wedding,"Come on Chappy, do your business. MAKE! MA-AKE! I did not sign on for this.",316.0,10.0
THE EN,12.0,Phoebe's Wedding,THE END,317.0,10.0
Jennifer Aniston (V.O.),17.0,"The Last One, Part I & II",Previously on Friends.,0.0,10.0
Monica,17.0,"The Last One, Part I & II","Erica, are you okay?",1.0,10.0
Erica,17.0,"The Last One, Part I & II","Yeah, you know, maybe I ate too much. I keep getting these stomach-aches. They come and go like every few minutes.",2.0,10.0
Monica,17.0,"The Last One, Part I & II",Oh my God!,3.0,10.0
Chandler,17.0,"The Last One, Part I & II",Relax! We'll just get her some antacids.,4.0,10.0
Monica,17.0,"The Last One, Part I & II",She doesn't have a stomach-ache. She's in labor!,5.0,10.0
Chandler,17.0,"The Last One, Part I & II",Oh my God!,6.0,10.0
Rachel,17.0,"The Last One, Part I & II","So if you think I didn't say goodbye to you because you don't mean as much to me as everybody else, you're wrong. It's because you mean more to me.",7.0,10.0
Ross,17.0,"The Last One, Part I & II",Rach!,8.0,10.0
Rachel,17.0,"The Last One, Part I & II",What?!,9.0,10.0
Ross,17.0,"The Last One, Part I & II",Hey.,10.0,10.0
Rachel,17.0,"The Last One, Part I & II",Shh.. Go back to sleep. I have to go home.,11.0,10.0
Ross,17.0,"The Last One, Part I & II",Oh. This was amazing.,12.0,10.0
Rachel,17.0,"The Last One, Part I & II",It really was. You've learned some new moves!,13.0,10.0
Ross,17.0,"The Last One, Part I & II","Yeah, well, this guy at work gave me ""Sex for Dummies"" as a joke.",14.0,10.0
Rachel,17.0,"The Last One, Part I & II",Ah.,15.0,10.0
Ross,17.0,"The Last One, Part I & II",Who's laughing now?,16.0,10.0
Rachel,17.0,"The Last One, Part I & II",I know!,17.0,10.0
Monica,17.0,"The Last One, Part I & II","Breathe, breathe, breathe... Good.",19.0,10.0
Chandler,17.0,"The Last One, Part I & II","Next time, can I say breathe?",20.0,10.0
Monica,17.0,"The Last One, Part I & II","No, last time you said it like Dracula, and it scared her! Can I get you anything? You want some more ice chips?",21.0,10.0
Erica,17.0,"The Last One, Part I & II","No, I'm okay.",22.0,10.0
Monica,17.0,"The Last One, Part I & II","Alright, I'll be right back.",23.0,10.0
Chandler,17.0,"The Last One, Part I & II",Where are you going?,24.0,10.0
Monica,17.0,"The Last One, Part I & II",To use the bathroom.,25.0,10.0
Chandler,17.0,"The Last One, Part I & II",You can't leave me alone with her.,26.0,10.0
Monica,17.0,"The Last One, Part I & II",What?,27.0,10.0
Chandler,17.0,"The Last One, Part I & II",This is exactly the kind of social situation that I am not comfortable with!,28.0,10.0
Monica,17.0,"The Last One, Part I & II",What kind of social situation are you comfortable with?,29.0,10.0
Chandler,17.0,"The Last One, Part I & II","It's just that we've never spent any time, you know, alone together.",30.0,10.0
Monica,17.0,"The Last One, Part I & II","You'll be fine. Nah, you won't, but I'll be back in two minutes.",31.0,10.0
Chandler,17.0,"The Last One, Part I & II",Okay.,32.0,10.0
Chandler,17.0,"The Last One, Part I & II","So, ah... Any plans for the summer?",33.0,10.0
Erica,17.0,"The Last One, Part I & II",I don't know. Maybe church-camp?,34.0,10.0
Chandler,17.0,"The Last One, Part I & II","Hah. May not wanna mention this. So, you ever wonder which is worse, you know; going through labor or getting kicked in the nuts?",35.0,10.0
Erica,17.0,"The Last One, Part I & II",What?,36.0,10.0
Chandler,17.0,"The Last One, Part I & II","Well, it's just interesting. You know, because no one will ever know, because no one can experience both.",37.0,10.0
Chandler,17.0,"The Last One, Part I & II","One of life's great, unanswerable questions. I mean, who knows? Maybe there's something even more painful than those things? Like this.",38.0,10.0
Phoebe,17.0,"The Last One, Part I & II",Morning.,39.0,10.0
Joey,17.0,"The Last One, Part I & II",Hey!,40.0,10.0
Phoebe,17.0,"The Last One, Part I & II",What's that?,41.0,10.0
Joey,17.0,"The Last One, Part I & II",It's my house-warming present for Monica and Chandler.,42.0,10.0
Phoebe,17.0,"The Last One, Part I & II",It's a baby chick and duck!,43.0,10.0
Joey,17.0,"The Last One, Part I & II",Uh-huh. And I named them Chick Jr. and Duck Jr.,44.0,10.0
Phoebe,17.0,"The Last One, Part I & II",I did not see that coming.,45.0,10.0
Joey,17.0,"The Last One, Part I & II","Yeah, I figure they'll love it at the new house, you know? It has that big backyard. And then, when they get old, they can go to that special farm that Chandler took the other chick and duck to.",46.0,10.0
Phoebe,17.0,"The Last One, Part I & II",Yes.,47.0,10.0
Joey,17.0,"The Last One, Part I & II",Yeah. It's a shame people can't visit there.,48.0,10.0
Phoebe,17.0,"The Last One, Part I & II","That is the rule, though.",49.0,10.0
Phoebe,17.0,"The Last One, Part I & II",Guess what? You're almost an uncle!,50.0,10.0
Ross,17.0,"The Last One, Part I & II",What?,51.0,10.0
Joey,17.0,"The Last One, Part I & II","Yeah, Erica went into labor last night. Monica and Chandler are at the hospital right now!",52.0,10.0
Ross,17.0,"The Last One, Part I & II",Oh my God!,53.0,10.0
Phoebe,17.0,"The Last One, Part I & II","Yeah, and I have a definite feeling it's gonna be a girl.",54.0,10.0
Ross,17.0,"The Last One, Part I & II","Phoebe, you were sure Ben was gonna be a girl.",55.0,10.0
Phoebe,17.0,"The Last One, Part I & II",Have you seen him throw a ball?,56.0,10.0
Ross,17.0,"The Last One, Part I & II",Is Rachel here?,57.0,10.0
Joey,17.0,"The Last One, Part I & II","Uh, I think she's still asleep. Hey, hey, how did it go with you guys last night? She seemed pretty pissed at you.",58.0,10.0
Ross,17.0,"The Last One, Part I & II","Uh, we, y'know, we worked things out.",59.0,10.0
Phoebe,17.0,"The Last One, Part I & II",What's that smile? Did something happen with you two?,60.0,10.0
Ross,17.0,"The Last One, Part I & II","Hey, I'm not one to kiss and tell, but I'm also not one to have sex and shut up. We totally did it!",61.0,10.0
Joey,17.0,"The Last One, Part I & II",Oh my God. You and Rachel?,62.0,10.0
Ross,17.0,"The Last One, Part I & II","I know, it's pretty great.",63.0,10.0
Joey,17.0,"The Last One, Part I & II",So what does that mean? Are you guys getting back together?,64.0,10.0
Ross,17.0,"The Last One, Part I & II","Oh, I.. I don't know. We didn't really get to talk.",65.0,10.0
Phoebe,17.0,"The Last One, Part I & II",But do you wanna get back together?,66.0,10.0
Ross,17.0,"The Last One, Part I & II","I don't know. It was incredible. I mean, it just felt so right. When I was holding her, I mean, I never wanted to let her go. You know what? Yeah, I do. I wanna be together.",67.0,10.0
Phoebe,17.0,"The Last One, Part I & II",(screaming) YAY!,68.0,10.0
Ross,17.0,"The Last One, Part I & II",Shhh!,69.0,10.0
Phoebe,17.0,"The Last One, Part I & II",(quietly) Yay!,70.0,10.0
Joey,17.0,"The Last One, Part I & II","So, so is she still going to Paris?",71.0,10.0
Ross,17.0,"The Last One, Part I & II","Wow, I hadn't thought of that. I hope not.",72.0,10.0
Phoebe,17.0,"The Last One, Part I & II","Oh, this is like the best day ever. Ever! You guys might get back together, Monica and Chandler are getting their baby, there are chicks and ducks in the world again! Oh, I feel like I'm in a musical! (Singing) ""Daa - raa... When the sun comes up, bright and beaming! And the moon comes...""",73.0,10.0
Rachel,17.0,"The Last One, Part I & II",Morning!,74.0,10.0
Phoebe,17.0,"The Last One, Part I & II",Guess we'll never know how it ends.,75.0,10.0
Joey,17.0,"The Last One, Part I & II",Okay.,76.0,10.0
Ross,17.0,"The Last One, Part I & II",Hey.,77.0,10.0
Rachel,17.0,"The Last One, Part I & II",Hey.,78.0,10.0
Ross,17.0,"The Last One, Part I & II",Hey. How did you sleep?,79.0,10.0
Rachel,17.0,"The Last One, Part I & II",Good. You?,80.0,10.0
Ross,17.0,"The Last One, Part I & II",Good.,81.0,10.0
Joey,17.0,"The Last One, Part I & II",I bet you did!,82.0,10.0
Ross,17.0,"The Last One, Part I & II",Uh. Would you guys mind giving us a minute?,83.0,10.0
Joey,17.0,"The Last One, Part I & II","Sure, yeah. Will you just keep an eye on the chick and the duck?",84.0,10.0
Rachel,17.0,"The Last One, Part I & II",Chick and the duck? Didn't they die...,85.0,10.0
Phoebe,17.0,"The Last One, Part I & II","(interrupting) Dive. Yeah, they dove head-first into fun on the farm.",86.0,10.0
Ross,17.0,"The Last One, Part I & II",So...,87.0,10.0
Ross,17.0,"The Last One, Part I & II",Morning.,88.0,10.0
Rachel,17.0,"The Last One, Part I & II",You too. Last night was just wonderful.,89.0,10.0
Ross,17.0,"The Last One, Part I & II",It really was.,90.0,10.0
Rachel,17.0,"The Last One, Part I & II",I woke up today with the biggest smile on my face.,91.0,10.0
Ross,17.0,"The Last One, Part I & II","I know, me too. It was... You know, it was like one of those things you think is never gonna happen, and then it does, and it's everything you want it to be.",92.0,10.0
Rachel,17.0,"The Last One, Part I & II","Uh-huh. I know. It was just, it was just the perfect way to say goodbye. (She hugs him, and Ross looks crushed.)",93.0,10.0
Monica,17.0,"The Last One, Part I & II","It's just a little bit more, honey.",94.0,10.0
Erica,17.0,"The Last One, Part I & II",Help me! This hurts!,95.0,10.0
Chandler,17.0,"The Last One, Part I & II",Is it really that bad?,96.0,10.0
Erica,17.0,"The Last One, Part I & II",Uh-huh! I think it's time to kick you in the nuts and see which is worse!,97.0,10.0
Doctor,17.0,"The Last One, Part I & II",The baby's head is crowning.,98.0,10.0
Monica,17.0,"The Last One, Part I & II","Oh! Oh my God! That is the most beautiful top of a head I have ever seen! Chandler, you have to see this!",99.0,10.0
Chandler,17.0,"The Last One, Part I & II",I'm okay.,100.0,10.0
Monica,17.0,"The Last One, Part I & II","Chandler, you don't wanna miss this. This is the birth of your child! It's the miracle of life!",101.0,10.0
Chandler,17.0,"The Last One, Part I & II","Alright. Wow, that is one disgusting miracle.",102.0,10.0
Doctor,17.0,"The Last One, Part I & II",Start pushing. Here we go. Here come the shoulders...,103.0,10.0
Monica,17.0,"The Last One, Part I & II",It's a... It's a boy!,104.0,10.0
Chandler,17.0,"The Last One, Part I & II",Wow!,105.0,10.0
Erica,17.0,"The Last One, Part I & II",Is he okay?,106.0,10.0
Doctor,17.0,"The Last One, Part I & II",He's just fine.,107.0,10.0
Monica,17.0,"The Last One, Part I & II","Oh, you did it!",108.0,10.0
Chandler,17.0,"The Last One, Part I & II",(emotional) It's a baby! A beautiful little baby! And some other stuff I'm gonna pretend I don't see.,109.0,10.0
Doctor,17.0,"The Last One, Part I & II",Would you like to cut the umbilical cord?,110.0,10.0
Chandler,17.0,"The Last One, Part I & II","Well, that's spongy.",111.0,10.0
Monica,17.0,"The Last One, Part I & II","(to her son) Oh, hey handsome! Oh, I'm gonna love you so much that no woman is ever gonna be good enough for you! (To Chandler, on the verge of tears) Oh, we are so lucky!",112.0,10.0
Chandler,17.0,"The Last One, Part I & II",I know. He has your eyes.,113.0,10.0
Chandler,17.0,"The Last One, Part I & II","I mean, I know that's not possible, but he does.",114.0,10.0
Nurse,17.0,"The Last One, Part I & II",We'll just get him cleaned up a bit.,115.0,10.0
Chandler,17.0,"The Last One, Part I & II",Okay.,116.0,10.0
Monica,17.0,"The Last One, Part I & II","(To Erica) Oh my God, he's beautiful. Thank you so much.",117.0,10.0
Erica,17.0,"The Last One, Part I & II",I'm really happy for you guys.,118.0,10.0
Chandler,17.0,"The Last One, Part I & II",How do you feel?,119.0,10.0
Erica,17.0,"The Last One, Part I & II",I'm tired!,120.0,10.0
Doctor,17.0,"The Last One, Part I & II","Well, you don't have that much time to relax. The other one will be along in a minute.",121.0,10.0
Monica,17.0,"The Last One, Part I & II","I... I'm sorry, who should be along in a what now?",122.0,10.0
Doctor,17.0,"The Last One, Part I & II",The next baby should be along in a minute.,123.0,10.0
Monica,17.0,"The Last One, Part I & II",We only ordered one!,124.0,10.0
Doctor,17.0,"The Last One, Part I & II","You know it's twins, right?",125.0,10.0
Chandler,17.0,"The Last One, Part I & II","Oh, yeah! These are the faces of two people in the know!",126.0,10.0
Doctor,17.0,"The Last One, Part I & II",I can't believe you didn't know it's twins! This has never happened before.,128.0,10.0
Chandler,17.0,"The Last One, Part I & II","Well, gosh. That makes me feel so special and good.",129.0,10.0
Monica,17.0,"The Last One, Part I & II","(to the doctor) Wait, did you know it was twins?",130.0,10.0
Doctor,17.0,"The Last One, Part I & II","Yeah, it's here in the paperwork we got from the clinic in Ohio.",131.0,10.0
Monica,17.0,"The Last One, Part I & II",(to Erica) Anybody tell you?,132.0,10.0
Erica,17.0,"The Last One, Part I & II","I don't think so. Although, they did mention something about two heartbeats. But I thought that was just mine and the baby's. They kept saying both heartbeats are really strong, and I thought well, that's good 'cause I'm having a baby.",133.0,10.0
Monica,17.0,"The Last One, Part I & II",This is unbelievable.,134.0,10.0
Erica,17.0,"The Last One, Part I & II",Twins actually run in my family.,135.0,10.0
Chandler,17.0,"The Last One, Part I & II",Interesting! (To Monica) Can I see you for a second?,136.0,10.0
Chandler,17.0,"The Last One, Part I & II",What do we do?,137.0,10.0
Monica,17.0,"The Last One, Part I & II","What do you mean ""what do we do""?",138.0,10.0
Chandler,17.0,"The Last One, Part I & II",(panicking) Twins! Twins!!,139.0,10.0
Monica,17.0,"The Last One, Part I & II","Chandler, you're panicking!",140.0,10.0
Chandler,17.0,"The Last One, Part I & II","Uh-huh! Join me, won't you?! Okay, what do you say we keep one, and then just like have an option on the other one?",141.0,10.0
Monica,17.0,"The Last One, Part I & II",We can't split them up!,142.0,10.0
Chandler,17.0,"The Last One, Part I & II","Why not? We could give each of them half a medallion, and then years later, they'll find each other and be reunited. I mean, that's a great day for everybody.",143.0,10.0
Monica,17.0,"The Last One, Part I & II","Okay, what if the person who adopts the other one is horrible?",144.0,10.0
Chandler,17.0,"The Last One, Part I & II",What if they're not? What if it's adopted by a king?,145.0,10.0
Monica,17.0,"The Last One, Part I & II","Yeah, because I hear the king is looking to adopt.",146.0,10.0
Chandler,17.0,"The Last One, Part I & II","Monica, we are not ready to have two babies!",147.0,10.0
Monica,17.0,"The Last One, Part I & II","That doesn't matter! We have waited so long for this. I don't care if it's two babies. I don't care if it's three babies! I don't care if the entire cast of ""Eight is Enough"" comes out of there! We are taking them home, because they are our children!",148.0,10.0
Chandler,17.0,"The Last One, Part I & II",(smiles) Okay. Shhh...,149.0,10.0
Chandler,17.0,"The Last One, Part I & II",Okay.,150.0,10.0
Monica,17.0,"The Last One, Part I & II",Okay!,151.0,10.0
Chandler,17.0,"The Last One, Part I & II",Okay!,152.0,10.0
Doctor,17.0,"The Last One, Part I & II",It looks like we're about ready over here.,153.0,10.0
Doctor,17.0,"The Last One, Part I & II","Come on, Erica, start pushing again now.",154.0,10.0
Erica,17.0,"The Last One, Part I & II",Ow!,155.0,10.0
Doctor,17.0,"The Last One, Part I & II",Here she comes!,156.0,10.0
Chandler,17.0,"The Last One, Part I & II",(shocked) She? It's a girl?,157.0,10.0
Doctor,17.0,"The Last One, Part I & II",Yeah.,158.0,10.0
Chandler,17.0,"The Last One, Part I & II","(To Monica) Well, now we have one of each! (To the doctor) And that's enough!",159.0,10.0
Ross,17.0,"The Last One, Part I & II",And then she said it was the perfect way to say goodbye.,160.0,10.0
Joey,17.0,"The Last One, Part I & II",Oh my God! What did you say?,161.0,10.0
Ross,17.0,"The Last One, Part I & II",Nothing! What do you say to that?,162.0,10.0
Phoebe,17.0,"The Last One, Part I & II","Ross, you've got to tell her how you feel!",163.0,10.0
Ross,17.0,"The Last One, Part I & II",No way!,164.0,10.0
Joey,17.0,"The Last One, Part I & II",You can't just give up! Is that what a dinosaur would do?,165.0,10.0
Ross,17.0,"The Last One, Part I & II",What?,166.0,10.0
Joey,17.0,"The Last One, Part I & II","Dude, I'm just trying to speak your language.",167.0,10.0
Phoebe,17.0,"The Last One, Part I & II","Ross, Rachel doesn't know that you wanna get back together. If she did, she might feel differently. She might not even go.",168.0,10.0
Ross,17.0,"The Last One, Part I & II",You really think so?,169.0,10.0
Phoebe,17.0,"The Last One, Part I & II","I'm telling you! Oh, okay! This is the part of the musical where there'd be a really good convincing song. (Singing) ""Bam-bam, don't take no for an answer. Bam-bam, don't let love fly away. Bam-bam-bam-bam...""",170.0,10.0
Rachel,17.0,"The Last One, Part I & II",Hi!,171.0,10.0
Phoebe,17.0,"The Last One, Part I & II",Can't a girl finish a song around here?,172.0,10.0
Joey,17.0,"The Last One, Part I & II",Hey!,173.0,10.0
Rachel,17.0,"The Last One, Part I & II",Hi! So I just dropped Emma off at my mom's.,174.0,10.0
Ross,17.0,"The Last One, Part I & II",Okay.,175.0,10.0
Joey,17.0,"The Last One, Part I & II","Oh, you're not taking her with you tonight?",176.0,10.0
Rachel,17.0,"The Last One, Part I & II","No, we decided that I would go ahead and set up first, and then my mom would bring Emma to Paris on Sunday.",177.0,10.0
Phoebe,17.0,"The Last One, Part I & II","Wow, eight hour flight with a one-year old? Good luck, mom.",178.0,10.0
Rachel,17.0,"The Last One, Part I & II","Are you kidding? Eight hours with my mother talking about Atkins? Good luck, Emma!",179.0,10.0
Ross,17.0,"The Last One, Part I & II","Alright, you know what? You're right. I should at least tell her how I feel.",180.0,10.0
Joey,17.0,"The Last One, Part I & II","Ross, wait!",181.0,10.0
Ross,17.0,"The Last One, Part I & II",What? What?,182.0,10.0
Joey,17.0,"The Last One, Part I & II",Could you get me a muffin?,183.0,10.0
Gunther,17.0,"The Last One, Part I & II",Rachel?,184.0,10.0
Rachel,17.0,"The Last One, Part I & II",Yeah?,185.0,10.0
Gunther,17.0,"The Last One, Part I & II","I... I know you're leaving tonight, but I just have to tell you. I love you.",186.0,10.0
Gunther,17.0,"The Last One, Part I & II","I... I don't know if that changes your plans at all, but I thought you should know.",187.0,10.0
Rachel,17.0,"The Last One, Part I & II","(touched) Gunther... Oh... I love you too. Probably not in the same way, but I do. And, and when I'm in a café, having coffee, or I see a man with hair brighter than the sun, I'll think of you. Aw.",188.0,10.0
Rachel,17.0,"The Last One, Part I & II",Oh... Bye guys.,189.0,10.0
Ross,17.0,"The Last One, Part I & II",Oh my God!,190.0,10.0
Phoebe,17.0,"The Last One, Part I & II",Unbelievable!,191.0,10.0
Joey,17.0,"The Last One, Part I & II","Hey, you know what might help?",192.0,10.0
Ross,17.0,"The Last One, Part I & II",I'm not getting you a muffin!,193.0,10.0
Monica,17.0,"The Last One, Part I & II",Do you think they recognize each other from in there?,194.0,10.0
Chandler,17.0,"The Last One, Part I & II","Maybe. Unless they're like two people who have lived in apartments next to each other for years, and then one day they're pushed through a vagina and they meet.",195.0,10.0
Nurse,17.0,"The Last One, Part I & II",We're going to take Erica to recovery now.,196.0,10.0
Monica,17.0,"The Last One, Part I & II",There's something that we wanna tell you. We decided to name the girl-baby Erica.,197.0,10.0
Erica,17.0,"The Last One, Part I & II","Oh my God, that's just like my name!",198.0,10.0
Monica,17.0,"The Last One, Part I & II","Son of a gun, it is!",199.0,10.0
Erica,17.0,"The Last One, Part I & II","Anyway, I'm gonna go and get some rest. I'm really glad I picked you guys. You're gonna make great parents. Even Chandler.",200.0,10.0
Monica,17.0,"The Last One, Part I & II","Okay, well, bye!",201.0,10.0
Erica,17.0,"The Last One, Part I & II",Bye!,202.0,10.0
Chandler,17.0,"The Last One, Part I & II",Bye!,203.0,10.0
Monica,17.0,"The Last One, Part I & II",We'll call you!,204.0,10.0
Erica,17.0,"The Last One, Part I & II",Okay.,205.0,10.0
Chandler,17.0,"The Last One, Part I & II",Have fun at church-camp!,206.0,10.0
Monica,17.0,"The Last One, Part I & II","Oh, look at these little bunnies!",207.0,10.0
Chandler,17.0,"The Last One, Part I & II",I know! You ready to trade?,208.0,10.0
Monica,17.0,"The Last One, Part I & II",Okay.,209.0,10.0
Chandler,17.0,"The Last One, Part I & II",Okay.,210.0,10.0
Monica,17.0,"The Last One, Part I & II","Alright, let's see..",211.0,10.0
Chandler,17.0,"The Last One, Part I & II",We could trade later.,212.0,10.0
Monica,17.0,"The Last One, Part I & II","Yeah, I'm good.",213.0,10.0
Phoebe,17.0,"The Last One, Part I & II","Hey, what are you working on?",214.0,10.0
Joey,17.0,"The Last One, Part I & II","It's a... It's a ""welcome home"" sign for the baby.",215.0,10.0
Phoebe,17.0,"The Last One, Part I & II","How sweet! Oh, is that the baby?",216.0,10.0
Joey,17.0,"The Last One, Part I & II","No, I sat in the paint.",217.0,10.0
Ross,17.0,"The Last One, Part I & II",Hey.,218.0,10.0
Phoebe,17.0,"The Last One, Part I & II","Hey. So, did you talk to Rachel?",219.0,10.0
Ross,17.0,"The Last One, Part I & II","No, and I'm not going to.",220.0,10.0
Phoebe,17.0,"The Last One, Part I & II",What?,221.0,10.0
Joey,17.0,"The Last One, Part I & II",Why not?,222.0,10.0
Ross,17.0,"The Last One, Part I & II",Because she's just going to shoot me down. You guys saw what happened with Gunther. That did not look like fun.,223.0,10.0
Phoebe,17.0,"The Last One, Part I & II","How can you compare yourself to Gunther? I mean, sure, he's sexy in a more obvious way. You have a relationship with her, you slept together last night.",224.0,10.0
Ross,17.0,"The Last One, Part I & II","Yeah, and she still wants to go! It's pretty clear where she is.",225.0,10.0
Joey,17.0,"The Last One, Part I & II","Yeah, I know what you mean. I mean, sometimes...",226.0,10.0
Phoebe,17.0,"The Last One, Part I & II","Uh, Joe?",227.0,10.0
Joey,17.0,"The Last One, Part I & II",Damn it!,228.0,10.0
Ross,17.0,"The Last One, Part I & II","Look, even if I were gonna tell her, I don't have to do it now. Okay? I'll be seeing her again. We've got time.",229.0,10.0
Phoebe,17.0,"The Last One, Part I & II","No, you don't! She's going to Paris! She is going to meet somebody. Do you know how many hot guys there are in Paris? It's... It's a city of Gunthers!",230.0,10.0
Mike,17.0,"The Last One, Part I & II",Hey!,231.0,10.0
Phoebe,17.0,"The Last One, Part I & II",Hey! What do you have there?,232.0,10.0
Mike,17.0,"The Last One, Part I & II","Oh, I made a little something. If I had more time to work on it, it'd be better, but..",233.0,10.0
Ross,17.0,"The Last One, Part I & II",Oh my God! You did that yourself?,234.0,10.0
Phoebe,17.0,"The Last One, Part I & II","Honey, that's gorgeous!",235.0,10.0
Joey,17.0,"The Last One, Part I & II","You know, the baby can't read, Mike!",236.0,10.0
Rachel,17.0,"The Last One, Part I & II","Hi! You guys, the car-service just got here. I can't believe they're not home yet! I have to catch my stupid plane. I wanna see the baby!",237.0,10.0
Joey,17.0,"The Last One, Part I & II","Monica just called from the cab. She said they should be here any minute. And apparently, there's some big surprise.",238.0,10.0
Phoebe,17.0,"The Last One, Part I & II","Yeah, did she sound happy about it? 'Cause my friend Ethel's baby was born with a teeny, tiny beard.",239.0,10.0
Rachel,17.0,"The Last One, Part I & II",Oh my God!,240.0,10.0
Ross,17.0,"The Last One, Part I & II",Oh my God!,241.0,10.0
Rachel,17.0,"The Last One, Part I & II",Hi! Oh my gosh!,242.0,10.0
Chandler,17.0,"The Last One, Part I & II",Hey.,243.0,10.0
"Phoebe, Ross, Rachel",17.0,"The Last One, Part I & II",Hey.,244.0,10.0
Joey,17.0,"The Last One, Part I & II","(To Monica) Hey, so what is the big surprise?",245.0,10.0
Rachel,17.0,"The Last One, Part I & II",Oh.,246.0,10.0
Ross,17.0,"The Last One, Part I & II",Oh my God!,247.0,10.0
Rachel,17.0,"The Last One, Part I & II",What... What...,248.0,10.0
Ross,17.0,"The Last One, Part I & II","Okay, okay, awkward question. The hospital knows you took two, right?",249.0,10.0
Monica,17.0,"The Last One, Part I & II","Yes, it's twins!",250.0,10.0
Ross,17.0,"The Last One, Part I & II",Oh my God.,251.0,10.0
Joey,17.0,"The Last One, Part I & II","Oh, they're so cute! Now, what, what kinds are they?",252.0,10.0
Monica,17.0,"The Last One, Part I & II","(points at the baby she's holding) This is a boy, (points at the baby Chandler is holding) and that's a girl.",253.0,10.0
Chandler,17.0,"The Last One, Part I & II",Her name is Erica.,254.0,10.0
Rachel,17.0,"The Last One, Part I & II",Aw..,255.0,10.0
Joey,17.0,"The Last One, Part I & II","Hey, that pregnant girl's name was Erica.",256.0,10.0
Chandler,17.0,"The Last One, Part I & II",Yeah. It's a shame you two didn't get to spend more time together.,257.0,10.0
Monica,17.0,"The Last One, Part I & II","Yeah, we named the boy Jack after dad.",258.0,10.0
Ross,17.0,"The Last One, Part I & II","Aw, he's gonna be so happy.",259.0,10.0
Phoebe,17.0,"The Last One, Part I & II","Oh, Jack Bing. I love that. Ooh, it sounds like a '40s newspaper guy, you know? ""Jack Bing, Morning Gazette. I'm gonna blow this story wide open!""",260.0,10.0
Rachel,17.0,"The Last One, Part I & II","Oh my gosh. Wow, so beautiful.",261.0,10.0
Mike,17.0,"The Last One, Part I & II",(To Phoebe) I want one.,262.0,10.0
Phoebe,17.0,"The Last One, Part I & II","Oh yeah? Well, tell me which one, and I'll try slip it in my coat.",263.0,10.0
Mike,17.0,"The Last One, Part I & II",Seriously. Wanna make one of those?,264.0,10.0
Phoebe,17.0,"The Last One, Part I & II",One? How about a whole bunch?,265.0,10.0
Mike,17.0,"The Last One, Part I & II",Really?,266.0,10.0
Phoebe,17.0,"The Last One, Part I & II","Yeah! Ooh, we could teach them to sing, and we can be like the Von Trapp family! Only without the Nazis. Although that sounds kinda dull.",267.0,10.0
Rachel,17.0,"The Last One, Part I & II","Oh, you guys, I can't believe this. But I'll leave now, or I'm gonna miss my plane.",268.0,10.0
Monica,17.0,"The Last One, Part I & II",I'm just so glad you got to see the babies.,269.0,10.0
Rachel,17.0,"The Last One, Part I & II","Me too. Oh, I'm just sorry I'm not gonna be around to watch you two attempt to handle this! Alright, I can't say goodbye to you guys again. I love you all so much.",270.0,10.0
Monica,17.0,"The Last One, Part I & II",I love you.,271.0,10.0
Chandler,17.0,"The Last One, Part I & II",I love you.,272.0,10.0
Monica,17.0,"The Last One, Part I & II",Call us when you get there.,273.0,10.0
Rachel,17.0,"The Last One, Part I & II","I will. Ross, come here.",274.0,10.0
Rachel,17.0,"The Last One, Part I & II",I just want you to know.. Last night.. I'll never forget it.,275.0,10.0
Ross,17.0,"The Last One, Part I & II",Neither will I.,276.0,10.0
Rachel,17.0,"The Last One, Part I & II","Alright, now I really have to go. Okay. Au revoir! Oh, they're gonna really hate me over there.",277.0,10.0
Phoebe,17.0,"The Last One, Part I & II","So, you just let her go?",278.0,10.0
Ross,17.0,"The Last One, Part I & II",Yeah.,279.0,10.0
Joey,17.0,"The Last One, Part I & II","Hey, maybe that's for the best.",280.0,10.0
Ross,17.0,"The Last One, Part I & II",Yeah?,281.0,10.0
Joey,17.0,"The Last One, Part I & II","Yeah. You know? You just... Look, you gotta... You gotta think about last night the way she does, okay? Maybe, maybe sleeping together was the perfect way to say goodbye?",282.0,10.0
Phoebe,17.0,"The Last One, Part I & II",But now she'll never know how he feels!,283.0,10.0
Joey,17.0,"The Last One, Part I & II","Maybe that's okay. You know? Maybe, maybe it is better this way? I mean, now, now you can move on. I mean, you've been trying to for so long, maybe now that you're on different continents.. (Looks at Phoebe) Right?",284.0,10.0
Joey,17.0,"The Last One, Part I & II",Maybe now you can actually do it. You know? You can finally get over her.,285.0,10.0
Ross,17.0,"The Last One, Part I & II","Yeah, that's true. Except I don't wanna get over her.",286.0,10.0
Joey,17.0,"The Last One, Part I & II",What?,287.0,10.0
Ross,17.0,"The Last One, Part I & II",I don't! I wanna be with her.,288.0,10.0
Joey,17.0,"The Last One, Part I & II",Really?,289.0,10.0
Ross,17.0,"The Last One, Part I & II","Yeah, I'm gonna go after her.",290.0,10.0
Joey,17.0,"The Last One, Part I & II","Yeah, you are!",291.0,10.0
Phoebe,17.0,"The Last One, Part I & II",Woo!,292.0,10.0
Phoebe,17.0,"The Last One, Part I & II","Wait, wait! Get your coat! Get your coat!",293.0,10.0
Ross,17.0,"The Last One, Part I & II",My coat...,294.0,10.0
Joey,17.0,"The Last One, Part I & II",This is so cool!,295.0,10.0
Chandler,17.0,"The Last One, Part I & II","I have no idea what's going on, but I am excited!",296.0,10.0
Joey,17.0,"The Last One, Part I & II","But Ross, Ross. What do you, what do you think she's going to say?",297.0,10.0
Ross,17.0,"The Last One, Part I & II","I don't know, but I.. Look, even if she shoots me down, at least I won't spend the rest of my life wondering what would have happened. Where - where is my coat?!",298.0,10.0
Phoebe,17.0,"The Last One, Part I & II","You didn't bring one! My cab's downstairs, I'll drive you to the airport.",299.0,10.0
Ross,17.0,"The Last One, Part I & II","Okay, guys, wish me luck.",300.0,10.0
Phoebe,17.0,"The Last One, Part I & II",Hurry!,301.0,10.0
Joey,17.0,"The Last One, Part I & II","Good luck, good luck!",302.0,10.0
Ross,17.0,"The Last One, Part I & II",There's no seatbelt!,303.0,10.0
Phoebe,17.0,"The Last One, Part I & II","That's okay. If - if we hit anything, the engine will explode, so you know, it's better if you're thrown from the car.",304.0,10.0
Ross,17.0,"The Last One, Part I & II","Alright, alright, let's do this!",305.0,10.0
Phoebe,17.0,"The Last One, Part I & II",Okay!,306.0,10.0
Ross,17.0,"The Last One, Part I & II",Hey!,307.0,10.0
Man,17.0,"The Last One, Part I & II",18th and East End.,308.0,10.0
Phoebe,17.0,"The Last One, Part I & II",I - I don't take passengers.,309.0,10.0
Man,17.0,"The Last One, Part I & II",Hey! The law says you have to accept any fare.,310.0,10.0
Ross,17.0,"The Last One, Part I & II","No, you don't understand. This isn't a real cab.",311.0,10.0
Man,17.0,"The Last One, Part I & II","Alright, I gotta report you. What's your medallion number?",312.0,10.0
Phoebe,17.0,"The Last One, Part I & II","My medallion number is, ""Get out of the cab!""",313.0,10.0
Man,17.0,"The Last One, Part I & II",What?,314.0,10.0
Ross,17.0,"The Last One, Part I & II",(screaming) Get out of the cab!,315.0,10.0
Phoebe,17.0,"The Last One, Part I & II",Get out of the cab!,316.0,10.0
Joey,17.0,"The Last One, Part I & II","Oh, hey, hey, can I give you guys your house-warming present now?",317.0,10.0
Monica,17.0,"The Last One, Part I & II","Now, that you can do.",318.0,10.0
Joey,17.0,"The Last One, Part I & II",Alright!,319.0,10.0
Joey,17.0,"The Last One, Part I & II",Ah... Chick Jr.? Duck Jr.? Don't hide from mama!,320.0,10.0
Phoebe,17.0,"The Last One, Part I & II",You can open your eyes now.,321.0,10.0
Ross,17.0,"The Last One, Part I & II",Are we off the bridge?,322.0,10.0
Phoebe,17.0,"The Last One, Part I & II",Yes.,323.0,10.0
Ross,17.0,"The Last One, Part I & II",Is the old woman on the bicycle still alive?,324.0,10.0
Phoebe,17.0,"The Last One, Part I & II","Yes, she jumped right back up.",325.0,10.0
Ross,17.0,"The Last One, Part I & II","Oh my God, Phoebe, slow down!",326.0,10.0
Phoebe,17.0,"The Last One, Part I & II",Do you wanna get to Rachel in time?,327.0,10.0
Ross,17.0,"The Last One, Part I & II","Yes, but I don't wanna die in your cab!",328.0,10.0
Phoebe,17.0,"The Last One, Part I & II",You should have thought of that before you got in!,329.0,10.0
Phoebe,17.0,"The Last One, Part I & II",Toll-booth.,330.0,10.0
Ross,17.0,"The Last One, Part I & II",What?,331.0,10.0
Phoebe,17.0,"The Last One, Part I & II",(screaming) Toll-booth! Four bucks. There are quarters in the glove compartment.,332.0,10.0
Phoebe,17.0,"The Last One, Part I & II",Hurry!,333.0,10.0
Ross,17.0,"The Last One, Part I & II",Okay!,334.0,10.0
Phoebe,17.0,"The Last One, Part I & II",Okay.,335.0,10.0
Phoebe,17.0,"The Last One, Part I & II","Damn, that window is clean.",336.0,10.0
Joey,17.0,"The Last One, Part I & II","Quack, quack, tweet, tweet, quack, quack, tweet, tweet, quack, quack, tweet, tweet, quack, quack, tweet, tweet, quack, tweet, quack...",337.0,10.0
Chandler,17.0,"The Last One, Part I & II","We were wondering what was taking so long with the gift, but now we understand you were doing this.",338.0,10.0
Joey,17.0,"The Last One, Part I & II","Okay, I wanted to surprise you, but for your house-warming gift, I got you a baby-chick and a baby-duck!",339.0,10.0
Chandler,17.0,"The Last One, Part I & II",Really? You got us a chick and a duck?,340.0,10.0
Monica,17.0,"The Last One, Part I & II","Oh, great! Just what you want for a new house with infants. Bird feces.",341.0,10.0
Joey,17.0,"The Last One, Part I & II","Yeah, yeah, they must have jumped off the table, 'cause now they're gone!",342.0,10.0
Chandler,17.0,"The Last One, Part I & II","Oh, don't worry, we'll find them.",343.0,10.0
Monica,17.0,"The Last One, Part I & II","Actually, I'm gonna go check on the twins.",344.0,10.0
Chandler,17.0,"The Last One, Part I & II",Alright.,345.0,10.0
Monica,17.0,"The Last One, Part I & II",Oh God! What did I just step on?,346.0,10.0
Joey,17.0,"The Last One, Part I & II",Oh!,347.0,10.0
Chandler,17.0,"The Last One, Part I & II","It's okay, it's just an egg roll.",348.0,10.0
Monica,17.0,"The Last One, Part I & II",Oh..,349.0,10.0
Joey,17.0,"The Last One, Part I & II",You stepped on my egg roll?,350.0,10.0
Monica,17.0,"The Last One, Part I & II","I'm sorry, I didn't know to look for Chinese food on the floor.",351.0,10.0
Joey,17.0,"The Last One, Part I & II",Just put it on a plate and leave.,352.0,10.0
Chandler,17.0,"The Last One, Part I & II","Okay, let's find these birds.",353.0,10.0
Joey,17.0,"The Last One, Part I & II",Alright.,354.0,10.0
Joey,17.0,"The Last One, Part I & II","Wait, wait. Do you hear that?",355.0,10.0
Joey,17.0,"The Last One, Part I & II",Oh! They're in the table!,356.0,10.0
Chandler,17.0,"The Last One, Part I & II","Well, that can't be good!",357.0,10.0
Joey,17.0,"The Last One, Part I & II",We gotta get them out of there!,358.0,10.0
Chandler,17.0,"The Last One, Part I & II",How?,359.0,10.0
Joey,17.0,"The Last One, Part I & II","Oh, oh! Maybe we can lure them out. You know any birdcalls?",360.0,10.0
Chandler,17.0,"The Last One, Part I & II","Oh, tons, I'm quite the woodsman.",361.0,10.0
Joey,17.0,"The Last One, Part I & II","Well, maybe we can just tip the table a little.",362.0,10.0
Chandler,17.0,"The Last One, Part I & II","Joey, wait! The ball!",363.0,10.0
Joey,17.0,"The Last One, Part I & II",Oh!,364.0,10.0
Joey,17.0,"The Last One, Part I & II",Oh God! So what do we do?,365.0,10.0
Chandler,17.0,"The Last One, Part I & II",I don't know. Maybe we can open this up somehow.,366.0,10.0
Joey,17.0,"The Last One, Part I & II",Okay.,367.0,10.0
Chandler,17.0,"The Last One, Part I & II",No... It's all glued together.,368.0,10.0
Joey,17.0,"The Last One, Part I & II",Does that mean we have to bust it open?,369.0,10.0
Chandler,17.0,"The Last One, Part I & II",I don't know. Maybe.,370.0,10.0
Joey,17.0,"The Last One, Part I & II",Oh my God!,371.0,10.0
Chandler,17.0,"The Last One, Part I & II",I know! It's.. It's the foosball table.,372.0,10.0
Joey,17.0,"The Last One, Part I & II","All right, you know what? We don't have a choice. It's like I would have said in that sci-fi movie if I'd gotten the part. ""Those are our men in there, we have to get them out! Even if I have to sacrifice the most important thing in my life; my time-machine.""",373.0,10.0
Chandler,17.0,"The Last One, Part I & II",Did that movie ever get made?,374.0,10.0
Joey,17.0,"The Last One, Part I & II",It did not.,375.0,10.0
Phoebe,17.0,"The Last One, Part I & II","Ross, where are you going?",376.0,10.0
Ross,17.0,"The Last One, Part I & II","To talk to Rachel, isn't that why we took a ride in the death-cab?",377.0,10.0
Phoebe,17.0,"The Last One, Part I & II",What? What are you just gonna walk up to her at the gate? Have you never chased anyone through the airport before?,378.0,10.0
Ross,17.0,"The Last One, Part I & II",Not since my cop-show got cancelled.,379.0,10.0
Phoebe,17.0,"The Last One, Part I & II",You have to get a ticket to get past security.,380.0,10.0
Ross,17.0,"The Last One, Part I & II",What? We're never gonna make it!,381.0,10.0
Phoebe,17.0,"The Last One, Part I & II","Not with that attitude! Now, haul ass!",382.0,10.0
Ross,17.0,"The Last One, Part I & II","Okay, if you could all walk slower, that'd be great.",383.0,10.0
Gate attendant #1,17.0,"The Last One, Part I & II","(with a French accent) Madame, your passport please?",384.0,10.0
Rachel,17.0,"The Last One, Part I & II","Oh my God! I was so afraid I wasn't gonna remember any of my high-school French, but I understood every word you just said!",385.0,10.0
Gate attendant #1,17.0,"The Last One, Part I & II","Your boarding pass, please.",386.0,10.0
Rachel,17.0,"The Last One, Part I & II",Oh.,387.0,10.0
Rachel,17.0,"The Last One, Part I & II","Oh, shoot. I had it. Oh, I can't believe this.",388.0,10.0
Gate attendant #1,17.0,"The Last One, Part I & II","Madame, if you don't have your boarding pass...",389.0,10.0
Rachel,17.0,"The Last One, Part I & II","I have it, I have it, I have it. Oh, okay, I can't find it, but I remember that I was in seat 32C, because that's my bra-size.",390.0,10.0
Gate attendant #1,17.0,"The Last One, Part I & II","Madame, you must have your boarding pass..",391.0,10.0
Rachel,17.0,"The Last One, Part I & II","Okay, fine! But you know what? If I was in 36D, we would not be having this problem.",392.0,10.0
Ross,17.0,"The Last One, Part I & II","Hey, I need a ticket.",393.0,10.0
Phoebe,17.0,"The Last One, Part I & II","Just one? I drive you all the way down here, and I don't get to see how it works out?",394.0,10.0
Ross,17.0,"The Last One, Part I & II","Fine, two tickets, I need two tickets.",395.0,10.0
Phoebe,17.0,"The Last One, Part I & II",We're on our honeymoon.,396.0,10.0
Ticket agent,17.0,"The Last One, Part I & II",And the destination?,397.0,10.0
Ross,17.0,"The Last One, Part I & II",I don't care. Whatever is the cheapest.,398.0,10.0
Phoebe,17.0,"The Last One, Part I & II",I'm so lucky I married you.,399.0,10.0
Rachel,17.0,"The Last One, Part I & II",Oh! Shoot! Damn it! Where is it? Oh! Oh! I found it! I found it!,400.0,10.0
Rachel,17.0,"The Last One, Part I & II",Hah! I found it! I told you I would find it! In your face! You're a different person.,401.0,10.0
Ross,17.0,"The Last One, Part I & II","Okay, flight 421 to Paris. I don't see it, do you see it?",402.0,10.0
Phoebe,17.0,"The Last One, Part I & II","No, did we miss it?",403.0,10.0
Ross,17.0,"The Last One, Part I & II","No, no, no. That's impossible. It doesn't leave for another 20 minutes.",404.0,10.0
Phoebe,17.0,"The Last One, Part I & II",Maybe we have the flight-number wrong. God.,405.0,10.0
Monica,17.0,"The Last One, Part I & II",Hello.,406.0,10.0
Phoebe,17.0,"The Last One, Part I & II","Hey, it's me. Here's Ross.",407.0,10.0
Ross,17.0,"The Last One, Part I & II","What? Hey, hey, listen..",408.0,10.0
Monica,17.0,"The Last One, Part I & II","Oh my God! Ross, you wouldn't believe the cute little noises the twins are making. Listen.",409.0,10.0
Ross,17.0,"The Last One, Part I & II","Monica? Monica, Monica, Monica, Monica..?",410.0,10.0
Monica,17.0,"The Last One, Part I & II","Oh, I'm sorry. Shoot, they were doing it before.",411.0,10.0
Ross,17.0,"The Last One, Part I & II","That's alright. Listen, listen.",412.0,10.0
Monica,17.0,"The Last One, Part I & II","Oh, wait, wait, wait! Here they go again.",413.0,10.0
Ross,17.0,"The Last One, Part I & II","Monica? Monica, Monica, Monica, Monica..?",414.0,10.0
Monica,17.0,"The Last One, Part I & II",Isn't that cute?,415.0,10.0
Ross,17.0,"The Last One, Part I & II",That is precious! Listen! I need Rachel's flight information.,416.0,10.0
Monica,17.0,"The Last One, Part I & II","Oh, okay. Alright, it's flight 421. Leaves at 8:40.",417.0,10.0
Ross,17.0,"The Last One, Part I & II","Yes, that's what I have. It's not on the board.",418.0,10.0
Monica,17.0,"The Last One, Part I & II","That's what it says here. Flight 421, leaves at 8:40, Newark airport.",419.0,10.0
Ross,17.0,"The Last One, Part I & II",What?,420.0,10.0
Monica,17.0,"The Last One, Part I & II","Newark airport. Why, where are you?",421.0,10.0
Ross,17.0,"The Last One, Part I & II",JFK.,422.0,10.0
Joey,17.0,"The Last One, Part I & II","(yelling) Don't worry, you guys, we're gonna get you out of there.",423.0,10.0
Chandler,17.0,"The Last One, Part I & II","And we're also gonna buy you tiny, bird hearing-aids.",424.0,10.0
Joey,17.0,"The Last One, Part I & II",Okay. Here goes.,425.0,10.0
Chandler,17.0,"The Last One, Part I & II",What's the matter?,426.0,10.0
Joey,17.0,"The Last One, Part I & II",I need to say goodbye to the table first.,427.0,10.0
Chandler,17.0,"The Last One, Part I & II",I understand.,428.0,10.0
Joey,17.0,"The Last One, Part I & II","Okay. Table, you have given us so many great times. And you guys, Jordan, Victor, Joel... All of you guys. What can I say? You guys make us look good. You wanna say anything?",429.0,10.0
Chandler,17.0,"The Last One, Part I & II","I don't know. Except that, for one last time... (he touches the players as he says the following) Good game, good game, good game, good game, good game, good game, good game.",430.0,10.0
Joey,17.0,"The Last One, Part I & II","Okay, here we go. I can't do it.",431.0,10.0
Chandler,17.0,"The Last One, Part I & II","Well, I can't do it either.",432.0,10.0
Monica,17.0,"The Last One, Part I & II",Hey! Did you find them?,433.0,10.0
Joey,17.0,"The Last One, Part I & II","Yeah, they're stuck inside the table!",434.0,10.0
Chandler,17.0,"The Last One, Part I & II","We have to bust it open, but neither of us can do it!",435.0,10.0
Monica,17.0,"The Last One, Part I & II","Oh, well sure. This gotta be so hard. I'll do it. Gimme!",436.0,10.0
Ross,17.0,"The Last One, Part I & II","Phoebe! Wow! No, no, no!",437.0,10.0
Phoebe,17.0,"The Last One, Part I & II","Well, I've never gone this fast before.",438.0,10.0
Ross,17.0,"The Last One, Part I & II","Phoebe, forget it, okay? Newark is - is like an hour away. There's no way we're gonna make it in time.",439.0,10.0
Phoebe,17.0,"The Last One, Part I & II","She's got her cell, you could call her.",440.0,10.0
Ross,17.0,"The Last One, Part I & II",I am not doing this over the phone.,441.0,10.0
Phoebe,17.0,"The Last One, Part I & II",You don't have any other choice!,442.0,10.0
Rachel,17.0,"The Last One, Part I & II",Hello?,443.0,10.0
Phoebe,17.0,"The Last One, Part I & II","Rachel? Oh, good. Hey, by the way, did you just get on the plane?",444.0,10.0
Rachel,17.0,"The Last One, Part I & II",Yeah.,445.0,10.0
Phoebe,17.0,"The Last One, Part I & II","(To Ross) For what it's worth, we would have caught her if we were at the right airport.",446.0,10.0
Ross,17.0,"The Last One, Part I & II",Yay.,447.0,10.0
Phoebe,17.0,"The Last One, Part I & II","Uh, Rach, hang on.",448.0,10.0
Rachel,17.0,"The Last One, Part I & II",Phoebe? Is everything okay?,449.0,10.0
Phoebe,17.0,"The Last One, Part I & II","Uhm, actually no. No, you've... You have to get off the plane.",450.0,10.0
Rachel,17.0,"The Last One, Part I & II",What? Why?,451.0,10.0
Phoebe,17.0,"The Last One, Part I & II",I have this feeling that something's wrong with it. Something is wrong with the left Philange.,452.0,10.0
Rachel,17.0,"The Last One, Part I & II","Oh, honey, I'm sure there's nothing wrong with the plane.",453.0,10.0
Rachel,17.0,"The Last One, Part I & II","Alright, look, I have to go. I love you, and I will call you the minute I get to Paris.",454.0,10.0
Passenger #1,17.0,"The Last One, Part I & II","Uhm, what was that?",455.0,10.0
Rachel,17.0,"The Last One, Part I & II","Oh, that was just my crazy friend. She told me I should get off the plane, because she had a feeling that there was something wrong with the left Philange.",456.0,10.0
Passenger #1,17.0,"The Last One, Part I & II","Okay, that doesn't sound good.",457.0,10.0
Rachel,17.0,"The Last One, Part I & II","I wouldn't worry about it. She's always coming up with stuff like this, and you know what? She's almost never right.",458.0,10.0
Passenger #1,17.0,"The Last One, Part I & II",But she is sometimes.,459.0,10.0
Rachel,17.0,"The Last One, Part I & II",Well...,460.0,10.0
Rachel,17.0,"The Last One, Part I & II","Wait, what are you doing?",461.0,10.0
Passenger #1,17.0,"The Last One, Part I & II","Well, I can't take this plane now.",462.0,10.0
Air stewardess,17.0,"The Last One, Part I & II","Excuse me, sir, where are you going?",463.0,10.0
Passenger #1,17.0,"The Last One, Part I & II","I have to get off this plane, okay? Her friend has a feeling something's wrong with the left Philange.",464.0,10.0
Rachel,17.0,"The Last One, Part I & II",Could I get some peanuts?,465.0,10.0
Passenger #2,17.0,"The Last One, Part I & II",What's wrong with the plane?,466.0,10.0
Air stewardess,17.0,"The Last One, Part I & II",There's nothing wrong with the plane.,467.0,10.0
Passenger #1,17.0,"The Last One, Part I & II",Yeah! The left Philange!,468.0,10.0
Air stewardess,17.0,"The Last One, Part I & II",There is no Philange!,469.0,10.0
Passenger #1,17.0,"The Last One, Part I & II",Oh my God. This plane doesn't even have a Philange!,470.0,10.0
Passenger #2,17.0,"The Last One, Part I & II",I'm not flying on it!,471.0,10.0
Air stewardess,17.0,"The Last One, Part I & II","Ma'am, please sit down!",472.0,10.0
Passenger #3,17.0,"The Last One, Part I & II",What's going on?,473.0,10.0
Passenger #1,17.0,"The Last One, Part I & II",We're all getting off. There is no Philange!,474.0,10.0
Rachel,17.0,"The Last One, Part I & II",This is ridiculous! I...,475.0,10.0
Rachel,17.0,"The Last One, Part I & II","Yeah, okay.",476.0,10.0
Monica,17.0,"The Last One, Part I & II",Alright. My job here is done.,477.0,10.0
Chandler,17.0,"The Last One, Part I & II",That was... Impressive.,478.0,10.0
Joey,17.0,"The Last One, Part I & II","Yeah, you didn't even use the tools for most of it!",479.0,10.0
Monica,17.0,"The Last One, Part I & II","Yeah, they were just slowing me down. Alright, I have to get back to the babies. I'll see you girls later.",480.0,10.0
Chandler,17.0,"The Last One, Part I & II","Sorry about the table, man.",481.0,10.0
Joey,17.0,"The Last One, Part I & II",Yeah.,482.0,10.0
Chandler,17.0,"The Last One, Part I & II",You gonna buy a new one?,483.0,10.0
Joey,17.0,"The Last One, Part I & II",Probably not. Nah. I don't know how much I'm gonna wanna play after you go.,484.0,10.0
Chandler,17.0,"The Last One, Part I & II","Well, at least we got these little guys out.",485.0,10.0
Joey,17.0,"The Last One, Part I & II",Yeah.,486.0,10.0
Chandler,17.0,"The Last One, Part I & II","Aww, we were worried about you! Hm. I guess I better get used to things crapping in my hand, huh?",487.0,10.0
Joey,17.0,"The Last One, Part I & II",I'm gonna miss these little guys. It was nice having birds around again.,488.0,10.0
Chandler,17.0,"The Last One, Part I & II","Hey, you know what? Maybe we should keep them here with you.",489.0,10.0
Joey,17.0,"The Last One, Part I & II",What?,490.0,10.0
Chandler,17.0,"The Last One, Part I & II","Yeah, I mean we've got a lot going on right now. And, plus, here they'd have their own room.",491.0,10.0
Joey,17.0,"The Last One, Part I & II",I could get a goose!,492.0,10.0
Chandler,17.0,"The Last One, Part I & II","You know, I - I think you're set with the poultry.",493.0,10.0
Joey,17.0,"The Last One, Part I & II","Thanks man. Did you hear that, you guys? You're gonna get to stay here! And, and it's good, you know, 'cause, 'cause now you have a reason to come visit.",494.0,10.0
Chandler,17.0,"The Last One, Part I & II","I think there may be another reason. So, awkward hug or lame cool guy handshake?",495.0,10.0
Joey,17.0,"The Last One, Part I & II","Uh, lame cool guy handshake, yeah.",496.0,10.0
Gate attendant #2,17.0,"The Last One, Part I & II","Ma'am, I assure you, the plane is fine.",497.0,10.0
Passenger #2,17.0,"The Last One, Part I & II",And you fixed the Philange?,498.0,10.0
Gate attendant #2,17.0,"The Last One, Part I & II","Yes, the Philange is fixed. As a matter of fact, we put a whole lot of extra Philanges onboard, just in case.",499.0,10.0
Ross,17.0,"The Last One, Part I & II",Where is she?,500.0,10.0
Phoebe,17.0,"The Last One, Part I & II",I don't see her.,501.0,10.0
Ross,17.0,"The Last One, Part I & II",Rachel! Rachel Green!,502.0,10.0
Phoebe,17.0,"The Last One, Part I & II",There she is!,503.0,10.0
Ross,17.0,"The Last One, Part I & II",Rachel! Rachel!,504.0,10.0
Gate attendant #2,17.0,"The Last One, Part I & II","Wow, excuse me, sir, do you have a boarding pass?",505.0,10.0
Ross,17.0,"The Last One, Part I & II","No, no, I just have to talk to someone.",506.0,10.0
Gate attendant #2,17.0,"The Last One, Part I & II","I'm sorry, you cannot go any further without a boarding pass.",507.0,10.0
Ross,17.0,"The Last One, Part I & II","No, no, no, but...",508.0,10.0
Phoebe,17.0,"The Last One, Part I & II",(screaming) RACHEL!!,509.0,10.0
Rachel,17.0,"The Last One, Part I & II",Oh my God... What.. What are you guys doing here?,510.0,10.0
Phoebe,17.0,"The Last One, Part I & II","Okay, you're on.",511.0,10.0
Rachel,17.0,"The Last One, Part I & II","What? What? Ross, you're scaring me. What's going on?",512.0,10.0
Ross,17.0,"The Last One, Part I & II","Okay, the thing is..",513.0,10.0
Rachel,17.0,"The Last One, Part I & II",Yeah?,514.0,10.0
Ross,17.0,"The Last One, Part I & II",Don't go.,515.0,10.0
Rachel,17.0,"The Last One, Part I & II",What?,516.0,10.0
Ross,17.0,"The Last One, Part I & II","Please, please stay with me. I am so in love with you. Please, don't go.",517.0,10.0
Rachel,17.0,"The Last One, Part I & II",Oh my God.,518.0,10.0
Ross,17.0,"The Last One, Part I & II","I know, I know. I shouldn't have waited 'till now to say it, but I'm.. That was stupid, okay? I'm sorry, but I'm telling you now. I love you. Do not get on this plane.",519.0,10.0
Gate attendant #2,17.0,"The Last One, Part I & II",Miss? Are you boarding the plane?,520.0,10.0
Ross,17.0,"The Last One, Part I & II","Hey, hey. I know you love me. I know you do.",521.0,10.0
Gate attendant #2,17.0,"The Last One, Part I & II",Miss?,522.0,10.0
Rachel,17.0,"The Last One, Part I & II",I - I have to get on the plane.,523.0,10.0
Ross,17.0,"The Last One, Part I & II","No, you don't.",524.0,10.0
Rachel,17.0,"The Last One, Part I & II","Yes, I do.",525.0,10.0
Ross,17.0,"The Last One, Part I & II","No, you don't.",526.0,10.0
Rachel,17.0,"The Last One, Part I & II","They're waiting for me, Ross. I can't do this right now, I'm sorry. I'm sorry.",527.0,10.0
Ross,17.0,"The Last One, Part I & II",Rachel?,528.0,10.0
Rachel,17.0,"The Last One, Part I & II",I'm so sorry.,529.0,10.0
Ross,17.0,"The Last One, Part I & II",I really thought she'd stay.,530.0,10.0
Phoebe,17.0,"The Last One, Part I & II",I'm sorry.,531.0,10.0
Monica,17.0,"The Last One, Part I & II","Well, that's it. Everything's packed.",532.0,10.0
Chandler,17.0,"The Last One, Part I & II","Wow, this is weird.",533.0,10.0
Monica,17.0,"The Last One, Part I & II",I know.,534.0,10.0
Joey,17.0,"The Last One, Part I & II","Yeah. Uh, does this mean there's nothing to eat?",535.0,10.0
Monica,17.0,"The Last One, Part I & II",I put three lasagnas in your freezer.,536.0,10.0
Joey,17.0,"The Last One, Part I & II",I love you!,537.0,10.0
Joey,17.0,"The Last One, Part I & II",Hey!,538.0,10.0
Phoebe,17.0,"The Last One, Part I & II",Hey.,539.0,10.0
Joey,17.0,"The Last One, Part I & II",So did you guys make it in time?,540.0,10.0
Phoebe,17.0,"The Last One, Part I & II","Yeah, yeah, he talked to her, but she got on the plane anyway.",541.0,10.0
Chandler,17.0,"The Last One, Part I & II",Where's Ross?,542.0,10.0
Phoebe,17.0,"The Last One, Part I & II",He went home. He didn't want to see anybody.,543.0,10.0
Rachel,17.0,"The Last One, Part I & II","(on the answering machine) Ross, hi. It's me. I just got back on the plane. And I just feel awful. That is so not how I wanted things to end with us. It's just that I wasn't expecting to see you, and all of a sudden you're there and saying these things... And... And now I'm just sitting here and thinking of all the stuff I should have said, and I didn't. I mean, I didn't even get to tell you that I love you too. Because of course I do. I love you. I love you. I love you. What am I doing? I love you! Oh, I've gotta see you. I've gotta get off this plane.",544.0,10.0
Ross,17.0,"The Last One, Part I & II",Oh my God!,545.0,10.0
Rachel,17.0,"The Last One, Part I & II",(on the answering machine) Excuse me?,546.0,10.0
Air stewardess,17.0,"The Last One, Part I & II","(on the answering machine) Miss? Please, sit down!",547.0,10.0
Rachel,17.0,"The Last One, Part I & II","(on the answering machine) I'm sorry. I'm really sorry, but I need to get off the plane, okay? I need to tell someone that I love love them.",548.0,10.0
Air stewardess,17.0,"The Last One, Part I & II","(on the answering machine) Miss, I can't let you off the plane.",549.0,10.0
Ross,17.0,"The Last One, Part I & II",Let her off the plane!,550.0,10.0
Air stewardess,17.0,"The Last One, Part I & II",(on the answering machine) I am afraid you are gonna have to take a seat.,551.0,10.0
Rachel,17.0,"The Last One, Part I & II","(on the answering machine) Oh, please, miss, you don't understand!",552.0,10.0
Ross,17.0,"The Last One, Part I & II",Try to understand!,553.0,10.0
Rachel,17.0,"The Last One, Part I & II","(on the answering machine) Oh, come on, miss, isn't there any way that you can just let me off...",554.0,10.0
Ross,17.0,"The Last One, Part I & II",No! No! Oh my God. Did she get off the plane? Did she get off the plane?,555.0,10.0
Rachel,17.0,"The Last One, Part I & II",I got off the plane.,556.0,10.0
Ross,17.0,"The Last One, Part I & II",You got off the plane.,557.0,10.0
Rachel,17.0,"The Last One, Part I & II",I do love you.,558.0,10.0
Ross,17.0,"The Last One, Part I & II","I love you too, and I'm never letting you go again.",559.0,10.0
Rachel,17.0,"The Last One, Part I & II","Okay. 'Cause this is where I wanna be, okay? No more messing around. I don't wanna mess this up again.",560.0,10.0
Ross,17.0,"The Last One, Part I & II","Me neither, okay? We are - we're done being stupid.",561.0,10.0
Rachel,17.0,"The Last One, Part I & II","Okay. You and me, alright? This is it.",562.0,10.0
Ross,17.0,"The Last One, Part I & II",This is it. Unless we're on a break.,563.0,10.0
Ross,17.0,"The Last One, Part I & II",Don't make jokes now.,564.0,10.0
Monica,17.0,"The Last One, Part I & II","Okay, please be careful with that. It was my grandmother's. Be careful.",565.0,10.0
Monica,17.0,"The Last One, Part I & II","If that falls off the truck, it wouldn't be the worst thing.",566.0,10.0
Ross,17.0,"The Last One, Part I & II",Wow.,567.0,10.0
Rachel,17.0,"The Last One, Part I & II",I know. It seems smaller somehow.,568.0,10.0
Joey,17.0,"The Last One, Part I & II",Has it always been purple?,569.0,10.0
Chandler,17.0,"The Last One, Part I & II","(to his children) Look around, you guys. This was your first home. And it was a happy place, filled with love and laughter. But more important, because of rent control, it was a friggin' steal!",570.0,10.0
Phoebe,17.0,"The Last One, Part I & II","Hey, do you realise that at one time or another we all lived in this apartment?",571.0,10.0
Monica,17.0,"The Last One, Part I & II","Oh, yeah, that's true.",572.0,10.0
Ross,17.0,"The Last One, Part I & II","Uh, I haven't.",573.0,10.0
Monica,17.0,"The Last One, Part I & II","Wait a minute. What about that summer during college that you lived with grandma, and you tried to make it as a dancer?",574.0,10.0
Ross,17.0,"The Last One, Part I & II",Do you realise we almost made it ten years without that coming up?,575.0,10.0
Monica,17.0,"The Last One, Part I & II","Oh, honey, I forgot. I promised Treeger that we'd leave our keys.",576.0,10.0
Chandler,17.0,"The Last One, Part I & II","Oh, okay.",577.0,10.0
Phoebe,17.0,"The Last One, Part I & II","So, I guess this is it.",578.0,10.0
Joey,17.0,"The Last One, Part I & II",Yeah. I guess so.,579.0,10.0
Monica,17.0,"The Last One, Part I & II",(crying) This is harder than I thought it would be.,580.0,10.0
Chandler,17.0,"The Last One, Part I & II","Oh, it's gonna be okay.",581.0,10.0
Rachel,17.0,"The Last One, Part I & II","(crying) Do you guys have to go to the new house right away, or do you have some time?",582.0,10.0
Monica,17.0,"The Last One, Part I & II",We got some time.,583.0,10.0
Rachel,17.0,"The Last One, Part I & II","Okay, should we get some coffee?",584.0,10.0
Chandler,17.0,"The Last One, Part I & II",Sure. Where?,585.0,10.0
